{
	"credit": "Made with Blockbench",
	"parent": "item/generic_display",
	"textures": {
		"2": "items/glass_bottle_bottom",
		"3": "items/glass_bottle_top",
		"4": "items/glass_bottle_extra",
		"texture": "items/glass_bottle",
		"potion_overlay": "items/potion_overlay"
	},
	"elements": [
		{
			"name": "content",
			"from": [5.5, 7.69, 5.5],
			"to": [10.5, 8.18, 10.5],
			"faces": {
				"north": {"uv": [5.5, 8, 10.5, 8.5], "texture": "#potion_overlay", "tintindex": 0},
				"east": {"uv": [5.5, 8, 10.5, 8.5], "texture": "#potion_overlay", "tintindex": 0},
				"south": {"uv": [5.5, 8, 10.5, 8.5], "texture": "#potion_overlay", "tintindex": 0},
				"west": {"uv": [5.5, 8, 10.5, 8.5], "texture": "#potion_overlay", "tintindex": 0},
				"up": {"uv": [5.5, 8.5, 10.5, 13.5], "rotation": 180, "texture": "#potion_overlay", "tintindex": 0}
			}
		},
		{
			"name": "content",
			"from": [5, 6.69, 5],
			"to": [11, 7.68, 11],
			"faces": {
				"north": {"uv": [5, 8.5, 11, 9.5], "texture": "#potion_overlay", "tintindex": 0},
				"east": {"uv": [5, 8.5, 11, 9.5], "texture": "#potion_overlay", "tintindex": 0},
				"south": {"uv": [5, 8.5, 11, 9.5], "texture": "#potion_overlay", "tintindex": 0},
				"west": {"uv": [5, 8.5, 11, 9.5], "texture": "#potion_overlay", "tintindex": 0},
				"up": {"uv": [5, 8.5, 11, 9], "rotation": 180, "texture": "#potion_overlay", "tintindex": 0}
			}
		},
		{
			"name": "content",
			"from": [4.5, 3.21, 4.5],
			"to": [11.5, 6.69, 11.5],
			"faces": {
				"north": {"uv": [4.5, 9.5, 11.5, 13], "texture": "#potion_overlay", "tintindex": 0},
				"east": {"uv": [4.5, 9.5, 11.5, 13], "texture": "#potion_overlay", "tintindex": 0},
				"south": {"uv": [4.5, 9.5, 11.5, 13], "texture": "#potion_overlay", "tintindex": 0},
				"west": {"uv": [4.5, 9.5, 11.5, 13], "texture": "#potion_overlay", "tintindex": 0},
				"up": {"uv": [4.5, 9.5, 11.5, 10], "rotation": 180, "texture": "#potion_overlay", "tintindex": 0},
				"down": {"uv": [4.5, 12.5, 11.5, 13], "rotation": 180, "texture": "#potion_overlay", "tintindex": 0}
			}
		},
		{
			"name": "content",
			"from": [5, 2.71, 5],
			"to": [11, 3.2, 11],
			"faces": {
				"north": {"uv": [5, 13, 11, 13.5], "texture": "#potion_overlay", "tintindex": 0},
				"east": {"uv": [5, 13, 11, 13.5], "texture": "#potion_overlay", "tintindex": 0},
				"south": {"uv": [5, 13, 11, 13.5], "texture": "#potion_overlay", "tintindex": 0},
				"west": {"uv": [5, 13, 11, 13.5], "texture": "#potion_overlay", "tintindex": 0},
				"down": {"uv": [5, 13, 11, 13.5], "rotation": 180, "texture": "#potion_overlay", "tintindex": 0}
			}
		},
		{
			"name": "content",
			"from": [6, 2.21, 6],
			"to": [10, 2.7, 10],
			"faces": {
				"north": {"uv": [6, 13.5, 10, 14], "texture": "#potion_overlay", "tintindex": 0},
				"east": {"uv": [6, 13.5, 10, 14], "texture": "#potion_overlay", "tintindex": 0},
				"south": {"uv": [6, 13.5, 10, 14], "texture": "#potion_overlay", "tintindex": 0},
				"west": {"uv": [6, 13.5, 10, 14], "texture": "#potion_overlay", "tintindex": 0},
				"down": {"uv": [6, 13.5, 10, 14], "rotation": 180, "texture": "#potion_overlay", "tintindex": 0}
			}
		},
		{
			"name": "cork",
			"from": [6.5, 11.21, 6.5],
			"to": [9.5, 13.7, 9.5],
			"faces": {
				"north": {"uv": [6.5, 2.5, 9.5, 3.5], "texture": "#texture"},
				"east": {"uv": [6.5, 2.5, 7, 3.5], "texture": "#texture"},
				"south": {"uv": [6.5, 2.5, 9.5, 3.5], "rotation": 180, "texture": "#texture"},
				"west": {"uv": [9, 2.5, 9.5, 3.5], "texture": "#texture"},
				"up": {"uv": [6.5, 2.5, 9.5, 3], "rotation": 180, "texture": "#texture"},
				"down": {"uv": [9.5, 3, 6.5, 2.5], "texture": "#texture"}
			}
		},
		{
			"name": "glass",
			"from": [7, 9.7, 7],
			"to": [9, 10.7, 9],
			"faces": {
				"north": {"uv": [7, 5.5, 9, 6.5], "texture": "#texture"},
				"east": {"uv": [7, 5.5, 9, 6.5], "texture": "#texture"},
				"south": {"uv": [7, 5.5, 9, 6.5], "texture": "#texture"},
				"west": {"uv": [7, 5.5, 9, 6.5], "texture": "#texture"}
			}
		},
		{
			"name": "glass",
			"from": [6, 1.7, 6],
			"to": [10, 2.2, 10],
			"faces": {
				"north": {"uv": [6, 14, 10, 14.5], "texture": "#texture"},
				"east": {"uv": [6, 14, 10, 14.5], "texture": "#texture"},
				"south": {"uv": [6, 14, 10, 14.5], "texture": "#texture"},
				"west": {"uv": [6, 14, 10, 14.5], "texture": "#texture"},
				"down": {"uv": [6, 8, 10, 12], "rotation": 180, "texture": "#2"}
			}
		},
		{
			"name": "glass",
			"from": [6, 12.2, 6],
			"to": [10, 12.7, 10],
			"faces": {
				"north": {"uv": [6, 3.5, 10, 4], "texture": "#texture"},
				"east": {"uv": [6, 3.5, 10, 4], "texture": "#texture"},
				"south": {"uv": [6, 3.5, 10, 4], "texture": "#texture"},
				"west": {"uv": [6, 3.5, 10, 4], "texture": "#texture"},
				"up": {"uv": [4, 0, 8, 4], "rotation": 180, "texture": "#4"}
			}
		},
		{
			"name": "glass",
			"from": [6, 11.2, 6],
			"to": [10, 12.2, 10],
			"faces": {
				"north": {"uv": [0, 0, 4, 1], "texture": "#4"},
				"east": {"uv": [0, 0, 4, 1], "texture": "#4"},
				"south": {"uv": [0, 0, 4, 1], "texture": "#4"},
				"west": {"uv": [0, 0, 4, 1], "texture": "#4"},
				"down": {"uv": [8, 0, 12, 4], "rotation": 180, "texture": "#4"}
			}
		},
		{
			"name": "glass",
			"from": [6.5, 10.7, 6.5],
			"to": [9.5, 11.2, 9.5],
			"faces": {
				"north": {"uv": [6.5, 5, 9.5, 5.5], "texture": "#texture"},
				"east": {"uv": [6.5, 5, 9.5, 5.5], "texture": "#texture"},
				"south": {"uv": [6.5, 5, 9.5, 5.5], "texture": "#texture"},
				"west": {"uv": [6.5, 5, 9.5, 5.5], "texture": "#texture"},
				"up": {"uv": [6, 13, 9, 16], "rotation": 180, "texture": "#3"},
				"down": {"uv": [0.5, 1, 3.5, 4], "rotation": 180, "texture": "#4"}
			}
		},
		{
			"name": "glass",
			"from": [6.5, 9.2, 6.5],
			"to": [9.5, 9.7, 9.5],
			"faces": {
				"north": {"uv": [6.5, 6.5, 9.5, 7], "texture": "#texture"},
				"east": {"uv": [6.5, 6.5, 9.5, 7], "texture": "#texture"},
				"south": {"uv": [6.5, 6.5, 9.5, 7], "texture": "#texture"},
				"west": {"uv": [6.5, 6.5, 9.5, 7], "texture": "#texture"},
				"up": {"uv": [6, 13, 9, 16], "rotation": 180, "texture": "#3"}
			}
		},
		{
			"name": "glass",
			"from": [6, 8.7, 6],
			"to": [10, 9.2, 10],
			"faces": {
				"north": {"uv": [6, 7, 10, 7.5], "texture": "#texture"},
				"east": {"uv": [6, 7, 10, 7.5], "texture": "#texture"},
				"south": {"uv": [6, 7, 10, 7.5], "texture": "#texture"},
				"west": {"uv": [6, 7, 10, 7.5], "texture": "#texture"},
				"up": {"uv": [11, 8, 15, 12], "rotation": 180, "texture": "#3"}
			}
		},
		{
			"name": "glass",
			"from": [5.5, 8.2, 5.5],
			"to": [10.5, 8.7, 10.5],
			"faces": {
				"north": {"uv": [5.5, 7.5, 10.5, 8], "texture": "#texture"},
				"east": {"uv": [5.5, 7.5, 10.5, 8], "texture": "#texture"},
				"south": {"uv": [5.5, 7.5, 10.5, 8], "texture": "#texture"},
				"west": {"uv": [5.5, 7.5, 10.5, 8], "texture": "#texture"},
				"up": {"uv": [6, 8, 11, 13], "rotation": 180, "texture": "#3"}
			}
		},
		{
			"name": "glass",
			"from": [5, 2.2, 5],
			"to": [11, 2.7, 11],
			"faces": {
				"north": {"uv": [5, 13.5, 11, 14], "texture": "#texture"},
				"east": {"uv": [5, 13.5, 11, 14], "texture": "#texture"},
				"south": {"uv": [5, 13.5, 11, 14], "texture": "#texture"},
				"west": {"uv": [5, 13.5, 11, 14], "texture": "#texture"},
				"down": {"uv": [0, 8, 6, 14], "rotation": 180, "texture": "#2"}
			}
		},
		{
			"name": "glass",
			"from": [5, 7.7, 5],
			"to": [11, 8.2, 11],
			"faces": {
				"north": {"uv": [5, 8, 11, 8.5], "texture": "#texture"},
				"east": {"uv": [5, 8, 11, 8.5], "texture": "#texture"},
				"south": {"uv": [5, 8, 11, 8.5], "texture": "#texture"},
				"west": {"uv": [5, 8, 11, 8.5], "texture": "#texture"},
				"up": {"uv": [0, 8, 6, 14], "rotation": 180, "texture": "#3"}
			}
		},
		{
			"name": "glass",
			"from": [4.5, 6.7, 4.5],
			"to": [11.5, 7.7, 11.5],
			"faces": {
				"north": {"uv": [4.5, 8.5, 11.5, 9.5], "texture": "#texture"},
				"east": {"uv": [4.5, 8.5, 11.5, 9.5], "texture": "#texture"},
				"south": {"uv": [4.5, 8.5, 11.5, 9.5], "texture": "#texture"},
				"west": {"uv": [4.5, 8.5, 11.5, 9.5], "texture": "#texture"},
				"up": {"uv": [8, 0, 15, 7], "rotation": 180, "texture": "#3"}
			}
		},
		{
			"name": "glass",
			"from": [4.5, 2.7, 4.5],
			"to": [11.5, 3.2, 11.5],
			"faces": {
				"north": {"uv": [4.5, 13, 11.5, 13.5], "texture": "#texture"},
				"east": {"uv": [4.5, 13, 11.5, 13.5], "texture": "#texture"},
				"south": {"uv": [4.5, 13, 11.5, 13.5], "texture": "#texture"},
				"west": {"uv": [4.5, 13, 11.5, 13.5], "texture": "#texture"},
				"down": {"uv": [8, 0, 15, 7], "rotation": 180, "texture": "#2"}
			}
		},
		{
			"name": "glass",
			"from": [4, 3.2, 4],
			"to": [12, 6.7, 12],
			"faces": {
				"north": {"uv": [4, 9.5, 12, 13], "texture": "#texture"},
				"east": {"uv": [4, 9.5, 12, 13], "texture": "#texture"},
				"south": {"uv": [4, 9.5, 12, 13], "texture": "#texture"},
				"west": {"uv": [4, 9.5, 12, 13], "texture": "#texture"},
				"up": {"uv": [0, 0, 8, 8], "rotation": 180, "texture": "#3"},
				"down": {"uv": [0, 0, 8, 8], "rotation": 180, "texture": "#2"}
			}
		}
	],
	"groups": [
		{
			"name": "content",
			"origin": [8, 8, 8],
			"children": [0, 1, 2, 3, 4]
		},
		{
			"name": "cork",
			"origin": [8, 8, 8],
			"children": [5]
		},
		{
			"name": "model_potion",
			"origin": [8, 8, 8],
			"children": [6, 7, 8, 9, 10, 11, 12, 13, 14, 15, 16, 17, 18]
		}
	]
}