{
	"credit": "Made by Juknum",
	"textures": {
		"texture": "blocks/minecart",
		"top": "blocks/hopper_top",
		"side": "blocks/hopper_outside",
		"particle": "blocks/hopper_outside",
		"inside": "blocks/hopper_inside"
	},
	"elements": [
		{
			"name": "minecart bottom",
			"from": [-2, 0, 0],
			"to": [18, 2, 16],
			"faces": {
				"north": {"uv": [0.5, 2.5, 5.5, 3], "texture": "#texture"},
				"east": {"uv": [0, 3, 0.5, 7], "rotation": 90, "texture": "#texture"},
				"south": {"uv": [0.5, 2.5, 5.5, 3], "texture": "#texture"},
				"west": {"uv": [5.5, 3, 6, 7], "rotation": 90, "texture": "#texture"},
				"up": {"uv": [6, 3, 11, 7], "texture": "#texture"},
				"down": {"uv": [0.5, 3, 5.5, 7], "texture": "#texture"}
			}
		},
		{
			"name": "minecart side left",
			"from": [-2, 2, 0],
			"to": [18, 10, 2],
			"faces": {
				"north": {"uv": [4.5, 0.5, 9.5, 2.5], "texture": "#texture"},
				"south": {"uv": [0, 0.5, 5, 2.5], "texture": "#texture"},
				"up": {"uv": [0, 0, 5, 0.5], "texture": "#texture"}
			}
		},
		{
			"name": "minecart side bottom",
			"from": [-2, 2, 0],
			"to": [0, 10, 16],
			"faces": {
				"north": {"uv": [0, 0.5, 0.5, 2.5], "texture": "#texture"},
				"east": {"uv": [0.75, 0.5, 4.25, 2.5], "texture": "#texture"},
				"west": {"uv": [5.25, 0.5, 8.75, 2.5], "texture": "#texture"},
				"up": {"uv": [0, 0.5, 0.5, 2.5], "texture": "#texture"}
			}
		},
		{
			"name": "minecart side bottom",
			"from": [16, 2, 0],
			"to": [18, 10, 16],
			"faces": {
				"east": {"uv": [5.25, 0.5, 8.75, 2.5], "texture": "#texture"},
				"south": {"uv": [0, 0.5, 0.5, 2.5], "texture": "#texture"},
				"west": {"uv": [0.75, 0.5, 4.25, 2.5], "texture": "#texture"},
				"up": {"uv": [4.5, 0.5, 5, 2.5], "rotation": 180, "texture": "#texture"}
			}
		},
		{
			"name": "minecart side right",
			"from": [-2, 2, 14],
			"to": [18, 10, 16],
			"faces": {
				"north": {"uv": [0, 0.5, 5, 2.5], "texture": "#texture"},
				"south": {"uv": [4.5, 0.5, 9.5, 2.5], "texture": "#texture"},
				"up": {"uv": [0, 0, 5, 0.5], "rotation": 180, "texture": "#texture"}
			}
		},
		{
			"from": [2, 8, 2],
			"to": [14, 9, 14],
			"rotation": {"angle": 0, "axis": "y", "origin": [10, 6, 10]},
			"faces": {
				"east": {"uv": [0, 4.5, 16, 6.5], "texture": "#side", "cullface": "east"},
				"west": {"uv": [2, 7, 14, 8], "texture": "#side", "cullface": "west"},
				"up": {"uv": [0, 0, 16, 16], "texture": "#inside", "cullface": "up"}
			}
		},
		{
			"from": [2, 9, 2],
			"to": [4, 12, 14],
			"rotation": {"angle": 0, "axis": "y", "origin": [10, 6, 10]},
			"faces": {
				"north": {"uv": [14, 0, 16, 4.5], "texture": "#side", "cullface": "south"},
				"east": {"uv": [0, 0, 16, 4.5], "texture": "#side", "cullface": "up"},
				"south": {"uv": [0, 0, 2, 4.5], "texture": "#side", "cullface": "south"},
				"west": {"uv": [0, 0, 16, 4.5], "texture": "#side", "cullface": "up"},
				"up": {"uv": [0, 0, 3, 16], "texture": "#top", "cullface": "up"}
			}
		},
		{
			"from": [12, 9, 2],
			"to": [14, 12, 14],
			"rotation": {"angle": 0, "axis": "y", "origin": [10, 6, 10]},
			"faces": {
				"north": {"uv": [0, 0, 2, 4.5], "texture": "#side", "cullface": "south"},
				"east": {"uv": [0, 0, 16, 4.5], "texture": "#side", "cullface": "up"},
				"south": {"uv": [14, 0, 16, 4.5], "texture": "#side", "cullface": "south"},
				"west": {"uv": [0, 0, 16, 4.5], "texture": "#side", "cullface": "up"},
				"up": {"uv": [13, 0, 16, 16], "texture": "#top", "cullface": "up"}
			}
		},
		{
			"from": [4, 9, 2],
			"to": [12, 12, 4],
			"rotation": {"angle": 0, "axis": "y", "origin": [10, 6, 10]},
			"faces": {
				"north": {"uv": [2, 0, 14, 4.5], "texture": "#side", "cullface": "up"},
				"south": {"uv": [2, 0, 14, 4.5], "texture": "#side", "cullface": "up"},
				"up": {"uv": [3, 0, 13, 3], "texture": "#top", "cullface": "up"}
			}
		},
		{
			"from": [4, 9, 12],
			"to": [12, 12, 14],
			"rotation": {"angle": 0, "axis": "y", "origin": [10, 6, 10]},
			"faces": {
				"north": {"uv": [2, 0, 14, 4.5], "texture": "#side", "cullface": "up"},
				"south": {"uv": [2, 0, 14, 4.5], "texture": "#side", "cullface": "up"},
				"up": {"uv": [3, 13, 13, 16], "texture": "#top", "cullface": "up"}
			}
		}
	],
	"display": {
		"thirdperson_righthand": {
			"rotation": [0, 90, 45],
			"translation": [0, 3, 1],
			"scale": [0.325, 0.325, 0.325]
		},
		"thirdperson_lefthand": {
			"rotation": [0, 90, 45],
			"translation": [0, 3, 1],
			"scale": [0.325, 0.325, 0.325]
		},
		"firstperson_righthand": {
			"rotation": [0, 45, 0],
			"translation": [0, 1, 0],
			"scale": [0.4, 0.4, 0.4]
		},
		"firstperson_lefthand": {
			"rotation": [0, 45, 0],
			"translation": [0, 1, 0],
			"scale": [0.4, 0.4, 0.4]
		},
		"ground": {
			"translation": [0, -1, 0],
			"scale": [0.25, 0.25, 0.25]
		},
		"gui": {
			"rotation": [30, 225, 0],
			"scale": [0.585, 0.585, 0.585]
		},
		"fixed": {
			"scale": [0.5, 0.5, 0.5]
		}
	},
	"groups": [0, 1, 2, 3, 4,
		{
			"name": "hopper",
			"origin": [8, 8, 8],
			"children": [5, 6, 7, 8, 9]
		}
	]
}