{
	"__comment": "Designed by Progical",
	"textures": {
		"0": "blocks/iron_bars",
		"particle": "blocks/iron_bars"
	},
	"elements": [
		{
			"from": [7, 0, 12],
			"to": [9, 16, 14],
			"faces": {
				"north": {"uv": [12, 0, 14, 16], "texture": "#0"},
				"east": {"uv": [12, 0, 14, 16], "texture": "#0"},
				"south": {"uv": [12, 0, 14, 16], "texture": "#0"},
				"west": {"uv": [12, 0, 14, 16], "texture": "#0"},
				"up": {"uv": [12, 0, 14, 2], "rotation": 90, "texture": "#0"},
				"down": {"uv": [12, 14, 14, 16], "rotation": 270, "texture": "#0"}
			}
		},
		{
			"from": [7, 2, 9],
			"to": [9, 4, 12],
			"faces": {
				"east": {"uv": [9, 12, 12, 14], "texture": "#0"},
				"west": {"uv": [9, 12, 12, 14], "texture": "#0"},
				"up": {"uv": [9, 12, 12, 14], "rotation": 90, "texture": "#0"},
				"down": {"uv": [9, 12, 12, 14], "rotation": 270, "texture": "#0"}
			}
		},
		{
			"from": [7, 7, 14],
			"to": [9, 9, 16],
			"faces": {
				"east": {"uv": [0, 7, 2, 9], "texture": "#0"},
				"south": {"uv": [14, 7, 16, 9], "texture": "#0", "cullface": "south"},
				"west": {"uv": [14, 7, 16, 9], "texture": "#0"},
				"up": {"uv": [14, 7, 16, 9], "rotation": 90, "texture": "#0"},
				"down": {"uv": [0, 7, 2, 9], "rotation": 270, "texture": "#0"}
			}
		}
	],
	"groups": [
		{
			"name": "group",
			"children": [0, 1, 2]
		}
	]
}
