{
"__comment": "Designed by Cookies160 with BDcraft Cubik PRO 0.85 Beta - http://bdcraft.net",
"ambientocclusion": true,
"textures": {
    "particle": "blocks/mob_spawner",
    "texture": "blocks/mob_spawner"
},
"elements": [ 
{
    "from": [ 15.5, 0.5, 0 ],
    "to": [ 16, 15.5, 0.5 ],
    "faces": {
        "down":  { "uv": [ 15.5, 0.5, 16, 0 ], "texture": "#texture" },
        "up":    { "uv": [ 15.5, 0, 16, 0.5 ], "texture": "#texture" },
        "north": { "uv": [ 0, 0.5, 0.5, 15.5 ], "texture": "#texture" },
        "south": { "uv": [ 15.5, 0.5, 16, 15.5 ], "texture": "#texture" },
        "west":  { "uv": [ 0, 0.5, 0.5, 15.5 ], "texture": "#texture" },
        "east":  { "uv": [ 15.5, 0.5, 16, 15.5 ], "texture": "#texture" }
    }
},
{
    "from": [ 15.5, 0.5, 15.5 ],
    "to": [ 16, 15.5, 16 ],
    "faces": {
        "down":  { "uv": [ 15.5, 16, 16, 15.5 ], "texture": "#texture" },
        "up":    { "uv": [ 15.5, 15.5, 16, 16 ], "texture": "#texture" },
        "north": { "uv": [ 0, 0.5, 0.5, 15.5 ], "texture": "#texture" },
        "south": { "uv": [ 15.5, 0.5, 16, 15.5 ], "texture": "#texture" },
        "west":  { "uv": [ 15.5, 0.5, 16, 15.5 ], "texture": "#texture" },
        "east":  { "uv": [ 0, 0.5, 0.5, 15.5 ], "texture": "#texture" }
    }
},
{
    "from": [ 0, 0.5, 15.5 ],
    "to": [ 0.5, 15.5, 16 ],
    "faces": {
        "down":  { "uv": [ 0, 16, 0.5, 15.5 ], "texture": "#texture" },
        "up":    { "uv": [ 0, 15.5, 0.5, 16 ], "texture": "#texture" },
        "north": { "uv": [ 15.5, 0.5, 16, 15.5 ], "texture": "#texture" },
        "south": { "uv": [ 0, 0.5, 0.5, 15.5 ], "texture": "#texture" },
        "west":  { "uv": [ 15.5, 0.5, 16, 15.5 ], "texture": "#texture" },
        "east":  { "uv": [ 0, 0.5, 0.5, 15.5 ], "texture": "#texture" }
    }
},
{
    "from": [ 0, 0.5, 0 ],
    "to": [ 0.5, 15.5, 0.5 ],
    "faces": {
        "down":  { "uv": [ 0, 0.5, 0.5, 0 ], "texture": "#texture" },
        "up":    { "uv": [ 0, 0, 0.5, 0.5 ], "texture": "#texture" },
        "north": { "uv": [ 15.5, 0.5, 16, 15.5 ], "texture": "#texture" },
        "south": { "uv": [ 0, 0.5, 0.5, 15.5 ], "texture": "#texture" },
        "west":  { "uv": [ 0, 0.5, 0.5, 15.5 ], "texture": "#texture" },
        "east":  { "uv": [ 15.5, 0.5, 16, 15.5 ], "texture": "#texture" }
    }
},
{
    "from": [ 15.5, 13, 6 ],
    "to": [ 16, 14, 10 ],
    "faces": {
        "down":  { "uv": [ 6, 16, 10, 15.5 ], "rotation": 90, "texture": "#texture" },
        "up":    { "uv": [ 6, 15.5, 10, 16 ], "rotation": 270, "texture": "#texture" },
        "north": { "uv": [ 0, 2, 0.5, 3 ], "texture": "#texture" },
        "south": { "uv": [ 15.5, 2, 16, 3 ], "texture": "#texture" },
        "west":  { "uv": [ 6, 2, 10, 3 ], "texture": "#texture" },
        "east":  { "uv": [ 6, 2, 10, 3 ], "texture": "#texture" }
    }
},
{
    "from": [ 15.5, 10, 6 ],
    "to": [ 16, 11, 10 ],
    "faces": {
        "down":  { "uv": [ 6, 16, 10, 15.5 ], "rotation": 90, "texture": "#texture" },
        "up":    { "uv": [ 6, 15.5, 10, 16 ], "rotation": 270, "texture": "#texture" },
        "north": { "uv": [ 0, 5, 0.5, 6 ], "texture": "#texture" },
        "south": { "uv": [ 15.5, 5, 16, 6 ], "texture": "#texture" },
        "west":  { "uv": [ 6, 5, 10, 6 ], "texture": "#texture" },
        "east":  { "uv": [ 6, 5, 10, 6 ], "texture": "#texture" }
    }
},
{
    "from": [ 15.5, 5, 6 ],
    "to": [ 16, 6, 10 ],
    "faces": {
        "down":  { "uv": [ 6, 16, 10, 15.5 ], "rotation": 90, "texture": "#texture" },
        "up":    { "uv": [ 6, 15.5, 10, 16 ], "rotation": 270, "texture": "#texture" },
        "north": { "uv": [ 0, 10, 0.5, 11 ], "texture": "#texture" },
        "south": { "uv": [ 15.5, 10, 16, 11 ], "texture": "#texture" },
        "west":  { "uv": [ 6, 10, 10, 11 ], "texture": "#texture" },
        "east":  { "uv": [ 6, 10, 10, 11 ], "texture": "#texture" }
    }
},
{
    "from": [ 15.5, 2, 6 ],
    "to": [ 16, 3, 10 ],
    "faces": {
        "down":  { "uv": [ 6, 16, 10, 15.5 ], "rotation": 90, "texture": "#texture" },
        "up":    { "uv": [ 6, 15.5, 10, 16 ], "rotation": 270, "texture": "#texture" },
        "north": { "uv": [ 0, 13, 0.5, 14 ], "texture": "#texture" },
        "south": { "uv": [ 15.5, 13, 16, 14 ], "texture": "#texture" },
        "west":  { "uv": [ 6, 13, 10, 14 ], "texture": "#texture" },
        "east":  { "uv": [ 6, 13, 10, 14 ], "texture": "#texture" }
    }
},
{
    "from": [ 15.5, 2, 1 ],
    "to": [ 16, 3, 2 ],
    "faces": {
        "down":  { "uv": [ 14, 16, 15, 15.5 ], "rotation": 90, "texture": "#texture" },
        "up":    { "uv": [ 14, 15.5, 15, 16 ], "rotation": 270, "texture": "#texture" },
        "north": { "uv": [ 0, 13, 0.5, 14 ], "texture": "#texture" },
        "south": { "uv": [ 15.5, 13, 16, 14 ], "texture": "#texture" },
        "west":  { "uv": [ 1, 13, 2, 14 ], "texture": "#texture" },
        "east":  { "uv": [ 14, 13, 15, 14 ], "texture": "#texture" }
    }
},
{
    "from": [ 15.5, 5, 1 ],
    "to": [ 16, 6, 2 ],
    "faces": {
        "down":  { "uv": [ 14, 16, 15, 15.5 ], "rotation": 90, "texture": "#texture" },
        "up":    { "uv": [ 14, 15.5, 15, 16 ], "rotation": 270, "texture": "#texture" },
        "north": { "uv": [ 0, 10, 0.5, 11 ], "texture": "#texture" },
        "south": { "uv": [ 15.5, 10, 16, 11 ], "texture": "#texture" },
        "west":  { "uv": [ 1, 10, 2, 11 ], "texture": "#texture" },
        "east":  { "uv": [ 14, 10, 15, 11 ], "texture": "#texture" }
    }
},
{
    "from": [ 15.5, 10, 1 ],
    "to": [ 16, 11, 2 ],
    "faces": {
        "down":  { "uv": [ 14, 16, 15, 15.5 ], "rotation": 90, "texture": "#texture" },
        "up":    { "uv": [ 14, 15.5, 15, 16 ], "rotation": 270, "texture": "#texture" },
        "north": { "uv": [ 0, 5, 0.5, 6 ], "texture": "#texture" },
        "south": { "uv": [ 15.5, 5, 16, 6 ], "texture": "#texture" },
        "west":  { "uv": [ 1, 5, 2, 6 ], "texture": "#texture" },
        "east":  { "uv": [ 14, 5, 15, 6 ], "texture": "#texture" }
    }
},
{
    "from": [ 15.5, 13, 1 ],
    "to": [ 16, 14, 2 ],
    "faces": {
        "down":  { "uv": [ 14, 16, 15, 15.5 ], "rotation": 90, "texture": "#texture" },
        "up":    { "uv": [ 14, 15.5, 15, 16 ], "rotation": 270, "texture": "#texture" },
        "north": { "uv": [ 0, 2, 0.5, 3 ], "texture": "#texture" },
        "south": { "uv": [ 15.5, 2, 16, 3 ], "texture": "#texture" },
        "west":  { "uv": [ 1, 2, 2, 3 ], "texture": "#texture" },
        "east":  { "uv": [ 14, 2, 15, 3 ], "texture": "#texture" }
    }
},
{
    "from": [ 15.5, 2, 3 ],
    "to": [ 16, 3, 5 ],
    "faces": {
        "down":  { "uv": [ 11, 16, 13, 15.5 ], "rotation": 90, "texture": "#texture" },
        "up":    { "uv": [ 11, 15.5, 13, 16 ], "rotation": 270, "texture": "#texture" },
        "north": { "uv": [ 0, 13, 0.5, 14 ], "texture": "#texture" },
        "south": { "uv": [ 15.5, 13, 16, 14 ], "texture": "#texture" },
        "west":  { "uv": [ 3, 13, 5, 14 ], "texture": "#texture" },
        "east":  { "uv": [ 11, 13, 13, 14 ], "texture": "#texture" }
    }
},
{
    "from": [ 15.5, 5, 3 ],
    "to": [ 16, 6, 5 ],
    "faces": {
        "down":  { "uv": [ 11, 16, 13, 15.5 ], "rotation": 90, "texture": "#texture" },
        "up":    { "uv": [ 11, 15.5, 13, 16 ], "rotation": 270, "texture": "#texture" },
        "north": { "uv": [ 0, 10, 0.5, 11 ], "texture": "#texture" },
        "south": { "uv": [ 15.5, 10, 16, 11 ], "texture": "#texture" },
        "west":  { "uv": [ 3, 10, 5, 11 ], "texture": "#texture" },
        "east":  { "uv": [ 11, 10, 13, 11 ], "texture": "#texture" }
    }
},
{
    "from": [ 15.5, 10, 3 ],
    "to": [ 16, 11, 5 ],
    "faces": {
        "down":  { "uv": [ 11, 16, 13, 15.5 ], "rotation": 90, "texture": "#texture" },
        "up":    { "uv": [ 11, 15.5, 13, 16 ], "rotation": 270, "texture": "#texture" },
        "north": { "uv": [ 0, 5, 0.5, 6 ], "texture": "#texture" },
        "south": { "uv": [ 15.5, 5, 16, 6 ], "texture": "#texture" },
        "west":  { "uv": [ 3, 5, 5, 6 ], "texture": "#texture" },
        "east":  { "uv": [ 11, 5, 13, 6 ], "texture": "#texture" }
    }
},
{
    "from": [ 15.5, 13, 3 ],
    "to": [ 16, 14, 5 ],
    "faces": {
        "down":  { "uv": [ 11, 16, 13, 15.5 ], "rotation": 90, "texture": "#texture" },
        "up":    { "uv": [ 11, 15.5, 13, 16 ], "rotation": 270, "texture": "#texture" },
        "north": { "uv": [ 0, 2, 0.5, 3 ], "texture": "#texture" },
        "south": { "uv": [ 15.5, 2, 16, 3 ], "texture": "#texture" },
        "west":  { "uv": [ 3, 2, 5, 3 ], "texture": "#texture" },
        "east":  { "uv": [ 11, 2, 13, 3 ], "texture": "#texture" }
    }
},
{
    "from": [ 15.5, 13, 11 ],
    "to": [ 16, 14, 13 ],
    "faces": {
        "down":  { "uv": [ 3, 16, 5, 15.5 ], "rotation": 90, "texture": "#texture" },
        "up":    { "uv": [ 3, 15.5, 5, 16 ], "rotation": 270, "texture": "#texture" },
        "north": { "uv": [ 0, 2, 0.5, 3 ], "texture": "#texture" },
        "south": { "uv": [ 15.5, 2, 16, 3 ], "texture": "#texture" },
        "west":  { "uv": [ 11, 2, 13, 3 ], "texture": "#texture" },
        "east":  { "uv": [ 3, 2, 5, 3 ], "texture": "#texture" }
    }
},
{
    "from": [ 15.5, 10, 11 ],
    "to": [ 16, 11, 13 ],
    "faces": {
        "down":  { "uv": [ 3, 16, 5, 15.5 ], "rotation": 90, "texture": "#texture" },
        "up":    { "uv": [ 3, 15.5, 5, 16 ], "rotation": 270, "texture": "#texture" },
        "north": { "uv": [ 0, 5, 0.5, 6 ], "texture": "#texture" },
        "south": { "uv": [ 15.5, 5, 16, 6 ], "texture": "#texture" },
        "west":  { "uv": [ 11, 5, 13, 6 ], "texture": "#texture" },
        "east":  { "uv": [ 3, 5, 5, 6 ], "texture": "#texture" }
    }
},
{
    "from": [ 15.5, 2, 11 ],
    "to": [ 16, 3, 13 ],
    "faces": {
        "down":  { "uv": [ 3, 16, 5, 15.5 ], "rotation": 90, "texture": "#texture" },
        "up":    { "uv": [ 3, 15.5, 5, 16 ], "rotation": 270, "texture": "#texture" },
        "north": { "uv": [ 0, 13, 0.5, 14 ], "texture": "#texture" },
        "south": { "uv": [ 15.5, 13, 16, 14 ], "texture": "#texture" },
        "west":  { "uv": [ 11, 13, 13, 14 ], "texture": "#texture" },
        "east":  { "uv": [ 3, 13, 5, 14 ], "texture": "#texture" }
    }
},
{
    "from": [ 15.5, 5, 11 ],
    "to": [ 16, 6, 13 ],
    "faces": {
        "down":  { "uv": [ 3, 16, 5, 15.5 ], "rotation": 90, "texture": "#texture" },
        "up":    { "uv": [ 3, 15.5, 5, 16 ], "rotation": 270, "texture": "#texture" },
        "north": { "uv": [ 0, 10, 0.5, 11 ], "texture": "#texture" },
        "south": { "uv": [ 15.5, 10, 16, 11 ], "texture": "#texture" },
        "west":  { "uv": [ 11, 10, 13, 11 ], "texture": "#texture" },
        "east":  { "uv": [ 3, 10, 5, 11 ], "texture": "#texture" }
    }
},
{
    "from": [ 15.5, 5, 14 ],
    "to": [ 16, 6, 15 ],
    "faces": {
        "down":  { "uv": [ 1, 16, 2, 15.5 ], "rotation": 90, "texture": "#texture" },
        "up":    { "uv": [ 1, 15.5, 2, 16 ], "rotation": 270, "texture": "#texture" },
        "north": { "uv": [ 0, 10, 0.5, 11 ], "texture": "#texture" },
        "south": { "uv": [ 15.5, 10, 16, 11 ], "texture": "#texture" },
        "west":  { "uv": [ 14, 10, 15, 11 ], "texture": "#texture" },
        "east":  { "uv": [ 1, 10, 2, 11 ], "texture": "#texture" }
    }
},
{
    "from": [ 15.5, 2, 14 ],
    "to": [ 16, 3, 15 ],
    "faces": {
        "down":  { "uv": [ 1, 16, 2, 15.5 ], "rotation": 90, "texture": "#texture" },
        "up":    { "uv": [ 1, 15.5, 2, 16 ], "rotation": 270, "texture": "#texture" },
        "north": { "uv": [ 0, 13, 0.5, 14 ], "texture": "#texture" },
        "south": { "uv": [ 15.5, 13, 16, 14 ], "texture": "#texture" },
        "west":  { "uv": [ 14, 13, 15, 14 ], "texture": "#texture" },
        "east":  { "uv": [ 1, 13, 2, 14 ], "texture": "#texture" }
    }
},
{
    "from": [ 15.5, 10, 14 ],
    "to": [ 16, 11, 15 ],
    "faces": {
        "down":  { "uv": [ 1, 16, 2, 15.5 ], "rotation": 90, "texture": "#texture" },
        "up":    { "uv": [ 1, 15.5, 2, 16 ], "rotation": 270, "texture": "#texture" },
        "north": { "uv": [ 0, 5, 0.5, 6 ], "texture": "#texture" },
        "south": { "uv": [ 15.5, 5, 16, 6 ], "texture": "#texture" },
        "west":  { "uv": [ 14, 5, 15, 6 ], "texture": "#texture" },
        "east":  { "uv": [ 1, 5, 2, 6 ], "texture": "#texture" }
    }
},
{
    "from": [ 15.5, 13, 14 ],
    "to": [ 16, 14, 15 ],
    "faces": {
        "down":  { "uv": [ 1, 16, 2, 15.5 ], "rotation": 90, "texture": "#texture" },
        "up":    { "uv": [ 1, 15.5, 2, 16 ], "rotation": 270, "texture": "#texture" },
        "north": { "uv": [ 0, 2, 0.5, 3 ], "texture": "#texture" },
        "south": { "uv": [ 15.5, 2, 16, 3 ], "texture": "#texture" },
        "west":  { "uv": [ 14, 2, 15, 3 ], "texture": "#texture" },
        "east":  { "uv": [ 1, 2, 2, 3 ], "texture": "#texture" }
    }
},
{
    "from": [ 15.5, 15, 0.5 ],
    "to": [ 16, 15.5, 15.5 ],
    "faces": {
        "down":  { "uv": [ 0.5, 16, 15.5, 15.5 ], "rotation": 90, "texture": "#texture" },
        "up":    { "uv": [ 0.5, 15.5, 15.5, 16 ], "rotation": 270, "texture": "#texture" },
        "north": { "uv": [ 0, 0.5, 0.5, 1 ], "texture": "#texture" },
        "south": { "uv": [ 15.5, 0.5, 16, 1 ], "texture": "#texture" },
        "west":  { "uv": [ 0.5, 0.5, 15.5, 1 ], "texture": "#texture" },
        "east":  { "uv": [ 0.5, 0.5, 15.5, 1 ], "texture": "#texture" }
    }
},
{
    "from": [ 15.5, 0.5, 0.5 ],
    "to": [ 16, 1, 15.5 ],
    "faces": {
        "down":  { "uv": [ 0.5, 16, 15.5, 15.5 ], "rotation": 90, "texture": "#texture" },
        "up":    { "uv": [ 0.5, 15.5, 15.5, 16 ], "rotation": 270, "texture": "#texture" },
        "north": { "uv": [ 0, 15, 0.5, 15.5 ], "texture": "#texture" },
        "south": { "uv": [ 15.5, 15, 16, 15.5 ], "texture": "#texture" },
        "west":  { "uv": [ 0.5, 15, 15.5, 15.5 ], "texture": "#texture" },
        "east":  { "uv": [ 0.5, 15, 15.5, 15.5 ], "texture": "#texture" }
    }
},
{
    "from": [ 15.5, 1, 5 ],
    "to": [ 16, 15, 6 ],
    "faces": {
        "down":  { "uv": [ 10, 16, 11, 15.5 ], "rotation": 90, "texture": "#texture" },
        "up":    { "uv": [ 10, 15.5, 11, 16 ], "rotation": 270, "texture": "#texture" },
        "north": { "uv": [ 0, 1, 0.5, 15 ], "texture": "#texture" },
        "south": { "uv": [ 15.5, 1, 16, 15 ], "texture": "#texture" },
        "west":  { "uv": [ 5, 1, 6, 15 ], "texture": "#texture" },
        "east":  { "uv": [ 10, 1, 11, 15 ], "texture": "#texture" }
    }
},
{
    "from": [ 15.5, 1, 2 ],
    "to": [ 16, 15, 3 ],
    "faces": {
        "down":  { "uv": [ 13, 16, 14, 15.5 ], "rotation": 90, "texture": "#texture" },
        "up":    { "uv": [ 13, 15.5, 14, 16 ], "rotation": 270, "texture": "#texture" },
        "north": { "uv": [ 0, 1, 0.5, 15 ], "texture": "#texture" },
        "south": { "uv": [ 15.5, 1, 16, 15 ], "texture": "#texture" },
        "west":  { "uv": [ 2, 1, 3, 15 ], "texture": "#texture" },
        "east":  { "uv": [ 13, 1, 14, 15 ], "texture": "#texture" }
    }
},
{
    "from": [ 15.5, 1, 10 ],
    "to": [ 16, 15, 11 ],
    "faces": {
        "down":  { "uv": [ 5, 16, 6, 15.5 ], "rotation": 90, "texture": "#texture" },
        "up":    { "uv": [ 5, 15.5, 6, 16 ], "rotation": 270, "texture": "#texture" },
        "north": { "uv": [ 0, 1, 0.5, 15 ], "texture": "#texture" },
        "south": { "uv": [ 15.5, 1, 16, 15 ], "texture": "#texture" },
        "west":  { "uv": [ 10, 1, 11, 15 ], "texture": "#texture" },
        "east":  { "uv": [ 5, 1, 6, 15 ], "texture": "#texture" }
    }
},
{
    "from": [ 15.5, 1, 13 ],
    "to": [ 16, 15, 14 ],
    "faces": {
        "down":  { "uv": [ 2, 16, 3, 15.5 ], "rotation": 90, "texture": "#texture" },
        "up":    { "uv": [ 2, 15.5, 3, 16 ], "rotation": 270, "texture": "#texture" },
        "north": { "uv": [ 0, 1, 0.5, 15 ], "texture": "#texture" },
        "south": { "uv": [ 15.5, 1, 16, 15 ], "texture": "#texture" },
        "west":  { "uv": [ 13, 1, 14, 15 ], "texture": "#texture" },
        "east":  { "uv": [ 2, 1, 3, 15 ], "texture": "#texture" }
    }
},
{
    "from": [ 15.5, 1, 0.5 ],
    "to": [ 16, 15, 1 ],
    "faces": {
        "down":  { "uv": [ 15, 16, 15.5, 15.5 ], "rotation": 90, "texture": "#texture" },
        "up":    { "uv": [ 15, 15.5, 15.5, 16 ], "rotation": 270, "texture": "#texture" },
        "north": { "uv": [ 0, 1, 0.5, 15 ], "texture": "#texture" },
        "south": { "uv": [ 15.5, 1, 16, 15 ], "texture": "#texture" },
        "west":  { "uv": [ 0.5, 1, 1, 15 ], "texture": "#texture" },
        "east":  { "uv": [ 15, 1, 15.5, 15 ], "texture": "#texture" }
    }
},
{
    "from": [ 15.5, 1, 15 ],
    "to": [ 16, 15, 15.5 ],
    "faces": {
        "down":  { "uv": [ 0.5, 16, 1, 15.5 ], "rotation": 90, "texture": "#texture" },
        "up":    { "uv": [ 0.5, 15.5, 1, 16 ], "rotation": 270, "texture": "#texture" },
        "north": { "uv": [ 0, 1, 0.5, 15 ], "texture": "#texture" },
        "south": { "uv": [ 15.5, 1, 16, 15 ], "texture": "#texture" },
        "west":  { "uv": [ 15, 1, 15.5, 15 ], "texture": "#texture" },
        "east":  { "uv": [ 0.5, 1, 1, 15 ], "texture": "#texture" }
    }
},
{
    "from": [ 0, 13, 6 ],
    "to": [ 0.5, 14, 10 ],
    "faces": {
        "down":  { "uv": [ 6, 16, 10, 15.5 ], "rotation": 270, "texture": "#texture" },
        "up":    { "uv": [ 6, 15.5, 10, 16 ], "rotation": 90, "texture": "#texture" },
        "north": { "uv": [ 15.5, 2, 16, 3 ], "texture": "#texture" },
        "south": { "uv": [ 0, 2, 0.5, 3 ], "texture": "#texture" },
        "west":  { "uv": [ 6, 2, 10, 3 ], "texture": "#texture" },
        "east":  { "uv": [ 6, 2, 10, 3 ], "texture": "#texture" }
    }
},
{
    "from": [ 0, 10, 6 ],
    "to": [ 0.5, 11, 10 ],
    "faces": {
        "down":  { "uv": [ 6, 16, 10, 15.5 ], "rotation": 270, "texture": "#texture" },
        "up":    { "uv": [ 6, 15.5, 10, 16 ], "rotation": 90, "texture": "#texture" },
        "north": { "uv": [ 15.5, 5, 16, 6 ], "texture": "#texture" },
        "south": { "uv": [ 0, 5, 0.5, 6 ], "texture": "#texture" },
        "west":  { "uv": [ 6, 5, 10, 6 ], "texture": "#texture" },
        "east":  { "uv": [ 6, 5, 10, 6 ], "texture": "#texture" }
    }
},
{
    "from": [ 0, 5, 6 ],
    "to": [ 0.5, 6, 10 ],
    "faces": {
        "down":  { "uv": [ 6, 16, 10, 15.5 ], "rotation": 270, "texture": "#texture" },
        "up":    { "uv": [ 6, 15.5, 10, 16 ], "rotation": 90, "texture": "#texture" },
        "north": { "uv": [ 15.5, 10, 16, 11 ], "texture": "#texture" },
        "south": { "uv": [ 0, 10, 0.5, 11 ], "texture": "#texture" },
        "west":  { "uv": [ 6, 10, 10, 11 ], "texture": "#texture" },
        "east":  { "uv": [ 6, 10, 10, 11 ], "texture": "#texture" }
    }
},
{
    "from": [ 0, 2, 6 ],
    "to": [ 0.5, 3, 10 ],
    "faces": {
        "down":  { "uv": [ 6, 16, 10, 15.5 ], "rotation": 270, "texture": "#texture" },
        "up":    { "uv": [ 6, 15.5, 10, 16 ], "rotation": 90, "texture": "#texture" },
        "north": { "uv": [ 15.5, 13, 16, 14 ], "texture": "#texture" },
        "south": { "uv": [ 0, 13, 0.5, 14 ], "texture": "#texture" },
        "west":  { "uv": [ 6, 13, 10, 14 ], "texture": "#texture" },
        "east":  { "uv": [ 6, 13, 10, 14 ], "texture": "#texture" }
    }
},
{
    "from": [ 0, 2, 14 ],
    "to": [ 0.5, 3, 15 ],
    "faces": {
        "down":  { "uv": [ 14, 16, 15, 15.5 ], "rotation": 270, "texture": "#texture" },
        "up":    { "uv": [ 14, 15.5, 15, 16 ], "rotation": 90, "texture": "#texture" },
        "north": { "uv": [ 15.5, 13, 16, 14 ], "texture": "#texture" },
        "south": { "uv": [ 0, 13, 0.5, 14 ], "texture": "#texture" },
        "west":  { "uv": [ 14, 13, 15, 14 ], "texture": "#texture" },
        "east":  { "uv": [ 1, 13, 2, 14 ], "texture": "#texture" }
    }
},
{
    "from": [ 0, 5, 14 ],
    "to": [ 0.5, 6, 15 ],
    "faces": {
        "down":  { "uv": [ 14, 16, 15, 15.5 ], "rotation": 270, "texture": "#texture" },
        "up":    { "uv": [ 14, 15.5, 15, 16 ], "rotation": 90, "texture": "#texture" },
        "north": { "uv": [ 15.5, 10, 16, 11 ], "texture": "#texture" },
        "south": { "uv": [ 0, 10, 0.5, 11 ], "texture": "#texture" },
        "west":  { "uv": [ 14, 10, 15, 11 ], "texture": "#texture" },
        "east":  { "uv": [ 1, 10, 2, 11 ], "texture": "#texture" }
    }
},
{
    "from": [ 0, 10, 14 ],
    "to": [ 0.5, 11, 15 ],
    "faces": {
        "down":  { "uv": [ 14, 16, 15, 15.5 ], "rotation": 270, "texture": "#texture" },
        "up":    { "uv": [ 14, 15.5, 15, 16 ], "rotation": 90, "texture": "#texture" },
        "north": { "uv": [ 15.5, 5, 16, 6 ], "texture": "#texture" },
        "south": { "uv": [ 0, 5, 0.5, 6 ], "texture": "#texture" },
        "west":  { "uv": [ 14, 5, 15, 6 ], "texture": "#texture" },
        "east":  { "uv": [ 1, 5, 2, 6 ], "texture": "#texture" }
    }
},
{
    "from": [ 0, 13, 14 ],
    "to": [ 0.5, 14, 15 ],
    "faces": {
        "down":  { "uv": [ 14, 16, 15, 15.5 ], "rotation": 270, "texture": "#texture" },
        "up":    { "uv": [ 14, 15.5, 15, 16 ], "rotation": 90, "texture": "#texture" },
        "north": { "uv": [ 15.5, 2, 16, 3 ], "texture": "#texture" },
        "south": { "uv": [ 0, 2, 0.5, 3 ], "texture": "#texture" },
        "west":  { "uv": [ 14, 2, 15, 3 ], "texture": "#texture" },
        "east":  { "uv": [ 1, 2, 2, 3 ], "texture": "#texture" }
    }
},
{
    "from": [ 0, 2, 11 ],
    "to": [ 0.5, 3, 13 ],
    "faces": {
        "down":  { "uv": [ 11, 16, 13, 15.5 ], "rotation": 270, "texture": "#texture" },
        "up":    { "uv": [ 11, 15.5, 13, 16 ], "rotation": 90, "texture": "#texture" },
        "north": { "uv": [ 15.5, 13, 16, 14 ], "texture": "#texture" },
        "south": { "uv": [ 0, 13, 0.5, 14 ], "texture": "#texture" },
        "west":  { "uv": [ 11, 13, 13, 14 ], "texture": "#texture" },
        "east":  { "uv": [ 3, 13, 5, 14 ], "texture": "#texture" }
    }
},
{
    "from": [ 0, 5, 11 ],
    "to": [ 0.5, 6, 13 ],
    "faces": {
        "down":  { "uv": [ 11, 16, 13, 15.5 ], "rotation": 270, "texture": "#texture" },
        "up":    { "uv": [ 11, 15.5, 13, 16 ], "rotation": 90, "texture": "#texture" },
        "north": { "uv": [ 15.5, 10, 16, 11 ], "texture": "#texture" },
        "south": { "uv": [ 0, 10, 0.5, 11 ], "texture": "#texture" },
        "west":  { "uv": [ 11, 10, 13, 11 ], "texture": "#texture" },
        "east":  { "uv": [ 3, 10, 5, 11 ], "texture": "#texture" }
    }
},
{
    "from": [ 0, 10, 11 ],
    "to": [ 0.5, 11, 13 ],
    "faces": {
        "down":  { "uv": [ 11, 16, 13, 15.5 ], "rotation": 270, "texture": "#texture" },
        "up":    { "uv": [ 11, 15.5, 13, 16 ], "rotation": 90, "texture": "#texture" },
        "north": { "uv": [ 15.5, 5, 16, 6 ], "texture": "#texture" },
        "south": { "uv": [ 0, 5, 0.5, 6 ], "texture": "#texture" },
        "west":  { "uv": [ 11, 5, 13, 6 ], "texture": "#texture" },
        "east":  { "uv": [ 3, 5, 5, 6 ], "texture": "#texture" }
    }
},
{
    "from": [ 0, 13, 11 ],
    "to": [ 0.5, 14, 13 ],
    "faces": {
        "down":  { "uv": [ 11, 16, 13, 15.5 ], "rotation": 270, "texture": "#texture" },
        "up":    { "uv": [ 11, 15.5, 13, 16 ], "rotation": 90, "texture": "#texture" },
        "north": { "uv": [ 15.5, 2, 16, 3 ], "texture": "#texture" },
        "south": { "uv": [ 0, 2, 0.5, 3 ], "texture": "#texture" },
        "west":  { "uv": [ 11, 2, 13, 3 ], "texture": "#texture" },
        "east":  { "uv": [ 3, 2, 5, 3 ], "texture": "#texture" }
    }
},
{
    "from": [ 0, 13, 3 ],
    "to": [ 0.5, 14, 5 ],
    "faces": {
        "down":  { "uv": [ 3, 16, 5, 15.5 ], "rotation": 270, "texture": "#texture" },
        "up":    { "uv": [ 3, 15.5, 5, 16 ], "rotation": 90, "texture": "#texture" },
        "north": { "uv": [ 15.5, 2, 16, 3 ], "texture": "#texture" },
        "south": { "uv": [ 0, 2, 0.5, 3 ], "texture": "#texture" },
        "west":  { "uv": [ 3, 2, 5, 3 ], "texture": "#texture" },
        "east":  { "uv": [ 11, 2, 13, 3 ], "texture": "#texture" }
    }
},
{
    "from": [ 0, 10, 3 ],
    "to": [ 0.5, 11, 5 ],
    "faces": {
        "down":  { "uv": [ 3, 16, 5, 15.5 ], "rotation": 270, "texture": "#texture" },
        "up":    { "uv": [ 3, 15.5, 5, 16 ], "rotation": 90, "texture": "#texture" },
        "north": { "uv": [ 15.5, 5, 16, 6 ], "texture": "#texture" },
        "south": { "uv": [ 0, 5, 0.5, 6 ], "texture": "#texture" },
        "west":  { "uv": [ 3, 5, 5, 6 ], "texture": "#texture" },
        "east":  { "uv": [ 11, 5, 13, 6 ], "texture": "#texture" }
    }
},
{
    "from": [ 0, 2, 3 ],
    "to": [ 0.5, 3, 5 ],
    "faces": {
        "down":  { "uv": [ 3, 16, 5, 15.5 ], "rotation": 270, "texture": "#texture" },
        "up":    { "uv": [ 3, 15.5, 5, 16 ], "rotation": 90, "texture": "#texture" },
        "north": { "uv": [ 15.5, 13, 16, 14 ], "texture": "#texture" },
        "south": { "uv": [ 0, 13, 0.5, 14 ], "texture": "#texture" },
        "west":  { "uv": [ 3, 13, 5, 14 ], "texture": "#texture" },
        "east":  { "uv": [ 11, 13, 13, 14 ], "texture": "#texture" }
    }
},
{
    "from": [ 0, 5, 3 ],
    "to": [ 0.5, 6, 5 ],
    "faces": {
        "down":  { "uv": [ 3, 16, 5, 15.5 ], "rotation": 270, "texture": "#texture" },
        "up":    { "uv": [ 3, 15.5, 5, 16 ], "rotation": 90, "texture": "#texture" },
        "north": { "uv": [ 15.5, 10, 16, 11 ], "texture": "#texture" },
        "south": { "uv": [ 0, 10, 0.5, 11 ], "texture": "#texture" },
        "west":  { "uv": [ 3, 10, 5, 11 ], "texture": "#texture" },
        "east":  { "uv": [ 11, 10, 13, 11 ], "texture": "#texture" }
    }
},
{
    "from": [ 0, 5, 1 ],
    "to": [ 0.5, 6, 2 ],
    "faces": {
        "down":  { "uv": [ 1, 16, 2, 15.5 ], "rotation": 270, "texture": "#texture" },
        "up":    { "uv": [ 1, 15.5, 2, 16 ], "rotation": 90, "texture": "#texture" },
        "north": { "uv": [ 15.5, 10, 16, 11 ], "texture": "#texture" },
        "south": { "uv": [ 0, 10, 0.5, 11 ], "texture": "#texture" },
        "west":  { "uv": [ 1, 10, 2, 11 ], "texture": "#texture" },
        "east":  { "uv": [ 14, 10, 15, 11 ], "texture": "#texture" }
    }
},
{
    "from": [ 0, 2, 1 ],
    "to": [ 0.5, 3, 2 ],
    "faces": {
        "down":  { "uv": [ 1, 16, 2, 15.5 ], "rotation": 270, "texture": "#texture" },
        "up":    { "uv": [ 1, 15.5, 2, 16 ], "rotation": 90, "texture": "#texture" },
        "north": { "uv": [ 15.5, 13, 16, 14 ], "texture": "#texture" },
        "south": { "uv": [ 0, 13, 0.5, 14 ], "texture": "#texture" },
        "west":  { "uv": [ 1, 13, 2, 14 ], "texture": "#texture" },
        "east":  { "uv": [ 14, 13, 15, 14 ], "texture": "#texture" }
    }
},
{
    "from": [ 0, 10, 1 ],
    "to": [ 0.5, 11, 2 ],
    "faces": {
        "down":  { "uv": [ 1, 16, 2, 15.5 ], "rotation": 270, "texture": "#texture" },
        "up":    { "uv": [ 1, 15.5, 2, 16 ], "rotation": 90, "texture": "#texture" },
        "north": { "uv": [ 15.5, 5, 16, 6 ], "texture": "#texture" },
        "south": { "uv": [ 0, 5, 0.5, 6 ], "texture": "#texture" },
        "west":  { "uv": [ 1, 5, 2, 6 ], "texture": "#texture" },
        "east":  { "uv": [ 14, 5, 15, 6 ], "texture": "#texture" }
    }
},
{
    "from": [ 0, 13, 1 ],
    "to": [ 0.5, 14, 2 ],
    "faces": {
        "down":  { "uv": [ 1, 16, 2, 15.5 ], "rotation": 270, "texture": "#texture" },
        "up":    { "uv": [ 1, 15.5, 2, 16 ], "rotation": 90, "texture": "#texture" },
        "north": { "uv": [ 15.5, 2, 16, 3 ], "texture": "#texture" },
        "south": { "uv": [ 0, 2, 0.5, 3 ], "texture": "#texture" },
        "west":  { "uv": [ 1, 2, 2, 3 ], "texture": "#texture" },
        "east":  { "uv": [ 14, 2, 15, 3 ], "texture": "#texture" }
    }
},
{
    "from": [ 0, 15, 0.5 ],
    "to": [ 0.5, 15.5, 15.5 ],
    "faces": {
        "down":  { "uv": [ 0.5, 16, 15.5, 15.5 ], "rotation": 270, "texture": "#texture" },
        "up":    { "uv": [ 0.5, 15.5, 15.5, 16 ], "rotation": 90, "texture": "#texture" },
        "north": { "uv": [ 15.5, 0.5, 16, 1 ], "texture": "#texture" },
        "south": { "uv": [ 0, 0.5, 0.5, 1 ], "texture": "#texture" },
        "west":  { "uv": [ 0.5, 0.5, 15.5, 1 ], "texture": "#texture" },
        "east":  { "uv": [ 0.5, 0.5, 15.5, 1 ], "texture": "#texture" }
    }
},
{
    "from": [ 0, 0.5, 0.5 ],
    "to": [ 0.5, 1, 15.5 ],
    "faces": {
        "down":  { "uv": [ 0.5, 16, 15.5, 15.5 ], "rotation": 270, "texture": "#texture" },
        "up":    { "uv": [ 0.5, 15.5, 15.5, 16 ], "rotation": 90, "texture": "#texture" },
        "north": { "uv": [ 15.5, 15, 16, 15.5 ], "texture": "#texture" },
        "south": { "uv": [ 0, 15, 0.5, 15.5 ], "texture": "#texture" },
        "west":  { "uv": [ 0.5, 15, 15.5, 15.5 ], "texture": "#texture" },
        "east":  { "uv": [ 0.5, 15, 15.5, 15.5 ], "texture": "#texture" }
    }
},
{
    "from": [ 0, 1, 10 ],
    "to": [ 0.5, 15, 11 ],
    "faces": {
        "down":  { "uv": [ 10, 16, 11, 15.5 ], "rotation": 270, "texture": "#texture" },
        "up":    { "uv": [ 10, 15.5, 11, 16 ], "rotation": 90, "texture": "#texture" },
        "north": { "uv": [ 15.5, 1, 16, 15 ], "texture": "#texture" },
        "south": { "uv": [ 0, 1, 0.5, 15 ], "texture": "#texture" },
        "west":  { "uv": [ 10, 1, 11, 15 ], "texture": "#texture" },
        "east":  { "uv": [ 5, 1, 6, 15 ], "texture": "#texture" }
    }
},
{
    "from": [ 0, 1, 13 ],
    "to": [ 0.5, 15, 14 ],
    "faces": {
        "down":  { "uv": [ 13, 16, 14, 15.5 ], "rotation": 270, "texture": "#texture" },
        "up":    { "uv": [ 13, 15.5, 14, 16 ], "rotation": 90, "texture": "#texture" },
        "north": { "uv": [ 15.5, 1, 16, 15 ], "texture": "#texture" },
        "south": { "uv": [ 0, 1, 0.5, 15 ], "texture": "#texture" },
        "west":  { "uv": [ 13, 1, 14, 15 ], "texture": "#texture" },
        "east":  { "uv": [ 2, 1, 3, 15 ], "texture": "#texture" }
    }
},
{
    "from": [ 0, 1, 5 ],
    "to": [ 0.5, 15, 6 ],
    "faces": {
        "down":  { "uv": [ 5, 16, 6, 15.5 ], "rotation": 270, "texture": "#texture" },
        "up":    { "uv": [ 5, 15.5, 6, 16 ], "rotation": 90, "texture": "#texture" },
        "north": { "uv": [ 15.5, 1, 16, 15 ], "texture": "#texture" },
        "south": { "uv": [ 0, 1, 0.5, 15 ], "texture": "#texture" },
        "west":  { "uv": [ 5, 1, 6, 15 ], "texture": "#texture" },
        "east":  { "uv": [ 10, 1, 11, 15 ], "texture": "#texture" }
    }
},
{
    "from": [ 0, 1, 2 ],
    "to": [ 0.5, 15, 3 ],
    "faces": {
        "down":  { "uv": [ 2, 16, 3, 15.5 ], "rotation": 270, "texture": "#texture" },
        "up":    { "uv": [ 2, 15.5, 3, 16 ], "rotation": 90, "texture": "#texture" },
        "north": { "uv": [ 15.5, 1, 16, 15 ], "texture": "#texture" },
        "south": { "uv": [ 0, 1, 0.5, 15 ], "texture": "#texture" },
        "west":  { "uv": [ 2, 1, 3, 15 ], "texture": "#texture" },
        "east":  { "uv": [ 13, 1, 14, 15 ], "texture": "#texture" }
    }
},
{
    "from": [ 0, 1, 15 ],
    "to": [ 0.5, 15, 15.5 ],
    "faces": {
        "down":  { "uv": [ 15, 16, 15.5, 15.5 ], "rotation": 270, "texture": "#texture" },
        "up":    { "uv": [ 15, 15.5, 15.5, 16 ], "rotation": 90, "texture": "#texture" },
        "north": { "uv": [ 15.5, 1, 16, 15 ], "texture": "#texture" },
        "south": { "uv": [ 0, 1, 0.5, 15 ], "texture": "#texture" },
        "west":  { "uv": [ 15, 1, 15.5, 15 ], "texture": "#texture" },
        "east":  { "uv": [ 0.5, 1, 1, 15 ], "texture": "#texture" }
    }
},
{
    "from": [ 0, 1, 0.5 ],
    "to": [ 0.5, 15, 1 ],
    "faces": {
        "down":  { "uv": [ 0.5, 16, 1, 15.5 ], "rotation": 270, "texture": "#texture" },
        "up":    { "uv": [ 0.5, 15.5, 1, 16 ], "rotation": 90, "texture": "#texture" },
        "north": { "uv": [ 15.5, 1, 16, 15 ], "texture": "#texture" },
        "south": { "uv": [ 0, 1, 0.5, 15 ], "texture": "#texture" },
        "west":  { "uv": [ 0.5, 1, 1, 15 ], "texture": "#texture" },
        "east":  { "uv": [ 15, 1, 15.5, 15 ], "texture": "#texture" }
    }
},
{
    "from": [ 11, 2, 0 ],
    "to": [ 13, 3, 0.5 ],
    "faces": {
        "down":  { "uv": [ 11, 0.5, 13, 0 ], "texture": "#texture" },
        "up":    { "uv": [ 11, 0, 13, 0.5 ], "texture": "#texture" },
        "north": { "uv": [ 3, 13, 5, 14 ], "texture": "#texture" },
        "south": { "uv": [ 11, 13, 13, 14 ], "texture": "#texture" },
        "west":  { "uv": [ 0, 13, 0.5, 14 ], "texture": "#texture" },
        "east":  { "uv": [ 15.5, 13, 16, 14 ], "texture": "#texture" }
    }
},
{
    "from": [ 14, 5, 0 ],
    "to": [ 15, 6, 0.5 ],
    "faces": {
        "down":  { "uv": [ 14, 0.5, 15, 0 ], "texture": "#texture" },
        "up":    { "uv": [ 14, 0, 15, 0.5 ], "texture": "#texture" },
        "north": { "uv": [ 1, 10, 2, 11 ], "texture": "#texture" },
        "south": { "uv": [ 14, 10, 15, 11 ], "texture": "#texture" },
        "west":  { "uv": [ 0, 10, 0.5, 11 ], "texture": "#texture" },
        "east":  { "uv": [ 15.5, 10, 16, 11 ], "texture": "#texture" }
    }
},
{
    "from": [ 14, 10, 0 ],
    "to": [ 15, 11, 0.5 ],
    "faces": {
        "down":  { "uv": [ 14, 0.5, 15, 0 ], "texture": "#texture" },
        "up":    { "uv": [ 14, 0, 15, 0.5 ], "texture": "#texture" },
        "north": { "uv": [ 1, 5, 2, 6 ], "texture": "#texture" },
        "south": { "uv": [ 14, 5, 15, 6 ], "texture": "#texture" },
        "west":  { "uv": [ 0, 5, 0.5, 6 ], "texture": "#texture" },
        "east":  { "uv": [ 15.5, 5, 16, 6 ], "texture": "#texture" }
    }
},
{
    "from": [ 14, 13, 0 ],
    "to": [ 15, 14, 0.5 ],
    "faces": {
        "down":  { "uv": [ 14, 0.5, 15, 0 ], "texture": "#texture" },
        "up":    { "uv": [ 14, 0, 15, 0.5 ], "texture": "#texture" },
        "north": { "uv": [ 1, 2, 2, 3 ], "texture": "#texture" },
        "south": { "uv": [ 14, 2, 15, 3 ], "texture": "#texture" },
        "west":  { "uv": [ 0, 2, 0.5, 3 ], "texture": "#texture" },
        "east":  { "uv": [ 15.5, 2, 16, 3 ], "texture": "#texture" }
    }
},
{
    "from": [ 6, 2, 0 ],
    "to": [ 10, 3, 0.5 ],
    "faces": {
        "down":  { "uv": [ 6, 0.5, 10, 0 ], "texture": "#texture" },
        "up":    { "uv": [ 6, 0, 10, 0.5 ], "texture": "#texture" },
        "north": { "uv": [ 6, 13, 10, 14 ], "texture": "#texture" },
        "south": { "uv": [ 6, 13, 10, 14 ], "texture": "#texture" },
        "west":  { "uv": [ 0, 13, 0.5, 14 ], "texture": "#texture" },
        "east":  { "uv": [ 15.5, 13, 16, 14 ], "texture": "#texture" }
    }
},
{
    "from": [ 11, 5, 0 ],
    "to": [ 13, 6, 0.5 ],
    "faces": {
        "down":  { "uv": [ 11, 0.5, 13, 0 ], "texture": "#texture" },
        "up":    { "uv": [ 11, 0, 13, 0.5 ], "texture": "#texture" },
        "north": { "uv": [ 3, 10, 5, 11 ], "texture": "#texture" },
        "south": { "uv": [ 11, 10, 13, 11 ], "texture": "#texture" },
        "west":  { "uv": [ 0, 10, 0.5, 11 ], "texture": "#texture" },
        "east":  { "uv": [ 15.5, 10, 16, 11 ], "texture": "#texture" }
    }
},
{
    "from": [ 11, 10, 0 ],
    "to": [ 13, 11, 0.5 ],
    "faces": {
        "down":  { "uv": [ 11, 0.5, 13, 0 ], "texture": "#texture" },
        "up":    { "uv": [ 11, 0, 13, 0.5 ], "texture": "#texture" },
        "north": { "uv": [ 3, 5, 5, 6 ], "texture": "#texture" },
        "south": { "uv": [ 11, 5, 13, 6 ], "texture": "#texture" },
        "west":  { "uv": [ 0, 5, 0.5, 6 ], "texture": "#texture" },
        "east":  { "uv": [ 15.5, 5, 16, 6 ], "texture": "#texture" }
    }
},
{
    "from": [ 11, 13, 0 ],
    "to": [ 13, 14, 0.5 ],
    "faces": {
        "down":  { "uv": [ 11, 0.5, 13, 0 ], "texture": "#texture" },
        "up":    { "uv": [ 11, 0, 13, 0.5 ], "texture": "#texture" },
        "north": { "uv": [ 3, 2, 5, 3 ], "texture": "#texture" },
        "south": { "uv": [ 11, 2, 13, 3 ], "texture": "#texture" },
        "west":  { "uv": [ 0, 2, 0.5, 3 ], "texture": "#texture" },
        "east":  { "uv": [ 15.5, 2, 16, 3 ], "texture": "#texture" }
    }
},
{
    "from": [ 3, 2, 0 ],
    "to": [ 5, 3, 0.5 ],
    "faces": {
        "down":  { "uv": [ 3, 0.5, 5, 0 ], "texture": "#texture" },
        "up":    { "uv": [ 3, 0, 5, 0.5 ], "texture": "#texture" },
        "north": { "uv": [ 11, 13, 13, 14 ], "texture": "#texture" },
        "south": { "uv": [ 3, 13, 5, 14 ], "texture": "#texture" },
        "west":  { "uv": [ 0, 13, 0.5, 14 ], "texture": "#texture" },
        "east":  { "uv": [ 15.5, 13, 16, 14 ], "texture": "#texture" }
    }
},
{
    "from": [ 6, 5, 0 ],
    "to": [ 10, 6, 0.5 ],
    "faces": {
        "down":  { "uv": [ 6, 0.5, 10, 0 ], "texture": "#texture" },
        "up":    { "uv": [ 6, 0, 10, 0.5 ], "texture": "#texture" },
        "north": { "uv": [ 6, 10, 10, 11 ], "texture": "#texture" },
        "south": { "uv": [ 6, 10, 10, 11 ], "texture": "#texture" },
        "west":  { "uv": [ 0, 10, 0.5, 11 ], "texture": "#texture" },
        "east":  { "uv": [ 15.5, 10, 16, 11 ], "texture": "#texture" }
    }
},
{
    "from": [ 6, 10, 0 ],
    "to": [ 10, 11, 0.5 ],
    "faces": {
        "down":  { "uv": [ 6, 0.5, 10, 0 ], "texture": "#texture" },
        "up":    { "uv": [ 6, 0, 10, 0.5 ], "texture": "#texture" },
        "north": { "uv": [ 6, 5, 10, 6 ], "texture": "#texture" },
        "south": { "uv": [ 6, 5, 10, 6 ], "texture": "#texture" },
        "west":  { "uv": [ 0, 5, 0.5, 6 ], "texture": "#texture" },
        "east":  { "uv": [ 15.5, 5, 16, 6 ], "texture": "#texture" }
    }
},
{
    "from": [ 6, 13, 0 ],
    "to": [ 10, 14, 0.5 ],
    "faces": {
        "down":  { "uv": [ 6, 0.5, 10, 0 ], "texture": "#texture" },
        "up":    { "uv": [ 6, 0, 10, 0.5 ], "texture": "#texture" },
        "north": { "uv": [ 6, 2, 10, 3 ], "texture": "#texture" },
        "south": { "uv": [ 6, 2, 10, 3 ], "texture": "#texture" },
        "west":  { "uv": [ 0, 2, 0.5, 3 ], "texture": "#texture" },
        "east":  { "uv": [ 15.5, 2, 16, 3 ], "texture": "#texture" }
    }
},
{
    "from": [ 3, 2, 0 ],
    "to": [ 5, 3, 0.5 ],
    "faces": {
        "down":  { "uv": [ 3, 0.5, 5, 0 ], "texture": "#texture" },
        "up":    { "uv": [ 3, 0, 5, 0.5 ], "texture": "#texture" },
        "north": { "uv": [ 11, 13, 13, 14 ], "texture": "#texture" },
        "south": { "uv": [ 3, 13, 5, 14 ], "texture": "#texture" },
        "west":  { "uv": [ 0, 13, 0.5, 14 ], "texture": "#texture" },
        "east":  { "uv": [ 15.5, 13, 16, 14 ], "texture": "#texture" }
    }
},
{
    "from": [ 3, 5, 0 ],
    "to": [ 5, 6, 0.5 ],
    "faces": {
        "down":  { "uv": [ 3, 0.5, 5, 0 ], "texture": "#texture" },
        "up":    { "uv": [ 3, 0, 5, 0.5 ], "texture": "#texture" },
        "north": { "uv": [ 11, 10, 13, 11 ], "texture": "#texture" },
        "south": { "uv": [ 3, 10, 5, 11 ], "texture": "#texture" },
        "west":  { "uv": [ 0, 10, 0.5, 11 ], "texture": "#texture" },
        "east":  { "uv": [ 15.5, 10, 16, 11 ], "texture": "#texture" }
    }
},
{
    "from": [ 3, 10, 0 ],
    "to": [ 5, 11, 0.5 ],
    "faces": {
        "down":  { "uv": [ 3, 0.5, 5, 0 ], "texture": "#texture" },
        "up":    { "uv": [ 3, 0, 5, 0.5 ], "texture": "#texture" },
        "north": { "uv": [ 11, 5, 13, 6 ], "texture": "#texture" },
        "south": { "uv": [ 3, 5, 5, 6 ], "texture": "#texture" },
        "west":  { "uv": [ 0, 5, 0.5, 6 ], "texture": "#texture" },
        "east":  { "uv": [ 15.5, 5, 16, 6 ], "texture": "#texture" }
    }
},
{
    "from": [ 3, 13, 0 ],
    "to": [ 5, 14, 0.5 ],
    "faces": {
        "down":  { "uv": [ 3, 0.5, 5, 0 ], "texture": "#texture" },
        "up":    { "uv": [ 3, 0, 5, 0.5 ], "texture": "#texture" },
        "north": { "uv": [ 11, 2, 13, 3 ], "texture": "#texture" },
        "south": { "uv": [ 3, 2, 5, 3 ], "texture": "#texture" },
        "west":  { "uv": [ 0, 2, 0.5, 3 ], "texture": "#texture" },
        "east":  { "uv": [ 15.5, 2, 16, 3 ], "texture": "#texture" }
    }
},
{
    "from": [ 1, 2, 0 ],
    "to": [ 2, 3, 0.5 ],
    "faces": {
        "down":  { "uv": [ 1, 0.5, 2, 0 ], "texture": "#texture" },
        "up":    { "uv": [ 1, 0, 2, 0.5 ], "texture": "#texture" },
        "north": { "uv": [ 14, 13, 15, 14 ], "texture": "#texture" },
        "south": { "uv": [ 1, 13, 2, 14 ], "texture": "#texture" },
        "west":  { "uv": [ 0, 13, 0.5, 14 ], "texture": "#texture" },
        "east":  { "uv": [ 15.5, 13, 16, 14 ], "texture": "#texture" }
    }
},
{
    "from": [ 1, 5, 0 ],
    "to": [ 2, 6, 0.5 ],
    "faces": {
        "down":  { "uv": [ 1, 0.5, 2, 0 ], "texture": "#texture" },
        "up":    { "uv": [ 1, 0, 2, 0.5 ], "texture": "#texture" },
        "north": { "uv": [ 14, 10, 15, 11 ], "texture": "#texture" },
        "south": { "uv": [ 1, 10, 2, 11 ], "texture": "#texture" },
        "west":  { "uv": [ 0, 10, 0.5, 11 ], "texture": "#texture" },
        "east":  { "uv": [ 15.5, 10, 16, 11 ], "texture": "#texture" }
    }
},
{
    "from": [ 1, 10, 0 ],
    "to": [ 2, 11, 0.5 ],
    "faces": {
        "down":  { "uv": [ 1, 0.5, 2, 0 ], "texture": "#texture" },
        "up":    { "uv": [ 1, 0, 2, 0.5 ], "texture": "#texture" },
        "north": { "uv": [ 14, 5, 15, 6 ], "texture": "#texture" },
        "south": { "uv": [ 1, 5, 2, 6 ], "texture": "#texture" },
        "west":  { "uv": [ 0, 5, 0.5, 6 ], "texture": "#texture" },
        "east":  { "uv": [ 15.5, 5, 16, 6 ], "texture": "#texture" }
    }
},
{
    "from": [ 1, 13, 0 ],
    "to": [ 2, 14, 0.5 ],
    "faces": {
        "down":  { "uv": [ 1, 0.5, 2, 0 ], "texture": "#texture" },
        "up":    { "uv": [ 1, 0, 2, 0.5 ], "texture": "#texture" },
        "north": { "uv": [ 14, 2, 15, 3 ], "texture": "#texture" },
        "south": { "uv": [ 1, 2, 2, 3 ], "texture": "#texture" },
        "west":  { "uv": [ 0, 2, 0.5, 3 ], "texture": "#texture" },
        "east":  { "uv": [ 15.5, 2, 16, 3 ], "texture": "#texture" }
    }
},
{
    "from": [ 15, 1, 0 ],
    "to": [ 15.5, 15, 0.5 ],
    "faces": {
        "down":  { "uv": [ 15, 0.5, 15.5, 0 ], "texture": "#texture" },
        "up":    { "uv": [ 15, 0, 15.5, 0.5 ], "texture": "#texture" },
        "north": { "uv": [ 0.5, 1, 1, 15 ], "texture": "#texture" },
        "south": { "uv": [ 15, 1, 15.5, 15 ], "texture": "#texture" },
        "west":  { "uv": [ 0, 1, 0.5, 15 ], "texture": "#texture" },
        "east":  { "uv": [ 15.5, 1, 16, 15 ], "texture": "#texture" }
    }
},
{
    "from": [ 13, 1, 0 ],
    "to": [ 14, 15, 0.5 ],
    "faces": {
        "down":  { "uv": [ 13, 0.5, 14, 0 ], "texture": "#texture" },
        "up":    { "uv": [ 13, 0, 14, 0.5 ], "texture": "#texture" },
        "north": { "uv": [ 2, 1, 3, 15 ], "texture": "#texture" },
        "south": { "uv": [ 13, 1, 14, 15 ], "texture": "#texture" },
        "west":  { "uv": [ 0, 1, 0.5, 15 ], "texture": "#texture" },
        "east":  { "uv": [ 15.5, 1, 16, 15 ], "texture": "#texture" }
    }
},
{
    "from": [ 10, 1, 0 ],
    "to": [ 11, 15, 0.5 ],
    "faces": {
        "down":  { "uv": [ 10, 0.5, 11, 0 ], "texture": "#texture" },
        "up":    { "uv": [ 10, 0, 11, 0.5 ], "texture": "#texture" },
        "north": { "uv": [ 5, 1, 6, 15 ], "texture": "#texture" },
        "south": { "uv": [ 10, 1, 11, 15 ], "texture": "#texture" },
        "west":  { "uv": [ 0, 1, 0.5, 15 ], "texture": "#texture" },
        "east":  { "uv": [ 15.5, 1, 16, 15 ], "texture": "#texture" }
    }
},
{
    "from": [ 5, 1, 0 ],
    "to": [ 6, 15, 0.5 ],
    "faces": {
        "down":  { "uv": [ 5, 0.5, 6, 0 ], "texture": "#texture" },
        "up":    { "uv": [ 5, 0, 6, 0.5 ], "texture": "#texture" },
        "north": { "uv": [ 10, 1, 11, 15 ], "texture": "#texture" },
        "south": { "uv": [ 5, 1, 6, 15 ], "texture": "#texture" },
        "west":  { "uv": [ 0, 1, 0.5, 15 ], "texture": "#texture" },
        "east":  { "uv": [ 15.5, 1, 16, 15 ], "texture": "#texture" }
    }
},
{
    "from": [ 2, 1, 0 ],
    "to": [ 3, 15, 0.5 ],
    "faces": {
        "down":  { "uv": [ 2, 0.5, 3, 0 ], "texture": "#texture" },
        "up":    { "uv": [ 2, 0, 3, 0.5 ], "texture": "#texture" },
        "north": { "uv": [ 13, 1, 14, 15 ], "texture": "#texture" },
        "south": { "uv": [ 2, 1, 3, 15 ], "texture": "#texture" },
        "west":  { "uv": [ 0, 1, 0.5, 15 ], "texture": "#texture" },
        "east":  { "uv": [ 15.5, 1, 16, 15 ], "texture": "#texture" }
    }
},
{
    "from": [ 0.5, 0.5, 0 ],
    "to": [ 15.5, 1, 0.5 ],
    "faces": {
        "down":  { "uv": [ 0.5, 0.5, 15.5, 0 ], "texture": "#texture" },
        "up":    { "uv": [ 0.5, 0, 15.5, 0.5 ], "texture": "#texture" },
        "north": { "uv": [ 0.5, 15, 15.5, 15.5 ], "texture": "#texture" },
        "south": { "uv": [ 0.5, 15, 15.5, 15.5 ], "texture": "#texture" },
        "west":  { "uv": [ 0, 15, 0.5, 15.5 ], "texture": "#texture" },
        "east":  { "uv": [ 15.5, 15, 16, 15.5 ], "texture": "#texture" }
    }
},
{
    "from": [ 0.5, 1, 0 ],
    "to": [ 1, 15, 0.5 ],
    "faces": {
        "down":  { "uv": [ 0.5, 0.5, 1, 0 ], "texture": "#texture" },
        "up":    { "uv": [ 0.5, 0, 1, 0.5 ], "texture": "#texture" },
        "north": { "uv": [ 15, 1, 15.5, 15 ], "texture": "#texture" },
        "south": { "uv": [ 0.5, 1, 1, 15 ], "texture": "#texture" },
        "west":  { "uv": [ 0, 1, 0.5, 15 ], "texture": "#texture" },
        "east":  { "uv": [ 15.5, 1, 16, 15 ], "texture": "#texture" }
    }
},
{
    "from": [ 0.5, 15, 0 ],
    "to": [ 15.5, 15.5, 0.5 ],
    "faces": {
        "down":  { "uv": [ 0.5, 16, 15.5, 15.5 ], "texture": "#texture" },
        "up":    { "uv": [ 0.5, 15.5, 15.5, 16 ], "texture": "#texture" },
        "north": { "uv": [ 0.5, 0.5, 15.5, 1 ], "texture": "#texture" },
        "south": { "uv": [ 0.5, 0.5, 15.5, 1 ], "texture": "#texture" },
        "west":  { "uv": [ 15.5, 0.5, 16, 1 ], "texture": "#texture" },
        "east":  { "uv": [ 0, 0.5, 0.5, 1 ], "texture": "#texture" }
    }
},
{
    "from": [ 6, 13, 15.5 ],
    "to": [ 10, 14, 16 ],
    "faces": {
        "down":  { "uv": [ 6, 16, 10, 15.5 ], "texture": "#texture" },
        "up":    { "uv": [ 6, 15.5, 10, 16 ], "texture": "#texture" },
        "north": { "uv": [ 6, 2, 10, 3 ], "texture": "#texture" },
        "south": { "uv": [ 6, 2, 10, 3 ], "texture": "#texture" },
        "west":  { "uv": [ 15.5, 2, 16, 3 ], "texture": "#texture" },
        "east":  { "uv": [ 0, 2, 0.5, 3 ], "texture": "#texture" }
    }
},
{
    "from": [ 6, 10, 15.5 ],
    "to": [ 10, 11, 16 ],
    "faces": {
        "down":  { "uv": [ 6, 16, 10, 15.5 ], "texture": "#texture" },
        "up":    { "uv": [ 6, 15.5, 10, 16 ], "texture": "#texture" },
        "north": { "uv": [ 6, 5, 10, 6 ], "texture": "#texture" },
        "south": { "uv": [ 6, 5, 10, 6 ], "texture": "#texture" },
        "west":  { "uv": [ 15.5, 5, 16, 6 ], "texture": "#texture" },
        "east":  { "uv": [ 0, 5, 0.5, 6 ], "texture": "#texture" }
    }
},
{
    "from": [ 6, 5, 15.5 ],
    "to": [ 10, 6, 16 ],
    "faces": {
        "down":  { "uv": [ 6, 16, 10, 15.5 ], "texture": "#texture" },
        "up":    { "uv": [ 6, 15.5, 10, 16 ], "texture": "#texture" },
        "north": { "uv": [ 6, 10, 10, 11 ], "texture": "#texture" },
        "south": { "uv": [ 6, 10, 10, 11 ], "texture": "#texture" },
        "west":  { "uv": [ 15.5, 10, 16, 11 ], "texture": "#texture" },
        "east":  { "uv": [ 0, 10, 0.5, 11 ], "texture": "#texture" }
    }
},
{
    "from": [ 6, 2, 15.5 ],
    "to": [ 10, 3, 16 ],
    "faces": {
        "down":  { "uv": [ 6, 16, 10, 15.5 ], "texture": "#texture" },
        "up":    { "uv": [ 6, 15.5, 10, 16 ], "texture": "#texture" },
        "north": { "uv": [ 6, 13, 10, 14 ], "texture": "#texture" },
        "south": { "uv": [ 6, 13, 10, 14 ], "texture": "#texture" },
        "west":  { "uv": [ 15.5, 13, 16, 14 ], "texture": "#texture" },
        "east":  { "uv": [ 0, 13, 0.5, 14 ], "texture": "#texture" }
    }
},
{
    "from": [ 14, 2, 15.5 ],
    "to": [ 15, 3, 16 ],
    "faces": {
        "down":  { "uv": [ 14, 16, 15, 15.5 ], "texture": "#texture" },
        "up":    { "uv": [ 14, 15.5, 15, 16 ], "texture": "#texture" },
        "north": { "uv": [ 1, 13, 2, 14 ], "texture": "#texture" },
        "south": { "uv": [ 14, 13, 15, 14 ], "texture": "#texture" },
        "west":  { "uv": [ 15.5, 13, 16, 14 ], "texture": "#texture" },
        "east":  { "uv": [ 0, 13, 0.5, 14 ], "texture": "#texture" }
    }
},
{
    "from": [ 14, 5, 15.5 ],
    "to": [ 15, 6, 16 ],
    "faces": {
        "down":  { "uv": [ 14, 16, 15, 15.5 ], "texture": "#texture" },
        "up":    { "uv": [ 14, 15.5, 15, 16 ], "texture": "#texture" },
        "north": { "uv": [ 1, 10, 2, 11 ], "texture": "#texture" },
        "south": { "uv": [ 14, 10, 15, 11 ], "texture": "#texture" },
        "west":  { "uv": [ 15.5, 10, 16, 11 ], "texture": "#texture" },
        "east":  { "uv": [ 0, 10, 0.5, 11 ], "texture": "#texture" }
    }
},
{
    "from": [ 14, 10, 15.5 ],
    "to": [ 15, 11, 16 ],
    "faces": {
        "down":  { "uv": [ 14, 16, 15, 15.5 ], "texture": "#texture" },
        "up":    { "uv": [ 14, 15.5, 15, 16 ], "texture": "#texture" },
        "north": { "uv": [ 1, 5, 2, 6 ], "texture": "#texture" },
        "south": { "uv": [ 14, 5, 15, 6 ], "texture": "#texture" },
        "west":  { "uv": [ 15.5, 5, 16, 6 ], "texture": "#texture" },
        "east":  { "uv": [ 0, 5, 0.5, 6 ], "texture": "#texture" }
    }
},
{
    "from": [ 14, 13, 15.5 ],
    "to": [ 15, 14, 16 ],
    "faces": {
        "down":  { "uv": [ 14, 16, 15, 15.5 ], "texture": "#texture" },
        "up":    { "uv": [ 14, 15.5, 15, 16 ], "texture": "#texture" },
        "north": { "uv": [ 1, 2, 2, 3 ], "texture": "#texture" },
        "south": { "uv": [ 14, 2, 15, 3 ], "texture": "#texture" },
        "west":  { "uv": [ 15.5, 2, 16, 3 ], "texture": "#texture" },
        "east":  { "uv": [ 0, 2, 0.5, 3 ], "texture": "#texture" }
    }
},
{
    "from": [ 11, 2, 15.5 ],
    "to": [ 13, 3, 16 ],
    "faces": {
        "down":  { "uv": [ 11, 16, 13, 15.5 ], "texture": "#texture" },
        "up":    { "uv": [ 11, 15.5, 13, 16 ], "texture": "#texture" },
        "north": { "uv": [ 3, 13, 5, 14 ], "texture": "#texture" },
        "south": { "uv": [ 11, 13, 13, 14 ], "texture": "#texture" },
        "west":  { "uv": [ 15.5, 13, 16, 14 ], "texture": "#texture" },
        "east":  { "uv": [ 0, 13, 0.5, 14 ], "texture": "#texture" }
    }
},
{
    "from": [ 11, 5, 15.5 ],
    "to": [ 13, 6, 16 ],
    "faces": {
        "down":  { "uv": [ 11, 16, 13, 15.5 ], "texture": "#texture" },
        "up":    { "uv": [ 11, 15.5, 13, 16 ], "texture": "#texture" },
        "north": { "uv": [ 3, 10, 5, 11 ], "texture": "#texture" },
        "south": { "uv": [ 11, 10, 13, 11 ], "texture": "#texture" },
        "west":  { "uv": [ 15.5, 10, 16, 11 ], "texture": "#texture" },
        "east":  { "uv": [ 0, 10, 0.5, 11 ], "texture": "#texture" }
    }
},
{
    "from": [ 11, 10, 15.5 ],
    "to": [ 13, 11, 16 ],
    "faces": {
        "down":  { "uv": [ 11, 16, 13, 15.5 ], "texture": "#texture" },
        "up":    { "uv": [ 11, 15.5, 13, 16 ], "texture": "#texture" },
        "north": { "uv": [ 3, 5, 5, 6 ], "texture": "#texture" },
        "south": { "uv": [ 11, 5, 13, 6 ], "texture": "#texture" },
        "west":  { "uv": [ 15.5, 5, 16, 6 ], "texture": "#texture" },
        "east":  { "uv": [ 0, 5, 0.5, 6 ], "texture": "#texture" }
    }
},
{
    "from": [ 11, 13, 15.5 ],
    "to": [ 13, 14, 16 ],
    "faces": {
        "down":  { "uv": [ 11, 16, 13, 15.5 ], "texture": "#texture" },
        "up":    { "uv": [ 11, 15.5, 13, 16 ], "texture": "#texture" },
        "north": { "uv": [ 3, 2, 5, 3 ], "texture": "#texture" },
        "south": { "uv": [ 11, 2, 13, 3 ], "texture": "#texture" },
        "west":  { "uv": [ 15.5, 2, 16, 3 ], "texture": "#texture" },
        "east":  { "uv": [ 0, 2, 0.5, 3 ], "texture": "#texture" }
    }
},
{
    "from": [ 3, 13, 15.5 ],
    "to": [ 5, 14, 16 ],
    "faces": {
        "down":  { "uv": [ 3, 16, 5, 15.5 ], "texture": "#texture" },
        "up":    { "uv": [ 3, 15.5, 5, 16 ], "texture": "#texture" },
        "north": { "uv": [ 11, 2, 13, 3 ], "texture": "#texture" },
        "south": { "uv": [ 3, 2, 5, 3 ], "texture": "#texture" },
        "west":  { "uv": [ 15.5, 2, 16, 3 ], "texture": "#texture" },
        "east":  { "uv": [ 0, 2, 0.5, 3 ], "texture": "#texture" }
    }
},
{
    "from": [ 3, 10, 15.5 ],
    "to": [ 5, 11, 16 ],
    "faces": {
        "down":  { "uv": [ 3, 16, 5, 15.5 ], "texture": "#texture" },
        "up":    { "uv": [ 3, 15.5, 5, 16 ], "texture": "#texture" },
        "north": { "uv": [ 11, 5, 13, 6 ], "texture": "#texture" },
        "south": { "uv": [ 3, 5, 5, 6 ], "texture": "#texture" },
        "west":  { "uv": [ 15.5, 5, 16, 6 ], "texture": "#texture" },
        "east":  { "uv": [ 0, 5, 0.5, 6 ], "texture": "#texture" }
    }
},
{
    "from": [ 3, 2, 15.5 ],
    "to": [ 5, 3, 16 ],
    "faces": {
        "down":  { "uv": [ 3, 16, 5, 15.5 ], "texture": "#texture" },
        "up":    { "uv": [ 3, 15.5, 5, 16 ], "texture": "#texture" },
        "north": { "uv": [ 11, 13, 13, 14 ], "texture": "#texture" },
        "south": { "uv": [ 3, 13, 5, 14 ], "texture": "#texture" },
        "west":  { "uv": [ 15.5, 13, 16, 14 ], "texture": "#texture" },
        "east":  { "uv": [ 0, 13, 0.5, 14 ], "texture": "#texture" }
    }
},
{
    "from": [ 3, 5, 15.5 ],
    "to": [ 5, 6, 16 ],
    "faces": {
        "down":  { "uv": [ 3, 16, 5, 15.5 ], "texture": "#texture" },
        "up":    { "uv": [ 3, 15.5, 5, 16 ], "texture": "#texture" },
        "north": { "uv": [ 11, 10, 13, 11 ], "texture": "#texture" },
        "south": { "uv": [ 3, 10, 5, 11 ], "texture": "#texture" },
        "west":  { "uv": [ 15.5, 10, 16, 11 ], "texture": "#texture" },
        "east":  { "uv": [ 0, 10, 0.5, 11 ], "texture": "#texture" }
    }
},
{
    "from": [ 1, 5, 15.5 ],
    "to": [ 2, 6, 16 ],
    "faces": {
        "down":  { "uv": [ 1, 16, 2, 15.5 ], "texture": "#texture" },
        "up":    { "uv": [ 1, 15.5, 2, 16 ], "texture": "#texture" },
        "north": { "uv": [ 14, 10, 15, 11 ], "texture": "#texture" },
        "south": { "uv": [ 1, 10, 2, 11 ], "texture": "#texture" },
        "west":  { "uv": [ 15.5, 10, 16, 11 ], "texture": "#texture" },
        "east":  { "uv": [ 0, 10, 0.5, 11 ], "texture": "#texture" }
    }
},
{
    "from": [ 1, 2, 15.5 ],
    "to": [ 2, 3, 16 ],
    "faces": {
        "down":  { "uv": [ 1, 16, 2, 15.5 ], "texture": "#texture" },
        "up":    { "uv": [ 1, 15.5, 2, 16 ], "texture": "#texture" },
        "north": { "uv": [ 14, 13, 15, 14 ], "texture": "#texture" },
        "south": { "uv": [ 1, 13, 2, 14 ], "texture": "#texture" },
        "west":  { "uv": [ 15.5, 13, 16, 14 ], "texture": "#texture" },
        "east":  { "uv": [ 0, 13, 0.5, 14 ], "texture": "#texture" }
    }
},
{
    "from": [ 1, 10, 15.5 ],
    "to": [ 2, 11, 16 ],
    "faces": {
        "down":  { "uv": [ 1, 16, 2, 15.5 ], "texture": "#texture" },
        "up":    { "uv": [ 1, 15.5, 2, 16 ], "texture": "#texture" },
        "north": { "uv": [ 14, 5, 15, 6 ], "texture": "#texture" },
        "south": { "uv": [ 1, 5, 2, 6 ], "texture": "#texture" },
        "west":  { "uv": [ 15.5, 5, 16, 6 ], "texture": "#texture" },
        "east":  { "uv": [ 0, 5, 0.5, 6 ], "texture": "#texture" }
    }
},
{
    "from": [ 1, 13, 15.5 ],
    "to": [ 2, 14, 16 ],
    "faces": {
        "down":  { "uv": [ 1, 16, 2, 15.5 ], "texture": "#texture" },
        "up":    { "uv": [ 1, 15.5, 2, 16 ], "texture": "#texture" },
        "north": { "uv": [ 14, 2, 15, 3 ], "texture": "#texture" },
        "south": { "uv": [ 1, 2, 2, 3 ], "texture": "#texture" },
        "west":  { "uv": [ 15.5, 2, 16, 3 ], "texture": "#texture" },
        "east":  { "uv": [ 0, 2, 0.5, 3 ], "texture": "#texture" }
    }
},
{
    "from": [ 0.5, 15, 15.5 ],
    "to": [ 15.5, 15.5, 16 ],
    "faces": {
        "down":  { "uv": [ 0.5, 16, 15.5, 15.5 ], "texture": "#texture" },
        "up":    { "uv": [ 0.5, 15.5, 15.5, 16 ], "texture": "#texture" },
        "north": { "uv": [ 0.5, 0.5, 15.5, 1 ], "texture": "#texture" },
        "south": { "uv": [ 0.5, 0.5, 15.5, 1 ], "texture": "#texture" },
        "west":  { "uv": [ 15.5, 0.5, 16, 1 ], "texture": "#texture" },
        "east":  { "uv": [ 0, 0.5, 0.5, 1 ], "texture": "#texture" }
    }
},
{
    "from": [ 0, 0, 15 ],
    "to": [ 16, 0.5, 16 ],
    "faces": {
        "down":  { "uv": [ 0, 16, 16, 15 ], "texture": "#texture" },
        "up":    { "uv": [ 0, 15, 16, 16 ], "texture": "#texture" },
        "north": { "uv": [ 0, 15.5, 16, 16 ], "texture": "#texture" },
        "south": { "uv": [ 0, 15.5, 16, 16 ], "texture": "#texture" },
        "west":  { "uv": [ 15, 15.5, 16, 16 ], "texture": "#texture" },
        "east":  { "uv": [ 0, 15.5, 1, 16 ], "texture": "#texture" }
    }
},
{
    "from": [ 0.5, 0.5, 15.5 ],
    "to": [ 15.5, 1, 16 ],
    "faces": {
        "down":  { "uv": [ 0.5, 16, 15.5, 15.5 ], "texture": "#texture" },
        "up":    { "uv": [ 0.5, 15.5, 15.5, 16 ], "texture": "#texture" },
        "north": { "uv": [ 0.5, 15, 15.5, 15.5 ], "texture": "#texture" },
        "south": { "uv": [ 0.5, 15, 15.5, 15.5 ], "texture": "#texture" },
        "west":  { "uv": [ 15.5, 15, 16, 15.5 ], "texture": "#texture" },
        "east":  { "uv": [ 0, 15, 0.5, 15.5 ], "texture": "#texture" }
    }
},
{
    "from": [ 10, 1, 15.5 ],
    "to": [ 11, 15, 16 ],
    "faces": {
        "down":  { "uv": [ 10, 16, 11, 15.5 ], "texture": "#texture" },
        "up":    { "uv": [ 10, 15.5, 11, 16 ], "texture": "#texture" },
        "north": { "uv": [ 5, 1, 6, 15 ], "texture": "#texture" },
        "south": { "uv": [ 10, 1, 11, 15 ], "texture": "#texture" },
        "west":  { "uv": [ 15.5, 1, 16, 15 ], "texture": "#texture" },
        "east":  { "uv": [ 0, 1, 0.5, 15 ], "texture": "#texture" }
    }
},
{
    "from": [ 13, 1, 15.5 ],
    "to": [ 14, 15, 16 ],
    "faces": {
        "down":  { "uv": [ 13, 16, 14, 15.5 ], "texture": "#texture" },
        "up":    { "uv": [ 13, 15.5, 14, 16 ], "texture": "#texture" },
        "north": { "uv": [ 2, 1, 3, 15 ], "texture": "#texture" },
        "south": { "uv": [ 13, 1, 14, 15 ], "texture": "#texture" },
        "west":  { "uv": [ 15.5, 1, 16, 15 ], "texture": "#texture" },
        "east":  { "uv": [ 0, 1, 0.5, 15 ], "texture": "#texture" }
    }
},
{
    "from": [ 5, 1, 15.5 ],
    "to": [ 6, 15, 16 ],
    "faces": {
        "down":  { "uv": [ 5, 16, 6, 15.5 ], "texture": "#texture" },
        "up":    { "uv": [ 5, 15.5, 6, 16 ], "texture": "#texture" },
        "north": { "uv": [ 10, 1, 11, 15 ], "texture": "#texture" },
        "south": { "uv": [ 5, 1, 6, 15 ], "texture": "#texture" },
        "west":  { "uv": [ 15.5, 1, 16, 15 ], "texture": "#texture" },
        "east":  { "uv": [ 0, 1, 0.5, 15 ], "texture": "#texture" }
    }
},
{
    "from": [ 2, 1, 15.5 ],
    "to": [ 3, 15, 16 ],
    "faces": {
        "down":  { "uv": [ 2, 16, 3, 15.5 ], "texture": "#texture" },
        "up":    { "uv": [ 2, 15.5, 3, 16 ], "texture": "#texture" },
        "north": { "uv": [ 13, 1, 14, 15 ], "texture": "#texture" },
        "south": { "uv": [ 2, 1, 3, 15 ], "texture": "#texture" },
        "west":  { "uv": [ 15.5, 1, 16, 15 ], "texture": "#texture" },
        "east":  { "uv": [ 0, 1, 0.5, 15 ], "texture": "#texture" }
    }
},
{
    "from": [ 15, 1, 15.5 ],
    "to": [ 15.5, 15, 16 ],
    "faces": {
        "down":  { "uv": [ 15, 16, 15.5, 15.5 ], "texture": "#texture" },
        "up":    { "uv": [ 15, 15.5, 15.5, 16 ], "texture": "#texture" },
        "north": { "uv": [ 0.5, 1, 1, 15 ], "texture": "#texture" },
        "south": { "uv": [ 15, 1, 15.5, 15 ], "texture": "#texture" },
        "west":  { "uv": [ 15.5, 1, 16, 15 ], "texture": "#texture" },
        "east":  { "uv": [ 0, 1, 0.5, 15 ], "texture": "#texture" }
    }
},
{
    "from": [ 0.5, 1, 15.5 ],
    "to": [ 1, 15, 16 ],
    "faces": {
        "down":  { "uv": [ 0.5, 16, 1, 15.5 ], "texture": "#texture" },
        "up":    { "uv": [ 0.5, 15.5, 1, 16 ], "texture": "#texture" },
        "north": { "uv": [ 15, 1, 15.5, 15 ], "texture": "#texture" },
        "south": { "uv": [ 0.5, 1, 1, 15 ], "texture": "#texture" },
        "west":  { "uv": [ 15.5, 1, 16, 15 ], "texture": "#texture" },
        "east":  { "uv": [ 0, 1, 0.5, 15 ], "texture": "#texture" }
    }
},
{
    "from": [ 11, 0, 13 ],
    "to": [ 13, 0.5, 14 ],
    "faces": {
        "down":  { "uv": [ 11, 14, 13, 13 ], "texture": "#texture" },
        "up":    { "uv": [ 11, 13, 13, 14 ], "texture": "#texture" },
        "north": { "uv": [ 3, 15.5, 5, 16 ], "texture": "#texture" },
        "south": { "uv": [ 11, 15.5, 13, 16 ], "texture": "#texture" },
        "west":  { "uv": [ 13, 15.5, 14, 16 ], "texture": "#texture" },
        "east":  { "uv": [ 2, 15.5, 3, 16 ], "texture": "#texture" }
    }
},
{
    "from": [ 6, 0, 13 ],
    "to": [ 10, 0.5, 14 ],
    "faces": {
        "down":  { "uv": [ 6, 14, 10, 13 ], "texture": "#texture" },
        "up":    { "uv": [ 6, 13, 10, 14 ], "texture": "#texture" },
        "north": { "uv": [ 6, 15.5, 10, 16 ], "texture": "#texture" },
        "south": { "uv": [ 6, 15.5, 10, 16 ], "texture": "#texture" },
        "west":  { "uv": [ 13, 15.5, 14, 16 ], "texture": "#texture" },
        "east":  { "uv": [ 2, 15.5, 3, 16 ], "texture": "#texture" }
    }
},
{
    "from": [ 6, 0, 10 ],
    "to": [ 10, 0.5, 11 ],
    "faces": {
        "down":  { "uv": [ 6, 11, 10, 10 ], "texture": "#texture" },
        "up":    { "uv": [ 6, 10, 10, 11 ], "texture": "#texture" },
        "north": { "uv": [ 6, 15.5, 10, 16 ], "texture": "#texture" },
        "south": { "uv": [ 6, 15.5, 10, 16 ], "texture": "#texture" },
        "west":  { "uv": [ 10, 15.5, 11, 16 ], "texture": "#texture" },
        "east":  { "uv": [ 5, 15.5, 6, 16 ], "texture": "#texture" }
    }
},
{
    "from": [ 6, 0, 5 ],
    "to": [ 10, 0.5, 6 ],
    "faces": {
        "down":  { "uv": [ 6, 6, 10, 5 ], "texture": "#texture" },
        "up":    { "uv": [ 6, 5, 10, 6 ], "texture": "#texture" },
        "north": { "uv": [ 6, 15.5, 10, 16 ], "texture": "#texture" },
        "south": { "uv": [ 6, 15.5, 10, 16 ], "texture": "#texture" },
        "west":  { "uv": [ 5, 15.5, 6, 16 ], "texture": "#texture" },
        "east":  { "uv": [ 10, 15.5, 11, 16 ], "texture": "#texture" }
    }
},
{
    "from": [ 6, 0, 2 ],
    "to": [ 10, 0.5, 3 ],
    "faces": {
        "down":  { "uv": [ 6, 3, 10, 2 ], "texture": "#texture" },
        "up":    { "uv": [ 6, 2, 10, 3 ], "texture": "#texture" },
        "north": { "uv": [ 6, 15.5, 10, 16 ], "texture": "#texture" },
        "south": { "uv": [ 6, 15.5, 10, 16 ], "texture": "#texture" },
        "west":  { "uv": [ 2, 15.5, 3, 16 ], "texture": "#texture" },
        "east":  { "uv": [ 13, 15.5, 14, 16 ], "texture": "#texture" }
    }
},
{
    "from": [ 11, 0, 10 ],
    "to": [ 13, 0.5, 11 ],
    "faces": {
        "down":  { "uv": [ 11, 11, 13, 10 ], "texture": "#texture" },
        "up":    { "uv": [ 11, 10, 13, 11 ], "texture": "#texture" },
        "north": { "uv": [ 3, 15.5, 5, 16 ], "texture": "#texture" },
        "south": { "uv": [ 11, 15.5, 13, 16 ], "texture": "#texture" },
        "west":  { "uv": [ 10, 15.5, 11, 16 ], "texture": "#texture" },
        "east":  { "uv": [ 5, 15.5, 6, 16 ], "texture": "#texture" }
    }
},
{
    "from": [ 11, 0, 5 ],
    "to": [ 13, 0.5, 6 ],
    "faces": {
        "down":  { "uv": [ 11, 6, 13, 5 ], "texture": "#texture" },
        "up":    { "uv": [ 11, 5, 13, 6 ], "texture": "#texture" },
        "north": { "uv": [ 3, 15.5, 5, 16 ], "texture": "#texture" },
        "south": { "uv": [ 11, 15.5, 13, 16 ], "texture": "#texture" },
        "west":  { "uv": [ 5, 15.5, 6, 16 ], "texture": "#texture" },
        "east":  { "uv": [ 10, 15.5, 11, 16 ], "texture": "#texture" }
    }
},
{
    "from": [ 10, 0, 1 ],
    "to": [ 11, 0.5, 15 ],
    "faces": {
        "down":  { "uv": [ 10, 15, 11, 1 ], "texture": "#texture" },
        "up":    { "uv": [ 10, 1, 11, 15 ], "texture": "#texture" },
        "north": { "uv": [ 5, 15.5, 6, 16 ], "texture": "#texture" },
        "south": { "uv": [ 10, 15.5, 11, 16 ], "texture": "#texture" },
        "west":  { "uv": [ 1, 15.5, 15, 16 ], "texture": "#texture" },
        "east":  { "uv": [ 1, 15.5, 15, 16 ], "texture": "#texture" }
    }
},
{
    "from": [ 10, 0, 1 ],
    "to": [ 11, 0.5, 15 ],
    "faces": {
        "down":  { "uv": [ 10, 15, 11, 1 ], "texture": "#texture" },
        "up":    { "uv": [ 10, 1, 11, 15 ], "texture": "#texture" },
        "north": { "uv": [ 5, 15.5, 6, 16 ], "texture": "#texture" },
        "south": { "uv": [ 10, 15.5, 11, 16 ], "texture": "#texture" },
        "west":  { "uv": [ 1, 15.5, 15, 16 ], "texture": "#texture" },
        "east":  { "uv": [ 1, 15.5, 15, 16 ], "texture": "#texture" }
    }
},
{
    "from": [ 11, 0, 2 ],
    "to": [ 13, 0.5, 3 ],
    "faces": {
        "down":  { "uv": [ 11, 3, 13, 2 ], "texture": "#texture" },
        "up":    { "uv": [ 11, 2, 13, 3 ], "texture": "#texture" },
        "north": { "uv": [ 3, 15.5, 5, 16 ], "texture": "#texture" },
        "south": { "uv": [ 11, 15.5, 13, 16 ], "texture": "#texture" },
        "west":  { "uv": [ 2, 15.5, 3, 16 ], "texture": "#texture" },
        "east":  { "uv": [ 13, 15.5, 14, 16 ], "texture": "#texture" }
    }
},
{
    "from": [ 3, 0, 13 ],
    "to": [ 5, 0.5, 14 ],
    "faces": {
        "down":  { "uv": [ 3, 14, 5, 13 ], "texture": "#texture" },
        "up":    { "uv": [ 3, 13, 5, 14 ], "texture": "#texture" },
        "north": { "uv": [ 11, 15.5, 13, 16 ], "texture": "#texture" },
        "south": { "uv": [ 3, 15.5, 5, 16 ], "texture": "#texture" },
        "west":  { "uv": [ 13, 15.5, 14, 16 ], "texture": "#texture" },
        "east":  { "uv": [ 2, 15.5, 3, 16 ], "texture": "#texture" }
    }
},
{
    "from": [ 3, 0, 10 ],
    "to": [ 5, 0.5, 11 ],
    "faces": {
        "down":  { "uv": [ 3, 11, 5, 10 ], "texture": "#texture" },
        "up":    { "uv": [ 3, 10, 5, 11 ], "texture": "#texture" },
        "north": { "uv": [ 11, 15.5, 13, 16 ], "texture": "#texture" },
        "south": { "uv": [ 3, 15.5, 5, 16 ], "texture": "#texture" },
        "west":  { "uv": [ 10, 15.5, 11, 16 ], "texture": "#texture" },
        "east":  { "uv": [ 5, 15.5, 6, 16 ], "texture": "#texture" }
    }
},
{
    "from": [ 3, 0, 5 ],
    "to": [ 5, 0.5, 6 ],
    "faces": {
        "down":  { "uv": [ 3, 6, 5, 5 ], "texture": "#texture" },
        "up":    { "uv": [ 3, 5, 5, 6 ], "texture": "#texture" },
        "north": { "uv": [ 11, 15.5, 13, 16 ], "texture": "#texture" },
        "south": { "uv": [ 3, 15.5, 5, 16 ], "texture": "#texture" },
        "west":  { "uv": [ 5, 15.5, 6, 16 ], "texture": "#texture" },
        "east":  { "uv": [ 10, 15.5, 11, 16 ], "texture": "#texture" }
    }
},
{
    "from": [ 3, 0, 2 ],
    "to": [ 5, 0.5, 3 ],
    "faces": {
        "down":  { "uv": [ 3, 3, 5, 2 ], "texture": "#texture" },
        "up":    { "uv": [ 3, 2, 5, 3 ], "texture": "#texture" },
        "north": { "uv": [ 11, 15.5, 13, 16 ], "texture": "#texture" },
        "south": { "uv": [ 3, 15.5, 5, 16 ], "texture": "#texture" },
        "west":  { "uv": [ 2, 15.5, 3, 16 ], "texture": "#texture" },
        "east":  { "uv": [ 13, 15.5, 14, 16 ], "texture": "#texture" }
    }
},
{
    "from": [ 14, 0, 13 ],
    "to": [ 15, 0.5, 14 ],
    "faces": {
        "down":  { "uv": [ 14, 14, 15, 13 ], "texture": "#texture" },
        "up":    { "uv": [ 14, 13, 15, 14 ], "texture": "#texture" },
        "north": { "uv": [ 1, 15.5, 2, 16 ], "texture": "#texture" },
        "south": { "uv": [ 14, 15.5, 15, 16 ], "texture": "#texture" },
        "west":  { "uv": [ 13, 15.5, 14, 16 ], "texture": "#texture" },
        "east":  { "uv": [ 2, 15.5, 3, 16 ], "texture": "#texture" }
    }
},
{
    "from": [ 14, 0, 10 ],
    "to": [ 15, 0.5, 11 ],
    "faces": {
        "down":  { "uv": [ 14, 11, 15, 10 ], "texture": "#texture" },
        "up":    { "uv": [ 14, 10, 15, 11 ], "texture": "#texture" },
        "north": { "uv": [ 1, 15.5, 2, 16 ], "texture": "#texture" },
        "south": { "uv": [ 14, 15.5, 15, 16 ], "texture": "#texture" },
        "west":  { "uv": [ 10, 15.5, 11, 16 ], "texture": "#texture" },
        "east":  { "uv": [ 5, 15.5, 6, 16 ], "texture": "#texture" }
    }
},
{
    "from": [ 14, 0, 5 ],
    "to": [ 15, 0.5, 6 ],
    "faces": {
        "down":  { "uv": [ 14, 6, 15, 5 ], "texture": "#texture" },
        "up":    { "uv": [ 14, 5, 15, 6 ], "texture": "#texture" },
        "north": { "uv": [ 1, 15.5, 2, 16 ], "texture": "#texture" },
        "south": { "uv": [ 14, 15.5, 15, 16 ], "texture": "#texture" },
        "west":  { "uv": [ 5, 15.5, 6, 16 ], "texture": "#texture" },
        "east":  { "uv": [ 10, 15.5, 11, 16 ], "texture": "#texture" }
    }
},
{
    "from": [ 14, 0, 2 ],
    "to": [ 15, 0.5, 3 ],
    "faces": {
        "down":  { "uv": [ 14, 3, 15, 2 ], "texture": "#texture" },
        "up":    { "uv": [ 14, 2, 15, 3 ], "texture": "#texture" },
        "north": { "uv": [ 1, 15.5, 2, 16 ], "texture": "#texture" },
        "south": { "uv": [ 14, 15.5, 15, 16 ], "texture": "#texture" },
        "west":  { "uv": [ 2, 15.5, 3, 16 ], "texture": "#texture" },
        "east":  { "uv": [ 13, 15.5, 14, 16 ], "texture": "#texture" }
    }
},
{
    "from": [ 10, 0, 1 ],
    "to": [ 11, 0.5, 15 ],
    "faces": {
        "down":  { "uv": [ 10, 15, 11, 1 ], "texture": "#texture" },
        "up":    { "uv": [ 10, 1, 11, 15 ], "texture": "#texture" },
        "north": { "uv": [ 5, 15.5, 6, 16 ], "texture": "#texture" },
        "south": { "uv": [ 10, 15.5, 11, 16 ], "texture": "#texture" },
        "west":  { "uv": [ 1, 15.5, 15, 16 ], "texture": "#texture" },
        "east":  { "uv": [ 1, 15.5, 15, 16 ], "texture": "#texture" }
    }
},
{
    "from": [ 13, 0, 1 ],
    "to": [ 14, 0.5, 15 ],
    "faces": {
        "down":  { "uv": [ 13, 15, 14, 1 ], "texture": "#texture" },
        "up":    { "uv": [ 13, 1, 14, 15 ], "texture": "#texture" },
        "north": { "uv": [ 2, 15.5, 3, 16 ], "texture": "#texture" },
        "south": { "uv": [ 13, 15.5, 14, 16 ], "texture": "#texture" },
        "west":  { "uv": [ 1, 15.5, 15, 16 ], "texture": "#texture" },
        "east":  { "uv": [ 1, 15.5, 15, 16 ], "texture": "#texture" }
    }
},
{
    "from": [ 5, 0, 1 ],
    "to": [ 6, 0.5, 15 ],
    "faces": {
        "down":  { "uv": [ 5, 15, 6, 1 ], "texture": "#texture" },
        "up":    { "uv": [ 5, 1, 6, 15 ], "texture": "#texture" },
        "north": { "uv": [ 10, 15.5, 11, 16 ], "texture": "#texture" },
        "south": { "uv": [ 5, 15.5, 6, 16 ], "texture": "#texture" },
        "west":  { "uv": [ 1, 15.5, 15, 16 ], "texture": "#texture" },
        "east":  { "uv": [ 1, 15.5, 15, 16 ], "texture": "#texture" }
    }
},
{
    "from": [ 1, 0, 10 ],
    "to": [ 2, 0.5, 11 ],
    "faces": {
        "down":  { "uv": [ 1, 11, 2, 10 ], "texture": "#texture" },
        "up":    { "uv": [ 1, 10, 2, 11 ], "texture": "#texture" },
        "north": { "uv": [ 14, 15.5, 15, 16 ], "texture": "#texture" },
        "south": { "uv": [ 1, 15.5, 2, 16 ], "texture": "#texture" },
        "west":  { "uv": [ 10, 15.5, 11, 16 ], "texture": "#texture" },
        "east":  { "uv": [ 5, 15.5, 6, 16 ], "texture": "#texture" }
    }
},
{
    "from": [ 1, 0, 13 ],
    "to": [ 2, 0.5, 14 ],
    "faces": {
        "down":  { "uv": [ 1, 14, 2, 13 ], "texture": "#texture" },
        "up":    { "uv": [ 1, 13, 2, 14 ], "texture": "#texture" },
        "north": { "uv": [ 14, 15.5, 15, 16 ], "texture": "#texture" },
        "south": { "uv": [ 1, 15.5, 2, 16 ], "texture": "#texture" },
        "west":  { "uv": [ 13, 15.5, 14, 16 ], "texture": "#texture" },
        "east":  { "uv": [ 2, 15.5, 3, 16 ], "texture": "#texture" }
    }
},
{
    "from": [ 1, 0, 5 ],
    "to": [ 2, 0.5, 6 ],
    "faces": {
        "down":  { "uv": [ 1, 6, 2, 5 ], "texture": "#texture" },
        "up":    { "uv": [ 1, 5, 2, 6 ], "texture": "#texture" },
        "north": { "uv": [ 14, 15.5, 15, 16 ], "texture": "#texture" },
        "south": { "uv": [ 1, 15.5, 2, 16 ], "texture": "#texture" },
        "west":  { "uv": [ 5, 15.5, 6, 16 ], "texture": "#texture" },
        "east":  { "uv": [ 10, 15.5, 11, 16 ], "texture": "#texture" }
    }
},
{
    "from": [ 2, 0, 1 ],
    "to": [ 3, 0.5, 15 ],
    "faces": {
        "down":  { "uv": [ 2, 15, 3, 1 ], "texture": "#texture" },
        "up":    { "uv": [ 2, 1, 3, 15 ], "texture": "#texture" },
        "north": { "uv": [ 13, 15.5, 14, 16 ], "texture": "#texture" },
        "south": { "uv": [ 2, 15.5, 3, 16 ], "texture": "#texture" },
        "west":  { "uv": [ 1, 15.5, 15, 16 ], "texture": "#texture" },
        "east":  { "uv": [ 1, 15.5, 15, 16 ], "texture": "#texture" }
    }
},
{
    "from": [ 1, 0, 2 ],
    "to": [ 2, 0.5, 3 ],
    "faces": {
        "down":  { "uv": [ 1, 3, 2, 2 ], "texture": "#texture" },
        "up":    { "uv": [ 1, 2, 2, 3 ], "texture": "#texture" },
        "north": { "uv": [ 14, 15.5, 15, 16 ], "texture": "#texture" },
        "south": { "uv": [ 1, 15.5, 2, 16 ], "texture": "#texture" },
        "west":  { "uv": [ 2, 15.5, 3, 16 ], "texture": "#texture" },
        "east":  { "uv": [ 13, 15.5, 14, 16 ], "texture": "#texture" }
    }
},
{
    "from": [ 15, 0, 1 ],
    "to": [ 16, 0.5, 15 ],
    "faces": {
        "down":  { "uv": [ 15, 15, 16, 1 ], "texture": "#texture" },
        "up":    { "uv": [ 15, 1, 16, 15 ], "texture": "#texture" },
        "north": { "uv": [ 0, 15.5, 1, 16 ], "texture": "#texture" },
        "south": { "uv": [ 15, 15.5, 16, 16 ], "texture": "#texture" },
        "west":  { "uv": [ 1, 15.5, 15, 16 ], "texture": "#texture" },
        "east":  { "uv": [ 1, 15.5, 15, 16 ], "texture": "#texture" }
    }
},
{
    "from": [ 0, 0, 1 ],
    "to": [ 1, 0.5, 15 ],
    "faces": {
        "down":  { "uv": [ 0, 15, 1, 1 ], "texture": "#texture" },
        "up":    { "uv": [ 0, 1, 1, 15 ], "texture": "#texture" },
        "north": { "uv": [ 15, 15.5, 16, 16 ], "texture": "#texture" },
        "south": { "uv": [ 0, 15.5, 1, 16 ], "texture": "#texture" },
        "west":  { "uv": [ 1, 15.5, 15, 16 ], "texture": "#texture" },
        "east":  { "uv": [ 1, 15.5, 15, 16 ], "texture": "#texture" }
    }
},
{
    "from": [ 0, 0, 0 ],
    "to": [ 16, 0.5, 1 ],
    "faces": {
        "down":  { "uv": [ 0, 1, 16, 0 ], "texture": "#texture" },
        "up":    { "uv": [ 0, 0, 16, 1 ], "texture": "#texture" },
        "north": { "uv": [ 0, 15.5, 16, 16 ], "texture": "#texture" },
        "south": { "uv": [ 0, 15.5, 16, 16 ], "texture": "#texture" },
        "west":  { "uv": [ 0, 15.5, 1, 16 ], "texture": "#texture" },
        "east":  { "uv": [ 15, 15.5, 16, 16 ], "texture": "#texture" }
    }
},
{
    "from": [ 11, 15.5, 13 ],
    "to": [ 13, 16, 14 ],
    "faces": {
        "down":  { "uv": [ 11, 14, 13, 13 ], "texture": "#texture" },
        "up":    { "uv": [ 11, 13, 13, 14 ], "texture": "#texture" },
        "north": { "uv": [ 3, 0, 5, 0.5 ], "texture": "#texture" },
        "south": { "uv": [ 11, 0, 13, 0.5 ], "texture": "#texture" },
        "west":  { "uv": [ 13, 0, 14, 0.5 ], "texture": "#texture" },
        "east":  { "uv": [ 2, 0, 3, 0.5 ], "texture": "#texture" }
    }
},
{
    "from": [ 6, 15.5, 13 ],
    "to": [ 10, 16, 14 ],
    "faces": {
        "down":  { "uv": [ 6, 14, 10, 13 ], "texture": "#texture" },
        "up":    { "uv": [ 6, 13, 10, 14 ], "texture": "#texture" },
        "north": { "uv": [ 6, 0, 10, 0.5 ], "texture": "#texture" },
        "south": { "uv": [ 6, 0, 10, 0.5 ], "texture": "#texture" },
        "west":  { "uv": [ 13, 0, 14, 0.5 ], "texture": "#texture" },
        "east":  { "uv": [ 2, 0, 3, 0.5 ], "texture": "#texture" }
    }
},
{
    "from": [ 6, 15.5, 10 ],
    "to": [ 10, 16, 11 ],
    "faces": {
        "down":  { "uv": [ 6, 11, 10, 10 ], "texture": "#texture" },
        "up":    { "uv": [ 6, 10, 10, 11 ], "texture": "#texture" },
        "north": { "uv": [ 6, 0, 10, 0.5 ], "texture": "#texture" },
        "south": { "uv": [ 6, 0, 10, 0.5 ], "texture": "#texture" },
        "west":  { "uv": [ 10, 0, 11, 0.5 ], "texture": "#texture" },
        "east":  { "uv": [ 5, 0, 6, 0.5 ], "texture": "#texture" }
    }
},
{
    "from": [ 6, 15.5, 5 ],
    "to": [ 10, 16, 6 ],
    "faces": {
        "down":  { "uv": [ 6, 6, 10, 5 ], "texture": "#texture" },
        "up":    { "uv": [ 6, 5, 10, 6 ], "texture": "#texture" },
        "north": { "uv": [ 6, 0, 10, 0.5 ], "texture": "#texture" },
        "south": { "uv": [ 6, 0, 10, 0.5 ], "texture": "#texture" },
        "west":  { "uv": [ 5, 0, 6, 0.5 ], "texture": "#texture" },
        "east":  { "uv": [ 10, 0, 11, 0.5 ], "texture": "#texture" }
    }
},
{
    "from": [ 6, 15.5, 2 ],
    "to": [ 10, 16, 3 ],
    "faces": {
        "down":  { "uv": [ 6, 3, 10, 2 ], "texture": "#texture" },
        "up":    { "uv": [ 6, 2, 10, 3 ], "texture": "#texture" },
        "north": { "uv": [ 6, 0, 10, 0.5 ], "texture": "#texture" },
        "south": { "uv": [ 6, 0, 10, 0.5 ], "texture": "#texture" },
        "west":  { "uv": [ 2, 0, 3, 0.5 ], "texture": "#texture" },
        "east":  { "uv": [ 13, 0, 14, 0.5 ], "texture": "#texture" }
    }
},
{
    "from": [ 11, 15.5, 10 ],
    "to": [ 13, 16, 11 ],
    "faces": {
        "down":  { "uv": [ 11, 11, 13, 10 ], "texture": "#texture" },
        "up":    { "uv": [ 11, 10, 13, 11 ], "texture": "#texture" },
        "north": { "uv": [ 3, 0, 5, 0.5 ], "texture": "#texture" },
        "south": { "uv": [ 11, 0, 13, 0.5 ], "texture": "#texture" },
        "west":  { "uv": [ 10, 0, 11, 0.5 ], "texture": "#texture" },
        "east":  { "uv": [ 5, 0, 6, 0.5 ], "texture": "#texture" }
    }
},
{
    "from": [ 11, 15.5, 5 ],
    "to": [ 13, 16, 6 ],
    "faces": {
        "down":  { "uv": [ 11, 6, 13, 5 ], "texture": "#texture" },
        "up":    { "uv": [ 11, 5, 13, 6 ], "texture": "#texture" },
        "north": { "uv": [ 3, 0, 5, 0.5 ], "texture": "#texture" },
        "south": { "uv": [ 11, 0, 13, 0.5 ], "texture": "#texture" },
        "west":  { "uv": [ 5, 0, 6, 0.5 ], "texture": "#texture" },
        "east":  { "uv": [ 10, 0, 11, 0.5 ], "texture": "#texture" }
    }
},
{
    "from": [ 10, 15.5, 1 ],
    "to": [ 11, 16, 15 ],
    "faces": {
        "down":  { "uv": [ 10, 15, 11, 1 ], "texture": "#texture" },
        "up":    { "uv": [ 10, 1, 11, 15 ], "texture": "#texture" },
        "north": { "uv": [ 5, 0, 6, 0.5 ], "texture": "#texture" },
        "south": { "uv": [ 10, 0, 11, 0.5 ], "texture": "#texture" },
        "west":  { "uv": [ 1, 0, 15, 0.5 ], "texture": "#texture" },
        "east":  { "uv": [ 1, 0, 15, 0.5 ], "texture": "#texture" }
    }
},
{
    "from": [ 10, 15.5, 1 ],
    "to": [ 11, 16, 15 ],
    "faces": {
        "down":  { "uv": [ 10, 15, 11, 1 ], "texture": "#texture" },
        "up":    { "uv": [ 10, 1, 11, 15 ], "texture": "#texture" },
        "north": { "uv": [ 5, 0, 6, 0.5 ], "texture": "#texture" },
        "south": { "uv": [ 10, 0, 11, 0.5 ], "texture": "#texture" },
        "west":  { "uv": [ 1, 0, 15, 0.5 ], "texture": "#texture" },
        "east":  { "uv": [ 1, 0, 15, 0.5 ], "texture": "#texture" }
    }
},
{
    "from": [ 11, 15.5, 2 ],
    "to": [ 13, 16, 3 ],
    "faces": {
        "down":  { "uv": [ 11, 3, 13, 2 ], "texture": "#texture" },
        "up":    { "uv": [ 11, 2, 13, 3 ], "texture": "#texture" },
        "north": { "uv": [ 3, 0, 5, 0.5 ], "texture": "#texture" },
        "south": { "uv": [ 11, 0, 13, 0.5 ], "texture": "#texture" },
        "west":  { "uv": [ 2, 0, 3, 0.5 ], "texture": "#texture" },
        "east":  { "uv": [ 13, 0, 14, 0.5 ], "texture": "#texture" }
    }
},
{
    "from": [ 3, 15.5, 13 ],
    "to": [ 5, 16, 14 ],
    "faces": {
        "down":  { "uv": [ 3, 14, 5, 13 ], "texture": "#texture" },
        "up":    { "uv": [ 3, 13, 5, 14 ], "texture": "#texture" },
        "north": { "uv": [ 11, 0, 13, 0.5 ], "texture": "#texture" },
        "south": { "uv": [ 3, 0, 5, 0.5 ], "texture": "#texture" },
        "west":  { "uv": [ 13, 0, 14, 0.5 ], "texture": "#texture" },
        "east":  { "uv": [ 2, 0, 3, 0.5 ], "texture": "#texture" }
    }
},
{
    "from": [ 3, 15.5, 10 ],
    "to": [ 5, 16, 11 ],
    "faces": {
        "down":  { "uv": [ 3, 11, 5, 10 ], "texture": "#texture" },
        "up":    { "uv": [ 3, 10, 5, 11 ], "texture": "#texture" },
        "north": { "uv": [ 11, 0, 13, 0.5 ], "texture": "#texture" },
        "south": { "uv": [ 3, 0, 5, 0.5 ], "texture": "#texture" },
        "west":  { "uv": [ 10, 0, 11, 0.5 ], "texture": "#texture" },
        "east":  { "uv": [ 5, 0, 6, 0.5 ], "texture": "#texture" }
    }
},
{
    "from": [ 3, 15.5, 5 ],
    "to": [ 5, 16, 6 ],
    "faces": {
        "down":  { "uv": [ 3, 6, 5, 5 ], "texture": "#texture" },
        "up":    { "uv": [ 3, 5, 5, 6 ], "texture": "#texture" },
        "north": { "uv": [ 11, 0, 13, 0.5 ], "texture": "#texture" },
        "south": { "uv": [ 3, 0, 5, 0.5 ], "texture": "#texture" },
        "west":  { "uv": [ 5, 0, 6, 0.5 ], "texture": "#texture" },
        "east":  { "uv": [ 10, 0, 11, 0.5 ], "texture": "#texture" }
    }
},
{
    "from": [ 3, 15.5, 2 ],
    "to": [ 5, 16, 3 ],
    "faces": {
        "down":  { "uv": [ 3, 3, 5, 2 ], "texture": "#texture" },
        "up":    { "uv": [ 3, 2, 5, 3 ], "texture": "#texture" },
        "north": { "uv": [ 11, 0, 13, 0.5 ], "texture": "#texture" },
        "south": { "uv": [ 3, 0, 5, 0.5 ], "texture": "#texture" },
        "west":  { "uv": [ 2, 0, 3, 0.5 ], "texture": "#texture" },
        "east":  { "uv": [ 13, 0, 14, 0.5 ], "texture": "#texture" }
    }
},
{
    "from": [ 14, 15.5, 13 ],
    "to": [ 15, 16, 14 ],
    "faces": {
        "down":  { "uv": [ 14, 14, 15, 13 ], "texture": "#texture" },
        "up":    { "uv": [ 14, 13, 15, 14 ], "texture": "#texture" },
        "north": { "uv": [ 1, 0, 2, 0.5 ], "texture": "#texture" },
        "south": { "uv": [ 14, 0, 15, 0.5 ], "texture": "#texture" },
        "west":  { "uv": [ 13, 0, 14, 0.5 ], "texture": "#texture" },
        "east":  { "uv": [ 2, 0, 3, 0.5 ], "texture": "#texture" }
    }
},
{
    "from": [ 14, 15.5, 10 ],
    "to": [ 15, 16, 11 ],
    "faces": {
        "down":  { "uv": [ 14, 11, 15, 10 ], "texture": "#texture" },
        "up":    { "uv": [ 14, 10, 15, 11 ], "texture": "#texture" },
        "north": { "uv": [ 1, 0, 2, 0.5 ], "texture": "#texture" },
        "south": { "uv": [ 14, 0, 15, 0.5 ], "texture": "#texture" },
        "west":  { "uv": [ 10, 0, 11, 0.5 ], "texture": "#texture" },
        "east":  { "uv": [ 5, 0, 6, 0.5 ], "texture": "#texture" }
    }
},
{
    "from": [ 14, 15.5, 5 ],
    "to": [ 15, 16, 6 ],
    "faces": {
        "down":  { "uv": [ 14, 6, 15, 5 ], "texture": "#texture" },
        "up":    { "uv": [ 14, 5, 15, 6 ], "texture": "#texture" },
        "north": { "uv": [ 1, 0, 2, 0.5 ], "texture": "#texture" },
        "south": { "uv": [ 14, 0, 15, 0.5 ], "texture": "#texture" },
        "west":  { "uv": [ 5, 0, 6, 0.5 ], "texture": "#texture" },
        "east":  { "uv": [ 10, 0, 11, 0.5 ], "texture": "#texture" }
    }
},
{
    "from": [ 14, 15.5, 2 ],
    "to": [ 15, 16, 3 ],
    "faces": {
        "down":  { "uv": [ 14, 3, 15, 2 ], "texture": "#texture" },
        "up":    { "uv": [ 14, 2, 15, 3 ], "texture": "#texture" },
        "north": { "uv": [ 1, 0, 2, 0.5 ], "texture": "#texture" },
        "south": { "uv": [ 14, 0, 15, 0.5 ], "texture": "#texture" },
        "west":  { "uv": [ 2, 0, 3, 0.5 ], "texture": "#texture" },
        "east":  { "uv": [ 13, 0, 14, 0.5 ], "texture": "#texture" }
    }
},
{
    "from": [ 10, 15.5, 1 ],
    "to": [ 11, 16, 15 ],
    "faces": {
        "down":  { "uv": [ 10, 15, 11, 1 ], "texture": "#texture" },
        "up":    { "uv": [ 10, 1, 11, 15 ], "texture": "#texture" },
        "north": { "uv": [ 5, 0, 6, 0.5 ], "texture": "#texture" },
        "south": { "uv": [ 10, 0, 11, 0.5 ], "texture": "#texture" },
        "west":  { "uv": [ 1, 0, 15, 0.5 ], "texture": "#texture" },
        "east":  { "uv": [ 1, 0, 15, 0.5 ], "texture": "#texture" }
    }
},
{
    "from": [ 13, 15.5, 1 ],
    "to": [ 14, 16, 15 ],
    "faces": {
        "down":  { "uv": [ 13, 15, 14, 1 ], "texture": "#texture" },
        "up":    { "uv": [ 13, 1, 14, 15 ], "texture": "#texture" },
        "north": { "uv": [ 2, 0, 3, 0.5 ], "texture": "#texture" },
        "south": { "uv": [ 13, 0, 14, 0.5 ], "texture": "#texture" },
        "west":  { "uv": [ 1, 0, 15, 0.5 ], "texture": "#texture" },
        "east":  { "uv": [ 1, 0, 15, 0.5 ], "texture": "#texture" }
    }
},
{
    "from": [ 5, 15.5, 1 ],
    "to": [ 6, 16, 15 ],
    "faces": {
        "down":  { "uv": [ 5, 15, 6, 1 ], "texture": "#texture" },
        "up":    { "uv": [ 5, 1, 6, 15 ], "texture": "#texture" },
        "north": { "uv": [ 10, 0, 11, 0.5 ], "texture": "#texture" },
        "south": { "uv": [ 5, 0, 6, 0.5 ], "texture": "#texture" },
        "west":  { "uv": [ 1, 0, 15, 0.5 ], "texture": "#texture" },
        "east":  { "uv": [ 1, 0, 15, 0.5 ], "texture": "#texture" }
    }
},
{
    "from": [ 1, 15.5, 10 ],
    "to": [ 2, 16, 11 ],
    "faces": {
        "down":  { "uv": [ 1, 11, 2, 10 ], "texture": "#texture" },
        "up":    { "uv": [ 1, 10, 2, 11 ], "texture": "#texture" },
        "north": { "uv": [ 14, 0, 15, 0.5 ], "texture": "#texture" },
        "south": { "uv": [ 1, 0, 2, 0.5 ], "texture": "#texture" },
        "west":  { "uv": [ 10, 0, 11, 0.5 ], "texture": "#texture" },
        "east":  { "uv": [ 5, 0, 6, 0.5 ], "texture": "#texture" }
    }
},
{
    "from": [ 1, 15.5, 13 ],
    "to": [ 2, 16, 14 ],
    "faces": {
        "down":  { "uv": [ 1, 14, 2, 13 ], "texture": "#texture" },
        "up":    { "uv": [ 1, 13, 2, 14 ], "texture": "#texture" },
        "north": { "uv": [ 14, 0, 15, 0.5 ], "texture": "#texture" },
        "south": { "uv": [ 1, 0, 2, 0.5 ], "texture": "#texture" },
        "west":  { "uv": [ 13, 0, 14, 0.5 ], "texture": "#texture" },
        "east":  { "uv": [ 2, 0, 3, 0.5 ], "texture": "#texture" }
    }
},
{
    "from": [ 1, 15.5, 5 ],
    "to": [ 2, 16, 6 ],
    "faces": {
        "down":  { "uv": [ 1, 6, 2, 5 ], "texture": "#texture" },
        "up":    { "uv": [ 1, 5, 2, 6 ], "texture": "#texture" },
        "north": { "uv": [ 14, 0, 15, 0.5 ], "texture": "#texture" },
        "south": { "uv": [ 1, 0, 2, 0.5 ], "texture": "#texture" },
        "west":  { "uv": [ 5, 0, 6, 0.5 ], "texture": "#texture" },
        "east":  { "uv": [ 10, 0, 11, 0.5 ], "texture": "#texture" }
    }
},
{
    "from": [ 2, 15.5, 1 ],
    "to": [ 3, 16, 15 ],
    "faces": {
        "down":  { "uv": [ 2, 15, 3, 1 ], "texture": "#texture" },
        "up":    { "uv": [ 2, 1, 3, 15 ], "texture": "#texture" },
        "north": { "uv": [ 13, 0, 14, 0.5 ], "texture": "#texture" },
        "south": { "uv": [ 2, 0, 3, 0.5 ], "texture": "#texture" },
        "west":  { "uv": [ 1, 0, 15, 0.5 ], "texture": "#texture" },
        "east":  { "uv": [ 1, 0, 15, 0.5 ], "texture": "#texture" }
    }
},
{
    "from": [ 1, 15.5, 2 ],
    "to": [ 2, 16, 3 ],
    "faces": {
        "down":  { "uv": [ 1, 3, 2, 2 ], "texture": "#texture" },
        "up":    { "uv": [ 1, 2, 2, 3 ], "texture": "#texture" },
        "north": { "uv": [ 14, 0, 15, 0.5 ], "texture": "#texture" },
        "south": { "uv": [ 1, 0, 2, 0.5 ], "texture": "#texture" },
        "west":  { "uv": [ 2, 0, 3, 0.5 ], "texture": "#texture" },
        "east":  { "uv": [ 13, 0, 14, 0.5 ], "texture": "#texture" }
    }
},
{
    "from": [ 15, 15.5, 1 ],
    "to": [ 16, 16, 15 ],
    "faces": {
        "down":  { "uv": [ 15, 15, 16, 1 ], "texture": "#texture" },
        "up":    { "uv": [ 15, 1, 16, 15 ], "texture": "#texture" },
        "north": { "uv": [ 0, 0, 1, 0.5 ], "texture": "#texture" },
        "south": { "uv": [ 15, 0, 16, 0.5 ], "texture": "#texture" },
        "west":  { "uv": [ 1, 0, 15, 0.5 ], "texture": "#texture" },
        "east":  { "uv": [ 1, 0, 15, 0.5 ], "texture": "#texture" }
    }
},
{
    "from": [ 0, 15.5, 1 ],
    "to": [ 1, 16, 15 ],
    "faces": {
        "down":  { "uv": [ 0, 15, 1, 1 ], "texture": "#texture" },
        "up":    { "uv": [ 0, 1, 1, 15 ], "texture": "#texture" },
        "north": { "uv": [ 15, 0, 16, 0.5 ], "texture": "#texture" },
        "south": { "uv": [ 0, 0, 1, 0.5 ], "texture": "#texture" },
        "west":  { "uv": [ 1, 0, 15, 0.5 ], "texture": "#texture" },
        "east":  { "uv": [ 1, 0, 15, 0.5 ], "texture": "#texture" }
    }
},
{
    "from": [ 0, 15.5, 15 ],
    "to": [ 16, 16, 16 ],
    "faces": {
        "down":  { "uv": [ 0, 16, 16, 15 ], "texture": "#texture" },
        "up":    { "uv": [ 0, 15, 16, 16 ], "texture": "#texture" },
        "north": { "uv": [ 0, 0, 16, 0.5 ], "texture": "#texture" },
        "south": { "uv": [ 0, 0, 16, 0.5 ], "texture": "#texture" },
        "west":  { "uv": [ 15, 0, 16, 0.5 ], "texture": "#texture" },
        "east":  { "uv": [ 0, 0, 1, 0.5 ], "texture": "#texture" }
    }
},
{
    "from": [ 0, 15.5, 0 ],
    "to": [ 16, 16, 1 ],
    "faces": {
        "down":  { "uv": [ 0, 1, 16, 0 ], "texture": "#texture" },
        "up":    { "uv": [ 0, 0, 16, 1 ], "texture": "#texture" },
        "north": { "uv": [ 0, 0, 16, 0.5 ], "texture": "#texture" },
        "south": { "uv": [ 0, 0, 16, 0.5 ], "texture": "#texture" },
        "west":  { "uv": [ 0, 0, 1, 0.5 ], "texture": "#texture" },
        "east":  { "uv": [ 15, 0, 16, 0.5 ], "texture": "#texture" }
    }
}
],
"display": {
    "thirdperson_righthand": {
        "rotation": [ 75, 45, 0 ],
        "translation": [ 0, 2.5, 0 ],
        "scale": [ 0.375, 0.375, 0.375 ]
    },
    "thirdperson_lefthand": {
        "rotation": [ 75, 45, 0 ],
        "translation": [ 0, 2.5, 0 ],
        "scale": [ 0.375, 0.375, 0.375 ]
    },
    "head": {
        "rotation": [ 0, 0, 0 ],
        "translation": [ 0, 0, 0 ],
        "scale": [ 1, 1, 1 ]
    },
    "ground": {
        "rotation": [ 0, 0, 0 ],
        "translation": [ 0, 3, 0 ],
        "scale": [ 0.25, 0.25, 0.25 ]
    },
    "fixed": {
        "rotation": [ 0, 0, 0 ],
        "translation": [ 0, 0, 0 ],
        "scale": [ 0.5, 0.5, 0.5 ]
    },
    "firstperson_righthand": {
        "rotation": [ 0, 45, 0 ],
        "translation": [ 0, 0, 0 ],
        "scale": [ 0.4, 0.4, 0.4 ]
    },
    "firstperson_lefthand": {
        "rotation": [ 0, 45, 0 ],
        "translation": [ 0, 0, 0 ],
        "scale": [ 0.4, 0.4, 0.4 ]
    },
    "gui": {
        "rotation": [ 30, 225, 0 ],
        "translation": [ 0, 0, 0 ],
        "scale": [ 0.625, 0.625, 0.625 ]
    }
}
}


