{
    "variants": {
        "moisture=0": { "model": "farmland/farmland" },
        "moisture=1": { "model": "farmland/farmland_moist_1" },
        "moisture=2": { "model": "farmland/farmland_moist_2" },
        "moisture=3": { "model": "farmland/farmland_moist_3" },
        "moisture=4": { "model": "farmland/farmland_moist_4" },
        "moisture=5": { "model": "farmland/farmland_moist_5" },
        "moisture=6": { "model": "farmland/farmland_moist_6" },
        "moisture=7": { "model": "farmland/farmland_moist_7" }
    }
}
