{
    "__comment": "Designed by Progical",
    "multipart": [
        {   "apply": { "model": "iron_bars/iron_bars_post" }},
        {   "when": { "north": true },
            "apply": { "model": "iron_bars/iron_bars_side" }
        },
        {   "when": { "east": true },
            "apply": { "model": "iron_bars/iron_bars_side", "y": 90 }
        },
        {   "when": { "south": true },
            "apply": { "model": "iron_bars/iron_bars_side_alt" }
        },
        {   "when": { "west": true },
            "apply": { "model": "iron_bars/iron_bars_side_alt", "y": 90 }
        }
    ]
}
