{
    "__comment": "Designed by Juknum",
    "variants": {
        "shape=north_south": { "model": "rail/rail" },
        "shape=east_west": { "model": "rail/rail", "y": 90 },
        "shape=ascending_east": { "model": "rail/rail_raised", "y": 90 },
        "shape=ascending_west": { "model": "rail/rail_raised", "y": -90},
        "shape=ascending_north": { "model": "rail/rail_raised"},
        "shape=ascending_south": { "model": "rail/rail_raised", "y": 180 },
        "shape=south_east": { "model": "rail/rail_corner" },
        "shape=south_west": { "model": "rail/rail_corner", "y": 90 },
        "shape=north_west": { "model": "rail/rail_corner", "y": 180 },
        "shape=north_east": { "model": "rail/rail_corner", "y": 270 }
    }
}
