{
"__comment": "Designed by Cookies160 with BDcraft Cubik PRO 0.76 Beta - http://bdcraft.net",
"textures": {
    "particle": "blocks/door_acacia_lower",
    "top": "blocks/door_acacia_upper",
    "bottom": "blocks/door_acacia_lower"
},
"elements": [ 
{
    "from": [ 0, 15, 3 ],
    "to": [ 3, 16, 13 ],
    "faces": {
        "down":  { "uv": [ 16, 13, 13, 3 ], "texture": "#bottom" },
        "west":  { "uv": [ 3, 0, 13, 1 ], "texture": "#bottom" },
        "east":  { "uv": [ 13, 0, 3, 1 ], "texture": "#bottom" }
    }
},
{
    "from": [ 0, 3, 0 ],
    "to": [ 3, 16, 3 ],
    "faces": {
        "north": { "uv": [ 13.5, 1, 15.5, 14 ], "texture": "#bottom" },
        "south": { "uv": [ 13.5, 1, 15.5, 14 ], "texture": "#bottom" },
        "west":  { "uv": [ 0, 0, 3, 13 ], "texture": "#bottom" },
        "east":  { "uv": [ 3, 0, 0, 13 ], "texture": "#bottom" }
    }
},
{
    "from": [ 0, 0, 0 ],
    "to": [ 3, 3, 16 ],
    "faces": {
        "down":  { "uv": [ 0.5, 16, 2.5, 0 ], "texture": "#bottom" },
        "up":    { "uv": [ 0, 13.5, 16, 15.5 ], "rotation": 270, "texture": "#bottom" },
        "north": { "uv": [ 0, 12.5, 2, 15.5 ], "texture": "#bottom" },
        "south": { "uv": [ 0, 12.5, 2, 15.5 ], "texture": "#bottom" },
        "west":  { "uv": [ 0, 13, 16, 16 ], "texture": "#bottom" },
        "east":  { "uv": [ 16, 13, 0, 16 ], "texture": "#bottom" }
    }
},
{
    "from": [ 0, 3, 13 ],
    "to": [ 3, 16, 16 ],
    "faces": {
        "north": { "uv": [ 13.5, 1, 15.5, 14 ], "texture": "#bottom" },
        "south": { "uv": [ 13.5, 1, 15.5, 14 ], "texture": "#bottom" },
        "west":  { "uv": [ 13, 0, 16, 13 ], "texture": "#bottom" },
        "east":  { "uv": [ 16, 0, 13, 13 ], "texture": "#bottom" }
    }
},
{
    "from": [ 0, 3, 5 ],
    "to": [ 3, 15, 7 ],
    "faces": {
        "north": { "uv": [ 13, 1, 16, 13 ], "texture": "#bottom" },
        "south": { "uv": [ 13, 1, 16, 13 ], "texture": "#bottom" },
        "west":  { "uv": [ 5, 1, 7, 13 ], "texture": "#bottom" },
        "east":  { "uv": [ 9, 1, 11, 13 ], "texture": "#bottom" }
    }
},
{
    "from": [ 0, 3, 9 ],
    "to": [ 3, 15, 11 ],
    "faces": {
        "north": { "uv": [ 13, 1, 16, 13 ], "texture": "#bottom" },
        "south": { "uv": [ 13, 1, 16, 13 ], "texture": "#bottom" },
        "west":  { "uv": [ 9, 1, 11, 13 ], "texture": "#bottom" },
        "east":  { "uv": [ 5, 1, 7, 13 ], "texture": "#bottom" }
    }
}
]
}