{
"textures": {
    "particle": "blocks/bed_feet_side",
    "up": "blocks/bed_feet_top",
    "north": "blocks/bed_feet_end",
    "west": "blocks/bed_feet_side",
    "east": "blocks/bed_feet_side",
    "down": "blocks/planks_oak",
    "south": "blocks/bed_feet_end"
},
"elements": [ 
{
    "__comment": "red_foot",
    "from": [ 0, 5, 0 ],
    "to": [ 16, 9, 16 ],
    "faces": {
        "up":    { "uv": [ 0, 0, 16, 16 ], "texture": "#up" },
        "north": { "uv": [ 0, 7, 16, 11 ], "texture": "#north", "cullface": "north" },
        "west":  { "uv": [ 0, 7, 16, 11 ], "texture": "#west", "cullface": "west" },
        "east":  { "uv": [ 0, 7, 16, 11 ], "texture": "#east", "cullface": "east" }
    }
},
{
    "__comment": "wood_foot",
    "from": [ 0, 3, 0 ],
    "to": [ 16, 5, 16 ],
    "faces": {
        "down":  { "uv": [ 0, 0, 16, 16 ], "texture": "#down" },
        "north": { "uv": [ 0, 11, 16, 13 ], "texture": "#north", "cullface": "north" },
        "west":  { "uv": [ 0, 11, 16, 13 ], "texture": "#west", "cullface": "west" },
        "east":  { "uv": [ 16, 11, 0, 13 ], "texture": "#east", "cullface": "east" }
    }
},
{
    "__comment": "right_back",
    "from": [ 0, 0, 0 ],
    "to": [ 3, 3, 1 ],
    "faces": {
        "down":  { "uv": [ 0, 16, 3, 15 ], "texture": "#down", "cullface": "down" },
        "north": { "uv": [ 13, 16, 16, 13 ], "texture": "#north", "cullface": "north" },
        "south": { "uv": [ 0, 16, 3, 13 ], "texture": "#south" },
        "west":  { "uv": [ 0, 16, 1, 13 ], "texture": "#west", "cullface": "west" },
        "east":  { "uv": [ 0, 16, 1, 13 ], "texture": "#east" }
    }
},
{
    "__comment": "right_side",
    "from": [ 0, 0, 1 ],
    "to": [ 1, 3, 3 ],
    "faces": {
        "down":  { "uv": [ 15, 15, 16, 13 ], "texture": "#down", "cullface": "down" },
        "south": { "uv": [ 0, 16, 1, 13 ], "texture": "#south" },
        "west":  { "uv": [ 1, 16, 3, 13 ], "texture": "#west", "cullface": "west" },
        "east":  { "uv": [ 0, 16, 2, 13 ], "texture": "#east" }
    }
},
{
    "__comment": "left_back",
    "from": [ 13, 0, 0 ],
    "to": [ 16, 3, 1 ],
    "faces": {
        "down":  { "uv": [ 13, 1, 16, 0 ], "texture": "#down", "cullface": "down" },
        "north": { "uv": [ 0, 13, 3, 16 ], "texture": "#south", "cullface": "north" },
        "south": { "uv": [ 13, 13, 16, 16 ], "texture": "#north" },
        "west":  { "uv": [ 0, 13, 1, 16 ], "texture": "#west" },
        "east":  { "uv": [ 1, 13, 0, 16 ], "texture": "#east", "cullface": "east" }
    }
},
{
    "__comment": "left_side",
    "from": [ 15, 0, 1 ],
    "to": [ 16, 3, 3 ],
    "faces": {
        "down":  { "uv": [ 15, 3, 16, 1 ], "texture": "#down", "cullface": "down" },
        "south": { "uv": [ 15, 13, 16, 16 ], "texture": "#south" },
        "west":  { "uv": [ 1, 13, 3, 16 ], "texture": "#west" },
        "east":  { "uv": [ 3, 13, 1, 16 ], "texture": "#east", "cullface": "east" }
    }
}
]
}