{
"__comment": "Designed by Cookies160 with BDcraft Cubik PRO 0.76 Beta - http://bdcraft.net",
"ambientocclusion": true,
"textures": {
    "particle": "blocks/door_birch_upper",
    "bottom": "blocks/door_birch_upper",
    "texture": "blocks/door_birch_upper"
},
"elements": [ 
{
    "from": [ 1.5, 0, 13 ],
    "to": [ 3, 16, 16 ],
    "faces": {
        "down":  { "uv": [ 1.5, 16, 3, 13 ], "texture": "#texture" },
        "up":    { "uv": [ 1.5, 13, 3, 16 ], "texture": "#texture" },
        "north": { "uv": [ 13, 0, 14.5, 16 ], "texture": "#texture" },
        "south": { "uv": [ 1.5, 2.5, 3, 16 ], "texture": "#texture" },
        "west":  { "uv": [ 0, 0, 3, 16 ], "texture": "#texture" },
        "east":  { "uv": [ 0, 0, 3, 16 ], "texture": "#texture" }
    }
},
{
    "from": [ 0, 13, 3 ],
    "to": [ 3, 16, 13 ],
    "faces": {
        "down":  { "uv": [ 0, 15, 3, 6 ], "texture": "#texture" },
        "up":    { "uv": [ 0, 6, 3, 15 ], "texture": "#texture" },
        "north": { "uv": [ 13, 0, 16, 3 ], "texture": "#texture" },
        "south": { "uv": [ 0, 0, 3, 3 ], "texture": "#texture" },
        "west":  { "uv": [ 3, 0, 13, 3 ], "texture": "#texture" },
        "east":  { "uv": [ 3, 0, 13, 3 ], "texture": "#texture" }
    }
},
{
    "from": [ 0, 0, 13 ],
    "to": [ 1.5, 16, 16 ],
    "faces": {
        "down":  { "uv": [ 3, 16, 1.5, 13 ], "texture": "#texture" },
        "up":    { "uv": [ 3, 13, 1.5, 16 ], "texture": "#texture" },
        "north": { "uv": [ 2.5, 0, 1, 16 ], "texture": "#texture" },
        "south": { "uv": [ 16, 0, 14.5, 14 ], "texture": "#texture" },
        "west":  { "uv": [ 3, 0, 0, 16 ], "texture": "#texture" },
        "east":  { "uv": [ 16, 0, 13, 16 ], "texture": "#texture" }
    }
},
{
    "from": [ 0, 0, 0 ],
    "to": [ 3, 16, 3 ],
    "faces": {
        "down":  { "uv": [ 0, 3, 3, 0 ], "texture": "#texture" },
        "up":    { "uv": [ 0, 6, 3, 9 ], "texture": "#texture" },
        "north": { "uv": [ 16, 3, 13, 14 ], "texture": "#texture" },
        "south": { "uv": [ 1, 0, 3, 16 ], "texture": "#texture" },
        "west":  { "uv": [ 16, 0, 13, 16 ], "texture": "#texture" },
        "east":  { "uv": [ 13, 0, 16, 16 ], "texture": "#texture" }
    }
},
{
    "from": [ 1, 0, 3 ],
    "to": [ 2, 13, 13 ],
    "faces": {
        "down":  { "uv": [ 1, 13, 2, 3 ], "texture": "#bottom" },
        "up":    { "uv": [ 1, 3, 2, 13 ], "texture": "#bottom" },
        "north": { "uv": [ 14, 3, 15, 16 ], "texture": "#bottom" },
        "south": { "uv": [ 1, 3, 2, 16 ], "texture": "#bottom" },
        "west":  { "uv": [ 3, 3, 13, 16 ], "texture": "#bottom" },
        "east":  { "uv": [ 3, 3, 13, 16 ], "texture": "#bottom" }
    }
}
]
}