{
"__comment": "Designed by Cookies160 with BDcraft Cubik PRO 0.87 Beta - http://bdcraft.net",
"ambientocclusion": false,
"textures": {
    "particle": "items/potion_bottle_splash"
    "texture": "items/potion_bottle_splash",
    "potion_overlay": "items/potion_overlay"
},
"elements": [ 
{
    "from": [ 5, 7.5, 5 ],
    "to": [ 11, 8, 11 ],
    "faces": {
        "north": { "uv": [ 5, 8, 11, 8.5 ], "texture": "#texture" },
        "south": { "uv": [ 5, 8, 11, 8.5 ], "texture": "#texture" },
        "west":  { "uv": [ 5, 8, 11, 8.5 ], "texture": "#texture" },
        "east":  { "uv": [ 5, 8, 11, 8.5 ], "texture": "#texture" }
    }
},
{
    "from": [ 4.5, 6.5, 4.5 ],
    "to": [ 11.5, 7.5, 11.5 ],
    "faces": {
        "north": { "uv": [ 4.5, 8.5, 11.5, 9.5 ], "texture": "#texture" },
        "south": { "uv": [ 4.5, 8.5, 11.5, 9.5 ], "texture": "#texture" },
        "west":  { "uv": [ 4.5, 8.5, 11.5, 9.5 ], "texture": "#texture" },
        "east":  { "uv": [ 4.5, 8.5, 11.5, 9.5 ], "texture": "#texture" }
    }
},
{
    "from": [ 4, 3, 4 ],
    "to": [ 12, 6.5, 12 ],
    "faces": {
        "north": { "uv": [ 4, 9.5, 12, 13 ], "texture": "#texture" },
        "south": { "uv": [ 4, 9.5, 12, 13 ], "texture": "#texture" },
        "west":  { "uv": [ 4, 9.5, 12, 13 ], "texture": "#texture" },
        "east":  { "uv": [ 4, 9.5, 12, 13 ], "texture": "#texture" }
    }
},
{
    "from": [ 4.5, 2.5, 4.5 ],
    "to": [ 11.5, 3, 11.5 ],
    "faces": {
        "north": { "uv": [ 4.5, 13, 11.5, 13.5 ], "texture": "#texture" },
        "south": { "uv": [ 4.5, 13, 11.5, 13.5 ], "texture": "#texture" },
        "west":  { "uv": [ 4.5, 13, 11.5, 13.5 ], "texture": "#texture" },
        "east":  { "uv": [ 4.5, 13, 11.5, 13.5 ], "texture": "#texture" }
    }
},
{
    "from": [ 5, 2, 5 ],
    "to": [ 11, 2.5, 11 ],
    "faces": {
        "north": { "uv": [ 5, 13.5, 11, 14 ], "texture": "#texture" },
        "south": { "uv": [ 5, 13.5, 11, 14 ], "texture": "#texture" },
        "west":  { "uv": [ 5, 13.5, 11, 14 ], "texture": "#texture" },
        "east":  { "uv": [ 5, 13.5, 11, 14 ], "texture": "#texture" }
    }
},
{
    "from": [ 6, 1.5, 6 ],
    "to": [ 10, 2, 10 ],
    "faces": {
        "north": { "uv": [ 6, 14, 10, 14.5 ], "texture": "#texture" },
        "south": { "uv": [ 6, 14, 10, 14.5 ], "texture": "#texture" },
        "west":  { "uv": [ 6, 14, 10, 14.5 ], "texture": "#texture" },
        "east":  { "uv": [ 6, 14, 10, 14.5 ], "texture": "#texture" }
    }
},
{
    "from": [ 5.5, 7, 5.5 ],
    "to": [ 10.5, 8, 10.5 ],
    "faces": {
        "up":    { "uv": [ 5.5, 8.5, 10.5, 13.5 ], "texture": "#potion_overlay", "tintindex": 0 },
        "north": { "uv": [ 5.5, 8, 10.5, 9 ], "texture": "#potion_overlay", "tintindex": 0 },
        "south": { "uv": [ 5.5, 8, 10.5, 9 ], "texture": "#potion_overlay", "tintindex": 0 },
        "west":  { "uv": [ 5.5, 8, 10.5, 9 ], "texture": "#potion_overlay", "tintindex": 0 },
        "east":  { "uv": [ 5.5, 8, 10.5, 9 ], "texture": "#potion_overlay", "tintindex": 0 }
    }
},
{
    "from": [ 5, 6.5, 5 ],
    "to": [ 11, 7, 11 ],
    "faces": {
        "up":    { "uv": [ 5.5, 8.5, 10.5, 13.5 ], "texture": "#potion_overlay", "tintindex": 0 },
        "north": { "uv": [ 5, 9, 11, 9.5 ], "texture": "#potion_overlay", "tintindex": 0 },
        "south": { "uv": [ 5, 9, 11, 9.5 ], "texture": "#potion_overlay", "tintindex": 0 },
        "west":  { "uv": [ 5, 9, 11, 9.5 ], "texture": "#potion_overlay", "tintindex": 0 },
        "east":  { "uv": [ 5, 9, 11, 9.5 ], "texture": "#potion_overlay", "tintindex": 0 }
    }
},
{
    "from": [ 4.5, 3, 4.5 ],
    "to": [ 11.5, 6.5, 11.5 ],
    "faces": {
        "down":  { "uv": [ 10.5, 13.5, 5.5, 8.5 ], "texture": "#potion_overlay", "tintindex": 0 },
        "up":    { "uv": [ 5.5, 8.5, 10.5, 13.5 ], "texture": "#potion_overlay", "tintindex": 0 },
        "north": { "uv": [ 4.5, 9.5, 11.5, 13 ], "texture": "#potion_overlay", "tintindex": 0 },
        "south": { "uv": [ 4.5, 9.5, 11.5, 13 ], "texture": "#potion_overlay", "tintindex": 0 },
        "west":  { "uv": [ 4.5, 9.5, 11.5, 13 ], "texture": "#potion_overlay", "tintindex": 0 },
        "east":  { "uv": [ 4.5, 9.5, 11.5, 13 ], "texture": "#potion_overlay", "tintindex": 0 }
    }
},
{
    "from": [ 5, 2.5, 5 ],
    "to": [ 11, 3, 11 ],
    "faces": {
        "down":  { "uv": [ 10.5, 13.5, 5.5, 8.5 ], "texture": "#potion_overlay", "tintindex": 0 },
        "north": { "uv": [ 5, 13, 11, 13.5 ], "texture": "#potion_overlay", "tintindex": 0 },
        "south": { "uv": [ 5, 13, 11, 13.5 ], "texture": "#potion_overlay", "tintindex": 0 },
        "west":  { "uv": [ 5, 13, 11, 13.5 ], "texture": "#potion_overlay", "tintindex": 0 },
        "east":  { "uv": [ 5, 13, 11, 13.5 ], "texture": "#potion_overlay", "tintindex": 0 }
    }
},
{
    "from": [ 6, 2, 6 ],
    "to": [ 10, 2.5, 10 ],
    "faces": {
        "north": { "uv": [ 6, 13.5, 10, 14 ], "texture": "#potion_overlay", "tintindex": 0 },
        "south": { "uv": [ 6, 13.5, 10, 14 ], "texture": "#potion_overlay", "tintindex": 0 },
        "west":  { "uv": [ 6, 13.5, 10, 14 ], "texture": "#potion_overlay", "tintindex": 0 },
        "east":  { "uv": [ 6, 13.5, 10, 14 ], "texture": "#potion_overlay", "tintindex": 0 }
    }
},
{
    "from": [ 5.5, 8, 5.5 ],
    "to": [ 10.5, 8.5, 10.5 ],
    "faces": {
        "north": { "uv": [ 5.5, 7.5, 10.5, 8 ], "texture": "#texture" },
        "south": { "uv": [ 5.5, 7.5, 10.5, 8 ], "texture": "#texture" },
        "west":  { "uv": [ 5.5, 7.5, 10.5, 8 ], "texture": "#texture" },
        "east":  { "uv": [ 5.5, 7.5, 10.5, 8 ], "texture": "#texture" }
    }
},
{
    "from": [ 6, 8.5, 6 ],
    "to": [ 10, 9, 10 ],
    "faces": {
        "north": { "uv": [ 6, 7, 10, 7.5 ], "texture": "#texture" },
        "south": { "uv": [ 6, 7, 10, 7.5 ], "texture": "#texture" },
        "west":  { "uv": [ 6, 7, 10, 7.5 ], "texture": "#texture" },
        "east":  { "uv": [ 6, 7, 10, 7.5 ], "texture": "#texture" }
    }
},
{
    "from": [ 6.5, 9, 6.5 ],
    "to": [ 10.5, 9.5, 10.5 ],
    "faces": {
        "north": { "uv": [ 10.5, 6.5, 6.5, 7 ], "texture": "#texture" },
        "south": { "uv": [ 6.5, 6.5, 10.5, 7 ], "texture": "#texture" },
        "west":  { "uv": [ 6.5, 6.5, 10.5, 7 ], "texture": "#texture" },
        "east":  { "uv": [ 10.5, 6.5, 6.5, 7 ], "texture": "#texture" }
    }
},
{
    "from": [ 7, 9.5, 7 ],
    "to": [ 11.5, 10, 12 ],
    "faces": {
        "north": { "uv": [ 11.5, 6, 7, 6.5 ], "texture": "#texture" },
        "south": { "uv": [ 7, 6, 12, 6.5 ], "texture": "#texture" },
        "west":  { "uv": [ 7, 6, 12, 6.5 ], "texture": "#texture" },
        "east":  { "uv": [ 12, 6, 7, 6.5 ], "texture": "#texture" }
    }
},
{
    "from": [ 8, 10, 10.5 ],
    "to": [ 11.5, 13, 11.5 ],
    "faces": {
        "up":    { "uv": [ 10, 4.5, 11.5, 5 ], "texture": "#texture" },
        "north": { "uv": [ 10.5, 3, 11.5, 6 ], "texture": "#texture" },
        "south": { "uv": [ 10.5, 3, 11.5, 6 ], "texture": "#texture" },
        "west":  { "uv": [ 10.5, 3, 11.5, 6 ], "texture": "#texture" },
        "east":  { "uv": [ 10.5, 3, 11.5, 6 ], "texture": "#texture" }
    }
},
{
    "from": [ 8.5, 10.5, 10 ],
    "to": [ 11, 12.5, 10.5 ],
    "faces": {
        "down":  { "uv": [ 11.5, 4.5, 9.5, 4 ], "texture": "#texture" },
        "up":    { "uv": [ 9.5, 4, 11.5, 4.5 ], "texture": "#texture" },
        "north": { "uv": [ 10, 3.5, 11.5, 5.5 ], "texture": "#texture" },
        "west":  { "uv": [ 10.5, 3.5, 11, 5.5 ], "texture": "#texture" },
        "east":  { "uv": [ 10, 3.5, 10.5, 5.5 ], "texture": "#texture" }
    }
},
{
    "from": [ 9, 11, 9.5 ],
    "to": [ 10.5, 12, 10 ],
    "faces": {
        "down":  { "uv": [ 11.5, 4.5, 9.5, 4 ], "texture": "#texture" },
        "up":    { "uv": [ 9.5, 4, 11.5, 4.5 ], "texture": "#texture" },
        "north": { "uv": [ 10, 4, 11.5, 5 ], "texture": "#texture" },
        "west":  { "uv": [ 10, 4, 10.5, 5 ], "texture": "#texture" },
        "east":  { "uv": [ 10, 4, 10.5, 5 ], "texture": "#texture" }
    }
},
{
    "from": [ 7.5, 10, 11.5 ],
    "to": [ 12, 13.5, 12 ],
    "faces": {
        "down":  { "uv": [ 12, 3, 10.5, 2.5 ], "texture": "#texture" },
        "up":    { "uv": [ 10.5, 2.5, 12, 3 ], "texture": "#texture" },
        "north": { "uv": [ 4, 2.5, 8.5, 6 ], "texture": "#texture" },
        "west":  { "uv": [ 11.5, 2.5, 12, 6 ], "texture": "#texture" },
        "east":  { "uv": [ 11.5, 2.5, 12, 6 ], "texture": "#texture" }
    }
},
{
    "from": [ 7.5, 10, 7.5 ],
    "to": [ 12, 10.5, 12 ],
    "faces": {
        "north": { "uv": [ 4, 5.5, 8.5, 6 ], "texture": "#texture" },
        "south": { "uv": [ 7.5, 5.5, 12, 6 ], "texture": "#texture" },
        "west":  { "uv": [ 7.5, 5.5, 12, 6 ], "texture": "#texture" },
        "east":  { "uv": [ 4, 5.5, 8.5, 6 ], "texture": "#texture" }
    }
},
{
    "from": [ 8, 10.5, 8 ],
    "to": [ 12, 11, 12 ],
    "faces": {
        "north": { "uv": [ 10, 7, 6, 7.5 ], "texture": "#texture" },
        "west":  { "uv": [ 6, 7, 10, 7.5 ], "texture": "#texture" },
        "east":  { "uv": [ 10, 7, 6, 7.5 ], "texture": "#texture" }
    }
},
{
    "from": [ 8, 11, 8.5 ],
    "to": [ 12, 11.5, 12 ],
    "faces": {
        "north": { "uv": [ 11, 6, 7, 6.5 ], "texture": "#texture" },
        "west":  { "uv": [ 6.5, 6.5, 10, 7 ], "texture": "#texture" },
        "east":  { "uv": [ 6.5, 6.5, 10, 7 ], "texture": "#texture" }
    }
},
{
    "from": [ 8, 11.5, 9 ],
    "to": [ 12, 12, 12 ],
    "faces": {
        "north": { "uv": [ 11, 6, 7, 6.5 ], "texture": "#texture" },
        "west":  { "uv": [ 6.5, 6.5, 9.5, 7 ], "texture": "#texture" },
        "east":  { "uv": [ 6.5, 6.5, 9.5, 7 ], "texture": "#texture" }
    }
},
{
    "from": [ 8, 12, 9.5 ],
    "to": [ 12, 12.5, 12 ],
    "faces": {
        "north": { "uv": [ 11, 6, 7, 6.5 ], "texture": "#texture" },
        "west":  { "uv": [ 6.5, 6.5, 9, 7 ], "texture": "#texture" },
        "east":  { "uv": [ 6.5, 6.5, 9, 7 ], "texture": "#texture" }
    }
},
{
    "from": [ 8, 12.5, 10 ],
    "to": [ 12, 13, 12 ],
    "faces": {
        "north": { "uv": [ 11, 6, 7, 6.5 ], "texture": "#texture" },
        "west":  { "uv": [ 6.5, 6.5, 8.5, 7 ], "texture": "#texture" },
        "east":  { "uv": [ 6.5, 6.5, 8.5, 7 ], "texture": "#texture" }
    }
},
{
    "from": [ 8, 13, 10.5 ],
    "to": [ 12, 13.5, 12 ],
    "faces": {
        "north": { "uv": [ 7, 6, 11, 6.5 ], "texture": "#texture" },
        "west":  { "uv": [ 10, 2.5, 11.5, 3 ], "texture": "#texture" },
        "east":  { "uv": [ 10, 2.5, 11.5, 3 ], "texture": "#texture" }
    }
}
]
}