{
"__comment": "3D Mesh designed with BDcraft Cubik - Version PRO 0.65 Beta",
"textures": {
    "particle": "blocks/mushroom_brown",
    "down": "blocks/mushroom_brown",
    "up": "blocks/mushroom_brown",
    "north": "blocks/mushroom_brown",
    "south": "blocks/mushroom_brown",
    "west": "blocks/mushroom_brown",
    "east": "blocks/mushroom_brown"
},
"elements": [ 
{
    "from": [ 6, 5.5, 6 ],
    "to": [ 10, 6, 10 ],
    "faces": {
        "up":    { "uv": [ 5.5, 10.5, 10.5, 13.5 ], "texture": "#up" },
        "north": { "uv": [ 10.5, 13.5, 5.5, 14 ], "texture": "#north" },
        "south": { "uv": [ 5.5, 13.5, 10.5, 14 ], "texture": "#south" },
        "west":  { "uv": [ 5.5, 13.5, 10.5, 14 ], "texture": "#west" },
        "east":  { "uv": [ 10.5, 13.5, 5.5, 14 ], "texture": "#east" }
    }
},
{
    "from": [ 5.5, 5, 5.5 ],
    "to": [ 10.5, 5.5, 10.5 ],
    "faces": {
        "up":    { "uv": [ 6.5, 11.5, 10.5, 13.5 ], "texture": "#up" },
        "north": { "uv": [ 10.5, 13.5, 5.5, 14 ], "texture": "#north" },
        "south": { "uv": [ 5.5, 13.5, 10.5, 14 ], "texture": "#south" },
        "west":  { "uv": [ 5.5, 13.5, 10.5, 14 ], "texture": "#west" },
        "east":  { "uv": [ 10.5, 13.5, 5.5, 14 ], "texture": "#east" }
    }
},
{
    "from": [ 5, 2.5, 5 ],
    "to": [ 11, 5, 11 ],
    "faces": {
        "down":  { "uv": [ 6, 11, 10, 14 ], "texture": "#down" },
        "up":    { "uv": [ 6, 11, 10, 14 ], "texture": "#up" },
        "north": { "uv": [ 11, 11, 5, 13.5 ], "texture": "#north" },
        "south": { "uv": [ 5, 11, 11, 13.5 ], "texture": "#south" },
        "west":  { "uv": [ 5, 11, 11, 13.5 ], "texture": "#west" },
        "east":  { "uv": [ 11, 11, 5, 13.5 ], "texture": "#east" }
    }
},
{
    "from": [ 5.5, 2, 5.5 ],
    "to": [ 10.5, 2.5, 10.5 ],
    "faces": {
        "down":  { "uv": [ 6, 11, 10, 13 ], "texture": "#down" },
        "north": { "uv": [ 10.5, 13.5, 5.5, 14 ], "texture": "#north" },
        "south": { "uv": [ 5.5, 13.5, 10.5, 14 ], "texture": "#south" },
        "west":  { "uv": [ 5.5, 13.5, 10.5, 14 ], "texture": "#west" },
        "east":  { "uv": [ 10.5, 13.5, 5.5, 14 ], "texture": "#east" }
    }
},
{
    "from": [ 7, 0, 7 ],
    "to": [ 9, 2, 9 ],
    "faces": {
        "down":  { "uv": [ 7, 7, 9, 9 ], "texture": "#down", "cullface": "down" },
        "north": { "uv": [ 9, 14, 7, 16 ], "texture": "#north" },
        "south": { "uv": [ 7, 14, 9, 16 ], "texture": "#south" },
        "west":  { "uv": [ 7, 14, 9, 16 ], "texture": "#west" },
        "east":  { "uv": [ 9, 14, 7, 16 ], "texture": "#east" }
    }
}
]
}