{
"__comment": "Fair warning, this format is highly likely to change even more in the future!",
"ambientocclusion": false,
"textures": {
    "particle": "items/cake",
    "top": "blocks/cake_top",
    "side": "blocks/cake_side",
    "bottom": "blocks/cake_bottom"
},
"elements": [ 
{
    "from": [ 1, 5.5, 1 ],
    "to": [ 15, 8, 15 ],
    "faces": {
        "down":  { "uv": [ 1, 15, 15, 1 ], "texture": "#top" },
        "up":    { "uv": [ 1, 1, 15, 15 ], "texture": "#top" },
        "north": { "uv": [ 1, 8, 15, 10.5 ], "texture": "#side" },
        "south": { "uv": [ 1, 8, 15, 10.5 ], "texture": "#side" },
        "west":  { "uv": [ 1, 8, 15, 10.5 ], "texture": "#side" },
        "east":  { "uv": [ 1, 8, 15, 10.5 ], "texture": "#side" }
    }
},
{
    "from": [ 1.5, 0, 1.5 ],
    "to": [ 14.5, 5.5, 14.5 ],
    "faces": {
        "down":  { "uv": [ 1.5, 14.5, 14.5, 1.5 ], "texture": "#bottom", "cullface": "down" },
        "north": { "uv": [ 1.5, 10.5, 14.5, 16 ], "texture": "#side" },
        "south": { "uv": [ 1.5, 10.5, 14.5, 16 ], "texture": "#side" },
        "west":  { "uv": [ 1.5, 10.5, 14.5, 16 ], "texture": "#side" },
        "east":  { "uv": [ 1.5, 10.5, 14.5, 16 ], "texture": "#side" }
    }
},
{
    "from": [ 14.5, 4.5, 1 ],
    "to": [ 15, 5.5, 3 ],
    "faces": {
        "down":  { "uv": [ 14.5, 3, 15, 1 ], "texture": "#top" },
        "north": { "uv": [ 1, 10.5, 1.5, 11.5 ], "texture": "#side" },
        "south": { "uv": [ 14.5, 10.5, 15, 11.5 ], "texture": "#side" },
        "west":  { "uv": [ 1, 10.5, 3, 11.5 ], "texture": "#side" },
        "east":  { "uv": [ 13, 10.5, 15, 11.5 ], "texture": "#side" }
    }
},
{
    "from": [ 14.5, 4.5, 5 ],
    "to": [ 15, 5.5, 7 ],
    "faces": {
        "down":  { "uv": [ 14.5, 7, 15, 5 ], "texture": "#top" },
        "north": { "uv": [ 1, 10.5, 1.5, 11.5 ], "texture": "#side" },
        "south": { "uv": [ 14.5, 10.5, 15, 11.5 ], "texture": "#side" },
        "east":  { "uv": [ 9, 10.5, 11, 11.5 ], "texture": "#side" }
    }
},
{
    "from": [ 14.5, 4.5, 9 ],
    "to": [ 15, 5.5, 11 ],
    "faces": {
        "down":  { "uv": [ 14.5, 11, 15, 9 ], "texture": "#top" },
        "north": { "uv": [ 1, 10.5, 1.5, 11.5 ], "texture": "#side" },
        "south": { "uv": [ 14.5, 10.5, 15, 11.5 ], "texture": "#side" },
        "east":  { "uv": [ 5, 10.5, 7, 11.5 ], "texture": "#side" }
    }
},
{
    "from": [ 14.5, 4.5, 13 ],
    "to": [ 15, 5.5, 15 ],
    "faces": {
        "down":  { "uv": [ 14.5, 15, 15, 13 ], "texture": "#top" },
        "north": { "uv": [ 1, 10.5, 1.5, 11.5 ], "texture": "#side" },
        "south": { "uv": [ 14.5, 10.5, 15, 11.5 ], "texture": "#side" },
        "west":  { "uv": [ 13, 10.5, 15, 11.5 ], "texture": "#side" },
        "east":  { "uv": [ 1, 10.5, 3, 11.5 ], "texture": "#side" }
    }
},
{
    "from": [ 1, 4.5, 14.5 ],
    "to": [ 3, 5.5, 15 ],
    "faces": {
        "down":  { "uv": [ 1, 15, 3, 14.5 ], "texture": "#top" },
        "north": { "uv": [ 13, 10.5, 15, 11.5 ], "texture": "#side" },
        "south": { "uv": [ 1, 10.5, 3, 11.5 ], "texture": "#side" },
        "west":  { "uv": [ 14.5, 10.5, 15, 11.5 ], "texture": "#side" },
        "east":  { "uv": [ 1, 10.5, 1.5, 11.5 ], "texture": "#side" }
    }
},
{
    "from": [ 5, 4.5, 14.5 ],
    "to": [ 7, 5.5, 15 ],
    "faces": {
        "down":  { "uv": [ 5, 15, 7, 14.5 ], "texture": "#top" },
        "south": { "uv": [ 5, 10.5, 7, 11.5 ], "texture": "#side" },
        "west":  { "uv": [ 14.5, 10.5, 15, 11.5 ], "texture": "#side" },
        "east":  { "uv": [ 1, 10.5, 1.5, 11.5 ], "texture": "#side" }
    }
},
{
    "from": [ 9, 4.5, 14.5 ],
    "to": [ 11, 5.5, 15 ],
    "faces": {
        "down":  { "uv": [ 9, 15, 11, 14.5 ], "texture": "#top" },
        "south": { "uv": [ 9, 10.5, 11, 11.5 ], "texture": "#side" },
        "west":  { "uv": [ 14.5, 10.5, 15, 11.5 ], "texture": "#side" },
        "east":  { "uv": [ 1, 10.5, 1.5, 11.5 ], "texture": "#side" }
    }
},
{
    "from": [ 13, 4.5, 14.5 ],
    "to": [ 15, 5.5, 15 ],
    "faces": {
        "down":  { "uv": [ 13, 15, 15, 14.5 ], "texture": "#top" },
        "north": { "uv": [ 1, 10.5, 3, 11.5 ], "texture": "#side" },
        "south": { "uv": [ 13, 10.5, 15, 11.5 ], "texture": "#side" },
        "west":  { "uv": [ 14.5, 10.5, 15, 11.5 ], "texture": "#side" },
        "east":  { "uv": [ 1, 10.5, 1.5, 11.5 ], "texture": "#side" }
    }
},
{
    "from": [ 1, 4.5, 1 ],
    "to": [ 3, 5.5, 1.5 ],
    "faces": {
        "down":  { "uv": [ 1, 1.5, 3, 1 ], "texture": "#top" },
        "north": { "uv": [ 13, 10.5, 15, 11.5 ], "texture": "#side" },
        "south": { "uv": [ 1, 10.5, 3, 11.5 ], "texture": "#side" },
        "west":  { "uv": [ 1, 10.5, 1.5, 11.5 ], "texture": "#side" },
        "east":  { "uv": [ 14.5, 10.5, 15, 11.5 ], "texture": "#side" }
    }
},
{
    "from": [ 5, 4.5, 1 ],
    "to": [ 7, 5.5, 1.5 ],
    "faces": {
        "down":  { "uv": [ 5, 1.5, 7, 1 ], "texture": "#top" },
        "north": { "uv": [ 9, 10.5, 11, 11.5 ], "texture": "#side" },
        "west":  { "uv": [ 1, 10.5, 1.5, 11.5 ], "texture": "#side" },
        "east":  { "uv": [ 14.5, 10.5, 15, 11.5 ], "texture": "#side" }
    }
},
{
    "from": [ 9, 4.5, 1 ],
    "to": [ 11, 5.5, 1.5 ],
    "faces": {
        "down":  { "uv": [ 9, 1.5, 11, 1 ], "texture": "#top" },
        "north": { "uv": [ 5, 10.5, 7, 11.5 ], "texture": "#side" },
        "west":  { "uv": [ 1, 10.5, 1.5, 11.5 ], "texture": "#side" },
        "east":  { "uv": [ 14.5, 10.5, 15, 11.5 ], "texture": "#side" }
    }
},
{
    "from": [ 13, 4.5, 1 ],
    "to": [ 15, 5.5, 1.5 ],
    "faces": {
        "down":  { "uv": [ 13, 1.5, 15, 1 ], "texture": "#top" },
        "north": { "uv": [ 1, 10.5, 3, 11.5 ], "texture": "#side" },
        "south": { "uv": [ 13, 10.5, 15, 11.5 ], "texture": "#side" },
        "west":  { "uv": [ 1, 10.5, 1.5, 11.5 ], "texture": "#side" },
        "east":  { "uv": [ 14.5, 10.5, 15, 11.5 ], "texture": "#side" }
    }
},
{
    "from": [ 1, 4.5, 1 ],
    "to": [ 1.5, 5.5, 3 ],
    "faces": {
        "down":  { "uv": [ 1, 3, 1.5, 1 ], "texture": "#top" },
        "north": { "uv": [ 14.5, 10.5, 15, 11.5 ], "texture": "#side" },
        "south": { "uv": [ 1, 10.5, 1.5, 11.5 ], "texture": "#side" },
        "west":  { "uv": [ 1, 10.5, 3, 11.5 ], "texture": "#side" },
        "east":  { "uv": [ 13, 10.5, 15, 11.5 ], "texture": "#side" }
    }
},
{
    "from": [ 1, 4.5, 5 ],
    "to": [ 1.5, 5.5, 7 ],
    "faces": {
        "down":  { "uv": [ 1, 7, 1.5, 5 ], "texture": "#top" },
        "north": { "uv": [ 14.5, 10.5, 15, 11.5 ], "texture": "#side" },
        "south": { "uv": [ 1, 10.5, 1.5, 11.5 ], "texture": "#side" },
        "west":  { "uv": [ 5, 10.5, 7, 11.5 ], "texture": "#side" }
    }
},
{
    "from": [ 1, 4.5, 9 ],
    "to": [ 1.5, 5.5, 11 ],
    "faces": {
        "down":  { "uv": [ 1, 11, 1.5, 9 ], "texture": "#top" },
        "north": { "uv": [ 14.5, 10.5, 15, 11.5 ], "texture": "#side" },
        "south": { "uv": [ 1, 10.5, 1.5, 11.5 ], "texture": "#side" },
        "west":  { "uv": [ 9, 10.5, 11, 11.5 ], "texture": "#side" }
    }
},
{
    "from": [ 1, 4.5, 13 ],
    "to": [ 1.5, 5.5, 15 ],
    "faces": {
        "down":  { "uv": [ 1, 15, 1.5, 13 ], "texture": "#top" },
        "north": { "uv": [ 14.5, 10.5, 15, 11.5 ], "texture": "#side" },
        "south": { "uv": [ 1, 10.5, 1.5, 11.5 ], "texture": "#side" },
        "west":  { "uv": [ 13, 10.5, 15, 11.5 ], "texture": "#side" },
        "east":  { "uv": [ 1, 10.5, 3, 11.5 ], "texture": "#side" }
    }
},
{
    "from": [ 3, 5, 14.5 ],
    "to": [ 3.5, 5.5, 15 ],
    "faces": {
        "down":  { "uv": [ 3, 15, 3.5, 14.5 ], "texture": "#top" },
        "south": { "uv": [ 3, 10.5, 3.5, 11 ], "texture": "#side" },
        "east":  { "uv": [ 1, 10.5, 1.5, 11 ], "texture": "#side" }
    }
},
{
    "from": [ 4.5, 5, 1 ],
    "to": [ 5, 5.5, 1.5 ],
    "faces": {
        "down":  { "uv": [ 4.5, 1.5, 5, 1 ], "texture": "#top" },
        "north": { "uv": [ 11, 10.5, 11.5, 11 ], "texture": "#side" },
        "west":  { "uv": [ 1, 10.5, 1.5, 11 ], "texture": "#side" }
    }
},
{
    "from": [ 7, 5, 1 ],
    "to": [ 7.5, 5.5, 1.5 ],
    "faces": {
        "down":  { "uv": [ 7, 1.5, 7.5, 1 ], "texture": "#top" },
        "north": { "uv": [ 8.5, 10.5, 9, 11 ], "texture": "#side" },
        "east":  { "uv": [ 14.5, 10.5, 15, 11 ], "texture": "#side" }
    }
},
{
    "from": [ 8.5, 5, 1 ],
    "to": [ 9, 5.5, 1.5 ],
    "faces": {
        "down":  { "uv": [ 8.5, 1.5, 9, 1 ], "texture": "#top" },
        "north": { "uv": [ 7, 10.5, 7.5, 11 ], "texture": "#side" },
        "west":  { "uv": [ 1, 10.5, 1.5, 11 ], "texture": "#side" }
    }
},
{
    "from": [ 11, 5, 1 ],
    "to": [ 11.5, 5.5, 1.5 ],
    "faces": {
        "down":  { "uv": [ 11, 1.5, 11.5, 1 ], "texture": "#top" },
        "north": { "uv": [ 4.5, 10.5, 5, 11 ], "texture": "#side" },
        "east":  { "uv": [ 14.5, 10.5, 15, 11 ], "texture": "#side" }
    }
},
{
    "from": [ 12.5, 5, 1 ],
    "to": [ 13, 5.5, 1.5 ],
    "faces": {
        "down":  { "uv": [ 12.5, 1.5, 13, 1 ], "texture": "#top" },
        "north": { "uv": [ 3, 10.5, 3.5, 11 ], "texture": "#side" },
        "west":  { "uv": [ 1, 10.5, 1.5, 11 ], "texture": "#side" }
    }
},
{
    "from": [ 12.5, 5, 14.5 ],
    "to": [ 13, 5.5, 15 ],
    "faces": {
        "down":  { "uv": [ 12.5, 15, 13, 14.5 ], "texture": "#top" },
        "south": { "uv": [ 12.5, 10.5, 13, 11 ], "texture": "#side" },
        "west":  { "uv": [ 14.5, 10.5, 15, 11 ], "texture": "#side" }
    }
},
{
    "from": [ 11, 5, 14.5 ],
    "to": [ 11.5, 5.5, 15 ],
    "faces": {
        "down":  { "uv": [ 11, 15, 11.5, 14.5 ], "texture": "#top" },
        "south": { "uv": [ 11, 10.5, 11.5, 11 ], "texture": "#side" },
        "east":  { "uv": [ 1, 10.5, 1.5, 11 ], "texture": "#side" }
    }
},
{
    "from": [ 8.5, 5, 14.5 ],
    "to": [ 9, 5.5, 15 ],
    "faces": {
        "down":  { "uv": [ 8.5, 15, 9, 14.5 ], "texture": "#top" },
        "south": { "uv": [ 8.5, 10.5, 9, 11 ], "texture": "#side" },
        "west":  { "uv": [ 14.5, 10.5, 15, 11 ], "texture": "#side" }
    }
},
{
    "from": [ 7, 5, 14.5 ],
    "to": [ 7.5, 5.5, 15 ],
    "faces": {
        "down":  { "uv": [ 7, 15, 7.5, 14.5 ], "texture": "#top" },
        "south": { "uv": [ 7, 10.5, 7.5, 11 ], "texture": "#side" },
        "east":  { "uv": [ 1, 10.5, 1.5, 11 ], "texture": "#side" }
    }
},
{
    "from": [ 4.5, 5, 14.5 ],
    "to": [ 5, 5.5, 15 ],
    "faces": {
        "down":  { "uv": [ 4.5, 15, 5, 14.5 ], "texture": "#top" },
        "south": { "uv": [ 4.5, 10.5, 5, 11 ], "texture": "#side" },
        "west":  { "uv": [ 14.5, 10.5, 15, 11 ], "texture": "#side" }
    }
},
{
    "from": [ 1, 5, 3 ],
    "to": [ 1.5, 5.5, 3.5 ],
    "faces": {
        "down":  { "uv": [ 1, 3.5, 1.5, 3 ], "texture": "#top" },
        "south": { "uv": [ 1, 10.5, 1.5, 11 ], "texture": "#side" },
        "west":  { "uv": [ 3, 10.5, 3.5, 11 ], "texture": "#side" }
    }
},
{
    "from": [ 3, 5, 1 ],
    "to": [ 3.5, 5.5, 1.5 ],
    "faces": {
        "down":  { "uv": [ 3, 1.5, 3.5, 1 ], "texture": "#top" },
        "north": { "uv": [ 12.5, 10.5, 13, 11 ], "texture": "#side" },
        "east":  { "uv": [ 14.5, 10.5, 15, 11 ], "texture": "#side" }
    }
},
{
    "from": [ 1, 5, 4.5 ],
    "to": [ 1.5, 5.5, 5 ],
    "faces": {
        "down":  { "uv": [ 1, 5, 1.5, 4.5 ], "texture": "#top" },
        "north": { "uv": [ 14.5, 10.5, 15, 11 ], "texture": "#side" },
        "west":  { "uv": [ 4.5, 10.5, 5, 11 ], "texture": "#side" }
    }
},
{
    "from": [ 1, 5, 7 ],
    "to": [ 1.5, 5.5, 7.5 ],
    "faces": {
        "down":  { "uv": [ 1, 7.5, 1.5, 7 ], "texture": "#top" },
        "south": { "uv": [ 1, 10.5, 1.5, 11 ], "texture": "#side" },
        "west":  { "uv": [ 7, 10.5, 7.5, 11 ], "texture": "#side" }
    }
},
{
    "from": [ 1, 5, 12.5 ],
    "to": [ 1.5, 5.5, 13 ],
    "faces": {
        "down":  { "uv": [ 1, 13, 1.5, 12.5 ], "texture": "#top" },
        "north": { "uv": [ 14.5, 10.5, 15, 11 ], "texture": "#side" },
        "west":  { "uv": [ 12.5, 10.5, 13, 11 ], "texture": "#side" }
    }
},
{
    "from": [ 1, 5, 8.5 ],
    "to": [ 1.5, 5.5, 9 ],
    "faces": {
        "down":  { "uv": [ 1, 9, 1.5, 8.5 ], "texture": "#top" },
        "north": { "uv": [ 14.5, 10.5, 15, 11 ], "texture": "#side" },
        "west":  { "uv": [ 8.5, 10.5, 9, 11 ], "texture": "#side" }
    }
},
{
    "from": [ 1, 5, 11 ],
    "to": [ 1.5, 5.5, 11.5 ],
    "faces": {
        "down":  { "uv": [ 1, 11.5, 1.5, 11 ], "texture": "#top" },
        "south": { "uv": [ 1, 10.5, 1.5, 11 ], "texture": "#side" },
        "west":  { "uv": [ 11, 10.5, 11.5, 11 ], "texture": "#side" }
    }
},
{
    "from": [ 14.5, 5, 12.5 ],
    "to": [ 15, 5.5, 13 ],
    "faces": {
        "down":  { "uv": [ 14.5, 13, 15, 12.5 ], "texture": "#top" },
        "north": { "uv": [ 1, 10.5, 1.5, 11 ], "texture": "#side" },
        "east":  { "uv": [ 3, 10.5, 3.5, 11 ], "texture": "#side" }
    }
},
{
    "from": [ 14.5, 5, 11 ],
    "to": [ 15, 5.5, 11.5 ],
    "faces": {
        "down":  { "uv": [ 14.5, 11.5, 15, 11 ], "texture": "#top" },
        "south": { "uv": [ 14.5, 10.5, 15, 11 ], "texture": "#side" },
        "east":  { "uv": [ 4.5, 10.5, 5, 11 ], "texture": "#side" }
    }
},
{
    "from": [ 14.5, 5, 8.5 ],
    "to": [ 15, 5.5, 9 ],
    "faces": {
        "down":  { "uv": [ 14.5, 9, 15, 8.5 ], "texture": "#top" },
        "north": { "uv": [ 1, 10.5, 1.5, 11 ], "texture": "#side" },
        "east":  { "uv": [ 7, 10.5, 7.5, 11 ], "texture": "#side" }
    }
},
{
    "from": [ 14.5, 5, 3 ],
    "to": [ 15, 5.5, 3.5 ],
    "faces": {
        "down":  { "uv": [ 14.5, 3.5, 15, 3 ], "texture": "#top" },
        "south": { "uv": [ 14.5, 10.5, 15, 11 ], "texture": "#side" },
        "east":  { "uv": [ 12.5, 10.5, 13, 11 ], "texture": "#side" }
    }
},
{
    "from": [ 14.5, 5, 7 ],
    "to": [ 15, 5.5, 7.5 ],
    "faces": {
        "down":  { "uv": [ 14.5, 7.5, 15, 7 ], "texture": "#top" },
        "south": { "uv": [ 14.5, 10.5, 15, 11 ], "texture": "#side" },
        "east":  { "uv": [ 8.5, 10.5, 9, 11 ], "texture": "#side" }
    }
},
{
    "from": [ 14.5, 5, 4.5 ],
    "to": [ 15, 5.5, 5 ],
    "faces": {
        "down":  { "uv": [ 14.5, 5, 15, 4.5 ], "texture": "#top" },
        "north": { "uv": [ 1, 10.5, 1.5, 11 ], "texture": "#side" },
        "east":  { "uv": [ 11, 10.5, 11.5, 11 ], "texture": "#side" }
    }
}
]
}