{
	"credit": "Made with Blockbench",
	"ambientocclusion": false,
	"textures": {
		"0": "blocks/carrots_stage0",
		"particle": "blocks/carrots_stage0"
	},
	"elements": [
		{
			"name": "Stem1",
			"from": [4, -1, -2.5],
			"to": [4, 15, 10.5],
			"rotation": {"angle": 45, "axis": "y", "origin": [4, 7, 4]},
			"faces": {
				"east": {"uv": [3, 0, 16, 16], "texture": "#0"},
				"west": {"uv": [3, 0, 16, 16], "texture": "#0"}
			}
		},
		{
			"name": "Stem2",
			"from": [-2.5, -1, 4],
			"to": [10.5, 15, 4],
			"rotation": {"angle": 45, "axis": "y", "origin": [4, 7, 4]},
			"faces": {
				"north": {"uv": [3, 0, 16, 16], "texture": "#0"},
				"south": {"uv": [3, 0, 16, 16], "texture": "#0"}
			}
		},
		{
			"name": "Stem1",
			"from": [12, -1, -0.5],
			"to": [12, 15, 12.5],
			"rotation": {"angle": 45, "axis": "y", "origin": [12, 7, 6]},
			"faces": {
				"east": {"uv": [3, 0, 16, 16], "texture": "#0"},
				"west": {"uv": [3, 0, 16, 16], "texture": "#0"}
			}
		},
		{
			"name": "Stem2",
			"from": [5.5, -1, 6],
			"to": [18.5, 15, 6],
			"rotation": {"angle": 45, "axis": "y", "origin": [12, 7, 6]},
			"faces": {
				"north": {"uv": [3, 0, 16, 16], "texture": "#0"},
				"south": {"uv": [3, 0, 16, 16], "texture": "#0"}
			}
		},
		{
			"name": "Stem1",
			"from": [5, -1, 5.5],
			"to": [5, 15, 18.5],
			"rotation": {"angle": 45, "axis": "y", "origin": [5, 7, 12]},
			"faces": {
				"east": {"uv": [3, 0, 16, 16], "texture": "#0"},
				"west": {"uv": [3, 0, 16, 16], "texture": "#0"}
			}
		},
		{
			"name": "Stem2",
			"from": [-1.5, -1, 12],
			"to": [11.5, 15, 12],
			"rotation": {"angle": 45, "axis": "y", "origin": [5, 7, 12]},
			"faces": {
				"north": {"uv": [3, 0, 16, 16], "texture": "#0"},
				"south": {"uv": [3, 0, 16, 16], "texture": "#0"}
			}
		}
	],
	"groups": [
		{
			"name": "Carrot1",
			"origin": [8, 8, 8],
			"children": [0, 1]
		},
		{
			"name": "Carrot2",
			"origin": [8, 8, 8],
			"children": [2, 3]
		},
		{
			"name": "Carrot3",
			"origin": [8, 8, 8],
			"children": [4, 5]
		}
	]
}