{
"textures": {
    "particle": "blocks/rail_detector_powered",
    "down": "blocks/rail_detector_powered",
    "up": "blocks/rail_detector_powered",
    "north": "blocks/rail_detector_powered",
    "south": "blocks/rail_detector_powered",
    "west": "blocks/rail_detector_powered",
    "east": "blocks/rail_detector_powered"
},
"elements": [ 
{
    "from": [ 5, 9, 5 ],
    "to": [ 11, 9.5, 11 ],
    "rotation": { "origin": [ 8, 9, 8 ], "axis": "x", "angle": -45 },
    "faces": {
        "down":  { "uv": [ 5, 5, 11, 11 ], "texture": "#down", "cullface": "false" },
        "up":    { "uv": [ 5, 5, 11, 11 ], "texture": "#up", "cullface": "false" },
        "north": { "uv": [ 5, 5, 11, 6 ], "texture": "#north", "cullface": "false" },
        "south": { "uv": [ 5, 10, 11, 11 ], "texture": "#south", "cullface": "false" },
        "west":  { "uv": [ 5, 5, 6, 11 ], "texture": "#west", "cullface": "false" },
        "east":  { "uv": [ 10, 5, 11, 11 ], "texture": "#east", "cullface": "false" }
    }
},
{
    "from": [ 1, 8, 15 ],
    "to": [ 15, 9, 17.5 ],
    "rotation": { "origin": [ 8, 9, 8 ], "axis": "x", "angle": -45 },
    "faces": {
        "down":  { "uv": [ 4, 13, 12, 15 ], "texture": "#down", "cullface": "false" },
        "up":    { "uv": [ 4, 13, 12, 15 ], "texture": "#up", "cullface": "false" },
        "north": { "uv": [ 4, 13, 12, 15 ], "texture": "#north", "cullface": "false" },
        "south": { "uv": [ 4, 13, 12, 15 ], "texture": "#south", "cullface": "false" },
        "west":  { "uv": [ 14, 13, 15, 15 ], "texture": "#west", "cullface": "false" },
        "east":  { "uv": [ 14, 13, 15, 15 ], "texture": "#east", "cullface": "false" }
    }
},
{
    "from": [ 1, 8, 9.5 ],
    "to": [ 15, 9, 12 ],
    "rotation": { "origin": [ 8, 9, 8 ], "axis": "x", "angle": -45 },
    "faces": {
        "down":  { "uv": [ 4, 1, 12, 3 ], "texture": "#down", "cullface": "false" },
        "up":    { "uv": [ 4, 1, 12, 3 ], "texture": "#up", "cullface": "false" },
        "north": { "uv": [ 4, 1, 12, 3 ], "texture": "#north", "cullface": "false" },
        "south": { "uv": [ 4, 1, 12, 3 ], "texture": "#south", "cullface": "false" },
        "west":  { "uv": [ 14, 1, 15, 3 ], "texture": "#west", "cullface": "false" },
        "east":  { "uv": [ 14, 1, 15, 3 ], "texture": "#east", "cullface": "false" }
    }
},
{
    "from": [ 1, 8, 4 ],
    "to": [ 15, 9, 6.5 ],
    "rotation": { "origin": [ 8, 9, 8 ], "axis": "x", "angle": -45 },
    "faces": {
        "down":  { "uv": [ 4, 1, 12, 3 ], "texture": "#down", "cullface": "false" },
        "up":    { "uv": [ 4, 1, 12, 3 ], "texture": "#up", "cullface": "false" },
        "north": { "uv": [ 4, 1, 12, 3 ], "texture": "#north", "cullface": "false" },
        "south": { "uv": [ 4, 1, 12, 3 ], "texture": "#south", "cullface": "false" },
        "west":  { "uv": [ 14, 1, 15, 3 ], "texture": "#west", "cullface": "false" },
        "east":  { "uv": [ 14, 1, 15, 3 ], "texture": "#east", "cullface": "false" }
    }
},
{
    "from": [ 1, 8, -1.5 ],
    "to": [ 15, 9, 1 ],
    "rotation": { "origin": [ 8, 9, 8 ], "axis": "x", "angle": -45 },
    "faces": {
        "down":  { "uv": [ 4, 1, 12, 3 ], "texture": "#down", "cullface": "false" },
        "up":    { "uv": [ 4, 1, 12, 3 ], "texture": "#up", "cullface": "false" },
        "north": { "uv": [ 4, 1, 12, 3 ], "texture": "#north", "cullface": "false" },
        "south": { "uv": [ 4, 1, 12, 3 ], "texture": "#south", "cullface": "false" },
        "west":  { "uv": [ 14, 1, 15, 3 ], "texture": "#west", "cullface": "false" },
        "east":  { "uv": [ 14, 1, 15, 3 ], "texture": "#east", "cullface": "false" }
    }
},
{
    "from": [ 12, 9, -3 ],
    "to": [ 14, 9.5, 19 ],
    "rotation": { "origin": [ 8, 9, 8 ], "axis": "x", "angle": -45 },
    "faces": {
        "down":  { "uv": [ 12, 0, 14, 16 ], "texture": "#down", "cullface": "false" },
        "up":    { "uv": [ 12, 0, 14, 16 ], "texture": "#up", "cullface": "false" },
        "north": { "uv": [ 2, 0, 4, 16 ], "texture": "#north", "cullface": "false" },
        "south": { "uv": [ 2, 0, 4, 16 ], "texture": "#south", "cullface": "false" },
        "west":  { "uv": [ 3, 0, 4, 16 ], "texture": "#west", "cullface": "false" },
        "east":  { "uv": [ 2, 0, 3, 16 ], "texture": "#east", "cullface": "false" }
    }
},
{
    "from": [ 2, 9, -3 ],
    "to": [ 4, 9.5, 19 ],
    "rotation": { "origin": [ 8, 9, 8 ], "axis": "x", "angle": -45 },
    "faces": {
        "down":  { "uv": [ 2, 0, 4, 16 ], "texture": "#down", "cullface": "false" },
        "up":    { "uv": [ 2, 0, 4, 16 ], "texture": "#up", "cullface": "false" },
        "north": { "uv": [ 2, 0, 4, 16 ], "texture": "#north", "cullface": "false" },
        "south": { "uv": [ 2, 0, 4, 16 ], "texture": "#south", "cullface": "false" },
        "west":  { "uv": [ 2, 0, 3, 16 ], "texture": "#west", "cullface": "false" },
        "east":  { "uv": [ 3, 0, 4, 16 ], "texture": "#east", "cullface": "false" }
    }
}
]
}