{
"__comment": "Fair warning, this format is highly likely to change even more in the future!",
"ambientocclusion": true,
"textures": {
    "particle": "blocks/dropper_front_vertical",
    "down": "blocks/furnace_top",
    "up": "blocks/dropper_front_vertical",
    "north": "blocks/furnace_top",
    "south": "blocks/furnace_top",
    "west": "blocks/furnace_top",
    "east": "blocks/furnace_top"
},
"elements": [ 
{
    "from": [ 0, 0, 0 ],
    "to": [ 16, 15, 16 ],
    "faces": {
        "down":  { "uv": [ 0, 0, 16, 16 ], "texture": "#down", "cullface": "down" },
        "up":    { "uv": [ 0, 0, 16, 16 ], "texture": "#up", "cullface": "up" },
        "north": { "uv": [ 16, 1, 0, 16 ], "texture": "#north", "cullface": "north" },
        "south": { "uv": [ 0, 1, 16, 16 ], "texture": "#south", "cullface": "south" },
        "west":  { "uv": [ 0, 1, 16, 16 ], "texture": "#west", "cullface": "west" },
        "east":  { "uv": [ 16, 1, 0, 16 ], "texture": "#east", "cullface": "east" }
    }
},
{
    "from": [ 0, 15, 0 ],
    "to": [ 5, 16, 16 ],
    "faces": {
        "down":  { "uv": [ 0, 0, 5, 16 ], "texture": "#down", "cullface": "down" },
        "up":    { "uv": [ 0, 0, 5, 16 ], "texture": "#up", "cullface": "up" },
        "north": { "uv": [ 5, 0, 0, 1 ], "texture": "#north", "cullface": "north" },
        "south": { "uv": [ 0, 0, 5, 1 ], "texture": "#south", "cullface": "south" },
        "west":  { "uv": [ 0, 0, 16, 1 ], "texture": "#west", "cullface": "west" },
        "east":  { "uv": [ 16, 0, 0, 1 ], "texture": "#east", "cullface": "east" }
    }
},
{
    "from": [ 11, 15, 0 ],
    "to": [ 16, 16, 16 ],
    "faces": {
        "down":  { "uv": [ 11, 0, 16, 16 ], "texture": "#down", "cullface": "down" },
        "up":    { "uv": [ 11, 0, 16, 16 ], "texture": "#up", "cullface": "up" },
        "north": { "uv": [ 16, 0, 11, 1 ], "texture": "#north", "cullface": "north" },
        "south": { "uv": [ 11, 0, 16, 1 ], "texture": "#south", "cullface": "south" },
        "west":  { "uv": [ 0, 0, 16, 1 ], "texture": "#west", "cullface": "west" },
        "east":  { "uv": [ 16, 0, 0, 1 ], "texture": "#east", "cullface": "east" }
    }
},
{
    "from": [ 5, 15, 10 ],
    "to": [ 11, 16, 16 ],
    "faces": {
        "down":  { "uv": [ 5, 10, 11, 16 ], "texture": "#down", "cullface": "down" },
        "up":    { "uv": [ 5, 10, 11, 16 ], "texture": "#up", "cullface": "up" },
        "north": { "uv": [ 11, 0, 5, 1 ], "texture": "#north", "cullface": "north" },
        "south": { "uv": [ 5, 0, 11, 1 ], "texture": "#south", "cullface": "south" },
        "west":  { "uv": [ 10, 0, 16, 1 ], "texture": "#west", "cullface": "west" },
        "east":  { "uv": [ 16, 0, 10, 1 ], "texture": "#east", "cullface": "east" }
    }
},
{
    "from": [ 5, 15, 0 ],
    "to": [ 11, 16, 6 ],
    "faces": {
        "down":  { "uv": [ 5, 0, 11, 6 ], "texture": "#down", "cullface": "down" },
        "up":    { "uv": [ 5, 0, 11, 6 ], "texture": "#up", "cullface": "up" },
        "north": { "uv": [ 11, 0, 5, 1 ], "texture": "#north", "cullface": "north" },
        "south": { "uv": [ 5, 0, 11, 1 ], "texture": "#south", "cullface": "south" },
        "west":  { "uv": [ 0, 0, 6, 1 ], "texture": "#west", "cullface": "west" },
        "east":  { "uv": [ 6, 0, 0, 1 ], "texture": "#east", "cullface": "east" }
    }
}
],
"display": {
    "thirdperson_righthand": {
        "rotation": [ 75, 45, 0 ],
        "translation": [ 0, 2.5, 0 ],
        "scale": [ 0.375, 0.375, 0.375 ]
    },
    "thirdperson_lefthand": {
        "rotation": [ 75, 45, 0 ],
        "translation": [ 0, 2.5, 0 ],
        "scale": [ 0.375, 0.375, 0.375 ]
    },
    "head": {
        "rotation": [ 0, 0, 0 ],
        "translation": [ 0, 0, 0 ],
        "scale": [ 1, 1, 1 ]
    },
    "ground": {
        "rotation": [ 0, 0, 0 ],
        "translation": [ 0, 3, 0 ],
        "scale": [ 0.25, 0.25, 0.25 ]
    },
    "fixed": {
        "rotation": [ 0, 0, 0 ],
        "translation": [ 0, 0, 0 ],
        "scale": [ 0.5, 0.5, 0.5 ]
    },
    "firstperson_righthand": {
        "rotation": [ 0, 45, 0 ],
        "translation": [ 0, 0, 0 ],
        "scale": [ 0.4, 0.4, 0.4 ]
    },
    "firstperson_lefthand": {
        "rotation": [ 0, 45, 0 ],
        "translation": [ 0, 0, 0 ],
        "scale": [ 0.4, 0.4, 0.4 ]
    },
    "gui": {
        "rotation": [ 30, 225, 0 ],
        "translation": [ 0, 0, 0 ],
        "scale": [ 0.625, 0.625, 0.625 ]
    }
}
}
