{
"__comment": "Fair warning, this format is highly likely to change even more in the future!",
"ambientocclusion": true,
"textures": {
    "particle": "blocks/furnace_front_off",
    "down": "blocks/furnace_top",
    "up": "blocks/furnace_top",
    "north": "blocks/furnace_front_off",
    "south": "blocks/furnace_side",
    "west": "blocks/furnace_side",
    "east": "blocks/furnace_side"
},
"elements": [ 
{
    "from": [ 3, 2.5, 0 ],
    "to": [ 3.5, 3.5, 1 ],
    "faces": {
        "down":  { "uv": [ 3, 1, 3.5, 0 ], "texture": "#down", "cullface": "" },
        "up":    { "uv": [ 3, 0, 3.5, 1 ], "texture": "#up", "cullface": "" },
        "north": { "uv": [ 12.5, 12.5, 13, 13.5 ], "texture": "#north", "cullface": "" },
        "south": { "uv": [ 3, 12.5, 3.5, 13.5 ], "texture": "#south", "cullface": "" },
        "west":  { "uv": [ 0, 12.5, 1, 13.5 ], "texture": "#west", "cullface": "" },
        "east":  { "uv": [ 15, 12.5, 16, 13.5 ], "texture": "#east", "cullface": "" }
    }
},
{
    "from": [ 12.5, 2.5, 0 ],
    "to": [ 13, 3.5, 1 ],
    "faces": {
        "down":  { "uv": [ 12.5, 1, 13, 0 ], "texture": "#down", "cullface": "" },
        "up":    { "uv": [ 12.5, 0, 13, 1 ], "texture": "#up", "cullface": "" },
        "north": { "uv": [ 3, 12.5, 3.5, 13.5 ], "texture": "#north", "cullface": "" },
        "south": { "uv": [ 12.5, 12.5, 13, 13.5 ], "texture": "#south", "cullface": "" },
        "west":  { "uv": [ 0, 12.5, 1, 13.5 ], "texture": "#west", "cullface": "" },
        "east":  { "uv": [ 15, 12.5, 16, 13.5 ], "texture": "#east", "cullface": "" }
    }
},
{
    "from": [ 4, 4, 0 ],
    "to": [ 5, 4.5, 1 ],
    "faces": {
        "down":  { "uv": [ 4, 1, 5, 0 ], "texture": "#down", "cullface": "" },
        "up":    { "uv": [ 4, 0, 5, 1 ], "texture": "#up", "cullface": "" },
        "north": { "uv": [ 11, 11.5, 12, 12 ], "texture": "#north", "cullface": "" },
        "south": { "uv": [ 4, 11.5, 5, 12 ], "texture": "#south", "cullface": "" },
        "west":  { "uv": [ 0, 11.5, 1, 12 ], "texture": "#west", "cullface": "" },
        "east":  { "uv": [ 15, 11.5, 16, 12 ], "texture": "#east", "cullface": "" }
    }
},
{
    "from": [ 4, 4.5, 0 ],
    "to": [ 6, 5, 1 ],
    "faces": {
        "down":  { "uv": [ 4, 1, 6, 0 ], "texture": "#down", "cullface": "" },
        "up":    { "uv": [ 4, 0, 6, 1 ], "texture": "#up", "cullface": "" },
        "north": { "uv": [ 10, 11, 12, 11.5 ], "texture": "#north", "cullface": "" },
        "south": { "uv": [ 4, 11, 6, 11.5 ], "texture": "#south", "cullface": "" },
        "west":  { "uv": [ 0, 11, 1, 11.5 ], "texture": "#west", "cullface": "" },
        "east":  { "uv": [ 15, 11, 16, 11.5 ], "texture": "#east", "cullface": "" }
    }
},
{
    "from": [ 11, 4, 0 ],
    "to": [ 12, 4.5, 1 ],
    "faces": {
        "down":  { "uv": [ 11, 1, 12, 0 ], "texture": "#down", "cullface": "" },
        "up":    { "uv": [ 11, 0, 12, 1 ], "texture": "#up", "cullface": "" },
        "north": { "uv": [ 4, 11.5, 5, 12 ], "texture": "#north", "cullface": "" },
        "south": { "uv": [ 11, 11.5, 12, 12 ], "texture": "#south", "cullface": "" },
        "west":  { "uv": [ 0, 11.5, 1, 12 ], "texture": "#west", "cullface": "" },
        "east":  { "uv": [ 15, 11.5, 16, 12 ], "texture": "#east", "cullface": "" }
    }
},
{
    "from": [ 11.5, 11, 0 ],
    "to": [ 12, 12, 1 ],
    "faces": {
        "down":  { "uv": [ 11.5, 1, 12, 0 ], "texture": "#down", "cullface": "" },
        "up":    { "uv": [ 11.5, 0, 12, 1 ], "texture": "#up", "cullface": "" },
        "north": { "uv": [ 4, 4, 4.5, 5 ], "texture": "#north", "cullface": "" },
        "south": { "uv": [ 11.5, 4, 12, 5 ], "texture": "#south", "cullface": "" },
        "west":  { "uv": [ 0, 4, 1, 5 ], "texture": "#west", "cullface": "" },
        "east":  { "uv": [ 15, 4, 16, 5 ], "texture": "#east", "cullface": "" }
    }
},
{
    "from": [ 11, 11.5, 0 ],
    "to": [ 11.5, 12, 1 ],
    "faces": {
        "down":  { "uv": [ 11, 1, 11.5, 0 ], "texture": "#down", "cullface": "" },
        "up":    { "uv": [ 11, 0, 11.5, 1 ], "texture": "#up", "cullface": "" },
        "north": { "uv": [ 4.5, 4, 5, 4.5 ], "texture": "#north", "cullface": "" },
        "south": { "uv": [ 11, 4, 11.5, 4.5 ], "texture": "#south", "cullface": "" },
        "west":  { "uv": [ 0, 4, 1, 4.5 ], "texture": "#west", "cullface": "" },
        "east":  { "uv": [ 15, 4, 16, 4.5 ], "texture": "#east", "cullface": "" }
    }
},
{
    "from": [ 4.5, 11.5, 0 ],
    "to": [ 5, 12, 1 ],
    "faces": {
        "down":  { "uv": [ 4.5, 1, 5, 0 ], "texture": "#down", "cullface": "" },
        "up":    { "uv": [ 4.5, 0, 5, 1 ], "texture": "#up", "cullface": "" },
        "north": { "uv": [ 11, 4, 11.5, 4.5 ], "texture": "#north", "cullface": "" },
        "south": { "uv": [ 4.5, 4, 5, 4.5 ], "texture": "#south", "cullface": "" },
        "west":  { "uv": [ 0, 4, 1, 4.5 ], "texture": "#west", "cullface": "" },
        "east":  { "uv": [ 15, 4, 16, 4.5 ], "texture": "#east", "cullface": "" }
    }
},
{
    "from": [ 4, 11, 0 ],
    "to": [ 4.5, 12, 1 ],
    "faces": {
        "down":  { "uv": [ 4, 1, 4.5, 0 ], "texture": "#down", "cullface": "" },
        "up":    { "uv": [ 4, 0, 4.5, 1 ], "texture": "#up", "cullface": "" },
        "north": { "uv": [ 11.5, 4, 12, 5 ], "texture": "#north", "cullface": "" },
        "south": { "uv": [ 4, 4, 4.5, 5 ], "texture": "#south", "cullface": "" },
        "west":  { "uv": [ 0, 4, 1, 5 ], "texture": "#west", "cullface": "" },
        "east":  { "uv": [ 15, 4, 16, 5 ], "texture": "#east", "cullface": "" }
    }
},
{
    "from": [ 10, 4.5, 0 ],
    "to": [ 12, 5, 1 ],
    "faces": {
        "down":  { "uv": [ 10, 1, 12, 0 ], "texture": "#down", "cullface": "" },
        "up":    { "uv": [ 10, 0, 12, 1 ], "texture": "#up", "cullface": "" },
        "north": { "uv": [ 4, 11, 6, 11.5 ], "texture": "#north", "cullface": "" },
        "south": { "uv": [ 10, 11, 12, 11.5 ], "texture": "#south", "cullface": "" },
        "west":  { "uv": [ 0, 11, 1, 11.5 ], "texture": "#west", "cullface": "" },
        "east":  { "uv": [ 15, 11, 16, 11.5 ], "texture": "#east", "cullface": "" }
    }
},
{
    "from": [ 12, 3.5, 0 ],
    "to": [ 13, 12, 1 ],
    "faces": {
        "down":  { "uv": [ 12, 1, 13, 0 ], "texture": "#down", "cullface": "" },
        "up":    { "uv": [ 12, 0, 13, 1 ], "texture": "#up", "cullface": "" },
        "north": { "uv": [ 3, 4, 4, 12.5 ], "texture": "#north", "cullface": "" },
        "south": { "uv": [ 12, 4, 13, 12.5 ], "texture": "#south", "cullface": "" },
        "west":  { "uv": [ 0, 4, 1, 12.5 ], "texture": "#west", "cullface": "" },
        "east":  { "uv": [ 15, 4, 16, 12.5 ], "texture": "#east", "cullface": "" }
    }
},
{
    "from": [ 13, 0, 0 ],
    "to": [ 16, 12, 1 ],
    "faces": {
        "down":  { "uv": [ 13, 15, 16, 16 ], "texture": "#down", "cullface": "true" },
        "up":    { "uv": [ 0, 0, 16, 1 ], "texture": "#up", "cullface": "true" },
        "north": { "uv": [ 0, 4, 3, 16 ], "texture": "#north", "cullface": "true" },
        "south": { "uv": [ 0, 0, 16, 16 ], "texture": "#south", "cullface": "true" },
        "west":  { "uv": [ 0, 4, 1, 16 ], "texture": "#west", "cullface": "true" },
        "east":  { "uv": [ 15, 4, 16, 16 ], "texture": "#east", "cullface": "true" }
    }
},
{
    "from": [ 0, 3.5, 0 ],
    "to": [ 4, 12, 1 ],
    "faces": {
        "down":  { "uv": [ 0, 1, 4, 0 ], "texture": "#down", "cullface": "" },
        "up":    { "uv": [ 0, 0, 4, 1 ], "texture": "#up", "cullface": "" },
        "north": { "uv": [ 12, 4, 16, 12.5 ], "texture": "#north", "cullface": "" },
        "south": { "uv": [ 0, 4, 4, 12.5 ], "texture": "#south", "cullface": "" },
        "west":  { "uv": [ 0, 4, 1, 12.5 ], "texture": "#west", "cullface": "" },
        "east":  { "uv": [ 15, 4, 16, 12.5 ], "texture": "#east", "cullface": "" }
    }
},
{
    "from": [ 0, 0, 0 ],
    "to": [ 3, 3.5, 1 ],
    "faces": {
        "down":  { "uv": [ 0, 1, 3, 0 ], "texture": "#down", "cullface": "" },
        "up":    { "uv": [ 0, 0, 3, 1 ], "texture": "#up", "cullface": "" },
        "north": { "uv": [ 13, 12.5, 16, 16 ], "texture": "#north", "cullface": "" },
        "south": { "uv": [ 0, 12.5, 3, 16 ], "texture": "#south", "cullface": "" },
        "west":  { "uv": [ 0, 12.5, 1, 16 ], "texture": "#west", "cullface": "" },
        "east":  { "uv": [ 15, 12.5, 16, 16 ], "texture": "#east", "cullface": "" }
    }
},
{
    "from": [ 0, 5, 0 ],
    "to": [ 16, 9, 1 ],
    "faces": {
        "down":  { "uv": [ 0, 15, 16, 16 ], "texture": "#down", "cullface": "true" },
        "up":    { "uv": [ 0, 0, 16, 1 ], "texture": "#up", "cullface": "true" },
        "north": { "uv": [ 0, 7, 16, 11 ], "texture": "#north", "cullface": "true" },
        "south": { "uv": [ 0, 0, 16, 16 ], "texture": "#south", "cullface": "true" },
        "west":  { "uv": [ 0, 7, 1, 11 ], "texture": "#west", "cullface": "true" },
        "east":  { "uv": [ 15, 7, 16, 11 ], "texture": "#east", "cullface": "true" }
    }
},
{
    "from": [ 0, 12, 0 ],
    "to": [ 16, 16, 1 ],
    "faces": {
        "down":  { "uv": [ 0, 15, 16, 16 ], "texture": "#down", "cullface": "true" },
        "up":    { "uv": [ 0, 0, 16, 1 ], "texture": "#up", "cullface": "true" },
        "north": { "uv": [ 0, 0, 16, 4 ], "texture": "#north", "cullface": "true" },
        "south": { "uv": [ 0, 0, 16, 16 ], "texture": "#south", "cullface": "true" },
        "west":  { "uv": [ 0, 0, 1, 4 ], "texture": "#west", "cullface": "true" },
        "east":  { "uv": [ 15, 0, 16, 4 ], "texture": "#east", "cullface": "true" }
    }
},
{
    "from": [ 0, 0, 1 ],
    "to": [ 16, 16, 16 ],
    "faces": {
        "down":  { "uv": [ 0, 0, 16, 15 ], "texture": "#down", "cullface": "true" },
        "up":    { "uv": [ 0, 1, 16, 16 ], "texture": "#up", "cullface": "true" },
        "north": { "uv": [ 0, 0, 16, 16 ], "texture": "#north", "cullface": "true" },
        "south": { "uv": [ 0, 0, 16, 16 ], "texture": "#south", "cullface": "true" },
        "west":  { "uv": [ 1, 0, 16, 16 ], "texture": "#west", "cullface": "true" },
        "east":  { "uv": [ 0, 0, 15, 16 ], "texture": "#east", "cullface": "true" }
    }
},
{
    "from": [ 3, 0, 0 ],
    "to": [ 13, 0.5, 1 ],
    "faces": {
        "down":  { "uv": [ 3, 0, 13, 1 ], "texture": "#down", "cullface": "false" },
        "up":    { "uv": [ 3, 0, 13, 1 ], "texture": "#up", "cullface": "false" },
        "north": { "uv": [ 13, 15.5, 3, 16 ], "texture": "#north", "cullface": "false" },
        "south": { "uv": [ 3, 15.5, 13, 16 ], "texture": "#south", "cullface": "false" },
        "west":  { "uv": [ 0, 15.5, 1, 16 ], "texture": "#west", "cullface": "false" },
        "east":  { "uv": [ 1, 15.5, 0, 16 ], "texture": "#east", "cullface": "false" }
    }
}
],
"display": {
    "thirdperson_righthand": {
        "rotation": [ 75, 45, 0 ],
        "translation": [ 0, 2.5, 0 ],
        "scale": [ 0.375, 0.375, 0.375 ]
    },
    "thirdperson_lefthand": {
        "rotation": [ 75, 45, 0 ],
        "translation": [ 0, 2.5, 0 ],
        "scale": [ 0.375, 0.375, 0.375 ]
    },
    "head": {
        "rotation": [ 0, 0, 0 ],
        "translation": [ 0, 0, 0 ],
        "scale": [ 1, 1, 1 ]
    },
    "ground": {
        "rotation": [ 0, 0, 0 ],
        "translation": [ 0, 3, 0 ],
        "scale": [ 0.25, 0.25, 0.25 ]
    },
    "fixed": {
        "rotation": [ 0, 0, 0 ],
        "translation": [ 0, 0, 0 ],
        "scale": [ 0.5, 0.5, 0.5 ]
    },
    "firstperson_righthand": {
        "rotation": [ 0, 45, 0 ],
        "translation": [ 0, 0, 0 ],
        "scale": [ 0.4, 0.4, 0.4 ]
    },
    "firstperson_lefthand": {
        "rotation": [ 0, 45, 0 ],
        "translation": [ 0, 0, 0 ],
        "scale": [ 0.4, 0.4, 0.4 ]
    },
    "gui": {
        "rotation": [ 30, 225, 0 ],
        "translation": [ 0, 0, 0 ],
        "scale": [ 0.625, 0.625, 0.625 ]
    }
}
}
