{
"__comment": "3D Mesh designed with BDcraft Cubik - Version PRO 0.65 Beta",
"ambientocclusion": false,
"textures": {
    "particle": "blocks/hay_block_side",
    "north": "blocks/hay_block_side",
    "south": "blocks/hay_block_side",
    "west": "blocks/hay_block_side",
    "east": "blocks/hay_block_side",
    "down": "blocks/hay_block_top",
    "up": "blocks/hay_block_top"
},
"elements": [ 
{
    "from": [ 0, 0, 0 ],
    "to": [ 16, 16, 16 ],
    "faces": {
        "down":  { "uv": [ 0, 0, 16, 16 ], "texture": "#down", "cullface": "down" },
        "up":    { "uv": [ 0, 0, 16, 16 ], "texture": "#up", "cullface": "up" },
        "north": { "uv": [ 16, 0, 0, 16 ], "texture": "#north", "cullface": "north" },
        "south": { "uv": [ 0, 0, 16, 16 ], "texture": "#south", "cullface": "south" },
        "west":  { "uv": [ 0, 0, 16, 16 ], "texture": "#west", "cullface": "west" },
        "east":  { "uv": [ 16, 0, 0, 16 ], "texture": "#east", "cullface": "east" }
    }
},
{
    "from": [ -0.5, 11.5, -0.5 ],
    "to": [ 16.5, 12.5, 16.5 ],
    "faces": {
        "down":  { "uv": [ 0.5, 12, 15.5, 12 ], "texture": "#north", "cullface": "down" },
        "up":    { "uv": [ 0.5, 3.5, 16, 4.5 ], "texture": "#north", "cullface": "up" },
        "north": { "uv": [ 0.5, 3.5, 1, 4.5 ], "texture": "#north", "cullface": "north" },
        "south": { "uv": [ 0.5, 3.5, 1, 4.5 ], "texture": "#south", "cullface": "south" },
        "west":  { "uv": [ 0.5, 3.5, 16, 4.5 ], "texture": "#west", "cullface": "west" },
        "east":  { "uv": [ 0.5, 3.5, 16, 4.5 ], "texture": "#east", "cullface": "east" }
    }
},
{
    "from": [ -0.5, 3.5, -0.5 ],
    "to": [ 16.5, 4.5, 16.5 ],
    "faces": {
        "down":  { "uv": [ 0.5, 4, 15.5, 4 ], "texture": "#north", "cullface": "down" },
        "up":    { "uv": [ 0.5, 3.5, 16, 4.5 ], "texture": "#north", "cullface": "up" },
        "north": { "uv": [ 0.5, 3.5, 1, 4.5 ], "texture": "#north", "cullface": "north" },
        "south": { "uv": [ 0.5, 3.5, 1, 4.5 ], "texture": "#south", "cullface": "south" },
        "west":  { "uv": [ 0.5, 3.5, 16, 4.5 ], "texture": "#west", "cullface": "west" },
        "east":  { "uv": [ 0.5, 3.5, 16, 4.5 ], "texture": "#east", "cullface": "east" }
    }
}
],
"display": {
    "thirdperson_righthand": {
        "rotation": [ 75, 45, 0 ],
        "translation": [ 0, 2.5, 0 ],
        "scale": [ 0.375, 0.375, 0.375 ]
    },
    "thirdperson_lefthand": {
        "rotation": [ 75, 45, 0 ],
        "translation": [ 0, 2.5, 0 ],
        "scale": [ 0.375, 0.375, 0.375 ]
    },
    "head": {
        "rotation": [ 0, 0, 0 ],
        "translation": [ 0, 0, 0 ],
        "scale": [ 1, 1, 1 ]
    },
    "ground": {
        "rotation": [ 0, 0, 0 ],
        "translation": [ 0, 3, 0 ],
        "scale": [ 0.25, 0.25, 0.25 ]
    },
    "fixed": {
        "rotation": [ 0, 0, 0 ],
        "translation": [ 0, 0, 0 ],
        "scale": [ 0.5, 0.5, 0.5 ]
    },
    "firstperson_righthand": {
        "rotation": [ 0, 45, 0 ],
        "translation": [ 0, 0, 0 ],
        "scale": [ 0.4, 0.4, 0.4 ]
    },
    "firstperson_lefthand": {
        "rotation": [ 0, 45, 0 ],
        "translation": [ 0, 0, 0 ],
        "scale": [ 0.4, 0.4, 0.4 ]
    },
    "gui": {
        "rotation": [ 30, 225, 0 ],
        "translation": [ 0, 0, 0 ],
        "scale": [ 0.625, 0.625, 0.625 ]
    }
}
}
