{
"__comment": "Designed by Srlancelot39 with BDcraft Cubik PRO 0.81 Beta - http://bdcraft.net",
"textures": {
    "particle": "blocks/jukebox_side",
    "texture": "blocks/jukebox_top"
},
"elements": [ 
{
    "from": [ 0, 15, 0 ],
    "to": [ 7, 16, 16 ],
    "faces": {
        "down":  { "uv": [ 0, 16, 7, 0 ], "texture": "#texture" },
        "up":    { "uv": [ 0, 0, 7, 16 ], "texture": "#texture" },
        "north": { "uv": [ 9, 0, 16, 1 ], "texture": "#texture" },
        "south": { "uv": [ 0, 0, 7, 1 ], "texture": "#texture" },
        "west":  { "uv": [ 0, 0, 16, 1 ], "texture": "#texture" },
        "east":  { "uv": [ 0, 0, 16, 1 ], "texture": "#texture" }
    }
},
{
    "from": [ 1, 0, 0 ],
    "to": [ 15, 15, 1 ],
    "faces": {
        "down":  { "uv": [ 1, 1, 15, 0 ], "texture": "#particle" },
        "up":    { "uv": [ 1, 0, 15, 1 ], "texture": "#particle" },
        "north": { "uv": [ 1, 1, 15, 16 ], "texture": "#particle" },
        "south": { "uv": [ 1, 1, 15, 16 ], "texture": "#particle" },
        "west":  { "uv": [ 0, 1, 1, 16 ], "texture": "#particle" },
        "east":  { "uv": [ 15, 1, 16, 16 ], "texture": "#particle" }
    }
},
{
    "from": [ 1, 0, 15 ],
    "to": [ 15, 15, 16 ],
    "faces": {
        "down":  { "uv": [ 1, 16, 15, 15 ], "texture": "#particle" },
        "up":    { "uv": [ 1, 15, 15, 16 ], "texture": "#particle" },
        "north": { "uv": [ 1, 1, 15, 16 ], "texture": "#particle" },
        "south": { "uv": [ 1, 1, 15, 16 ], "texture": "#particle" },
        "west":  { "uv": [ 15, 1, 16, 16 ], "texture": "#particle" },
        "east":  { "uv": [ 0, 1, 1, 16 ], "texture": "#particle" }
    }
},
{
    "from": [ 15, 0, 0 ],
    "to": [ 16, 15, 16 ],
    "faces": {
        "down":  { "uv": [ 15, 16, 16, 0 ], "texture": "#particle" },
        "up":    { "uv": [ 15, 0, 16, 16 ], "texture": "#particle" },
        "north": { "uv": [ 0, 1, 1, 16 ], "texture": "#particle" },
        "south": { "uv": [ 15, 1, 16, 16 ], "texture": "#particle" },
        "west":  { "uv": [ 0, 1, 16, 16 ], "texture": "#particle" },
        "east":  { "uv": [ 0, 1, 16, 16 ], "texture": "#particle" }
    }
},
{
    "from": [ 0, 0, 0 ],
    "to": [ 1, 15, 16 ],
    "faces": {
        "down":  { "uv": [ 0, 16, 1, 0 ], "texture": "#particle" },
        "up":    { "uv": [ 0, 0, 1, 16 ], "texture": "#particle" },
        "north": { "uv": [ 15, 1, 16, 16 ], "texture": "#particle" },
        "south": { "uv": [ 0, 1, 1, 16 ], "texture": "#particle" },
        "west":  { "uv": [ 0, 1, 16, 16 ], "texture": "#particle" },
        "east":  { "uv": [ 0, 1, 16, 16 ], "texture": "#particle" }
    }
},
{
    "from": [ 8.5, 15, 13 ],
    "to": [ 9, 16, 13.5 ],
    "faces": {
        "down":  { "uv": [ 8.5, 13.5, 9, 13 ], "texture": "#texture" },
        "up":    { "uv": [ 8.5, 13, 9, 13.5 ], "texture": "#texture" },
        "north": { "uv": [ 7, 0, 7.5, 1 ], "texture": "#texture" },
        "south": { "uv": [ 8.5, 0, 9, 1 ], "texture": "#texture" },
        "west":  { "uv": [ 13, 0, 13.5, 1 ], "texture": "#texture" },
        "east":  { "uv": [ 2.5, 0, 3, 1 ], "texture": "#texture" }
    }
},
{
    "from": [ 8.5, 15, 2.5 ],
    "to": [ 9, 16, 3 ],
    "faces": {
        "down":  { "uv": [ 8.5, 3, 9, 2.5 ], "texture": "#texture" },
        "up":    { "uv": [ 8.5, 2.5, 9, 3 ], "texture": "#texture" },
        "north": { "uv": [ 7, 0, 7.5, 1 ], "texture": "#texture" },
        "south": { "uv": [ 8.5, 0, 9, 1 ], "texture": "#texture" },
        "west":  { "uv": [ 2.5, 0, 3, 1 ], "texture": "#texture" },
        "east":  { "uv": [ 13, 0, 13.5, 1 ], "texture": "#texture" }
    }
},
{
    "from": [ 7, 15, 2.5 ],
    "to": [ 7.5, 16, 3 ],
    "faces": {
        "down":  { "uv": [ 7, 3, 7.5, 2.5 ], "texture": "#texture" },
        "up":    { "uv": [ 7, 2.5, 7.5, 3 ], "texture": "#texture" },
        "north": { "uv": [ 8.5, 0, 9, 1 ], "texture": "#texture" },
        "south": { "uv": [ 7, 0, 7.5, 1 ], "texture": "#texture" },
        "west":  { "uv": [ 2.5, 0, 3, 1 ], "texture": "#texture" },
        "east":  { "uv": [ 13, 0, 13.5, 1 ], "texture": "#texture" }
    }
},
{
    "from": [ 7, 15, 13 ],
    "to": [ 7.5, 16, 13.5 ],
    "faces": {
        "down":  { "uv": [ 7, 13.5, 7.5, 13 ], "texture": "#texture" },
        "up":    { "uv": [ 7, 13, 7.5, 13.5 ], "texture": "#texture" },
        "north": { "uv": [ 8.5, 0, 9, 1 ], "texture": "#texture" },
        "south": { "uv": [ 7, 0, 7.5, 1 ], "texture": "#texture" },
        "west":  { "uv": [ 13, 0, 13.5, 1 ], "texture": "#texture" },
        "east":  { "uv": [ 2.5, 0, 3, 1 ], "texture": "#texture" }
    }
},
{
    "from": [ 7, 15, 13.5 ],
    "to": [ 9, 16, 16 ],
    "faces": {
        "down":  { "uv": [ 7, 16, 9, 13.5 ], "texture": "#texture" },
        "up":    { "uv": [ 7, 13.5, 9, 16 ], "texture": "#texture" },
        "north": { "uv": [ 7, 0, 9, 1 ], "texture": "#texture" },
        "south": { "uv": [ 7, 0, 9, 1 ], "texture": "#texture" },
        "west":  { "uv": [ 13.5, 0, 16, 1 ], "texture": "#texture" },
        "east":  { "uv": [ 0, 0, 2.5, 1 ], "texture": "#texture" }
    }
},
{
    "from": [ 7, 15, 0 ],
    "to": [ 9, 16, 2.5 ],
    "faces": {
        "down":  { "uv": [ 7, 2.5, 9, 0 ], "texture": "#texture" },
        "up":    { "uv": [ 7, 0, 9, 2.5 ], "texture": "#texture" },
        "north": { "uv": [ 7, 0, 9, 1 ], "texture": "#texture" },
        "south": { "uv": [ 7, 0, 9, 1 ], "texture": "#texture" },
        "west":  { "uv": [ 0, 0, 2.5, 1 ], "texture": "#texture" },
        "east":  { "uv": [ 13.5, 0, 16, 1 ], "texture": "#texture" }
    }
},
{
    "from": [ 9, 15, 0 ],
    "to": [ 16, 16, 16 ],
    "faces": {
        "down":  { "uv": [ 9, 16, 16, 0 ], "texture": "#texture" },
        "up":    { "uv": [ 9, 0, 16, 16 ], "texture": "#texture" },
        "north": { "uv": [ 0, 0, 7, 1 ], "texture": "#texture" },
        "south": { "uv": [ 9, 0, 16, 1 ], "texture": "#texture" },
        "west":  { "uv": [ 0, 0, 16, 1 ], "texture": "#texture" },
        "east":  { "uv": [ 0, 0, 16, 1 ], "texture": "#texture" }
    }
},
{
    "from": [ 0, 0, 0 ],
    "to": [ 16, 1, 16 ],
    "faces": {
        "down":  { "uv": [ 0, 16, 16, 0 ], "texture": "#particle" },
        "up":    { "uv": [ 0, 0, 16, 16 ], "texture": "#particle" },
        "north": { "uv": [ 0, 15, 16, 16 ], "texture": "#particle" },
        "south": { "uv": [ 0, 15, 16, 16 ], "texture": "#particle" },
        "west":  { "uv": [ 0, 15, 16, 16 ], "texture": "#particle" },
        "east":  { "uv": [ 0, 15, 16, 16 ], "texture": "#particle" }
    }
}
],
"display": {
    "thirdperson_righthand": {
        "rotation": [ 75, 45, 0 ],
        "translation": [ 0, 2.5, 0 ],
        "scale": [ 0.375, 0.375, 0.375 ]
    },
    "thirdperson_lefthand": {
        "rotation": [ 75, 45, 0 ],
        "translation": [ 0, 2.5, 0 ],
        "scale": [ 0.375, 0.375, 0.375 ]
    },
    "head": {
        "rotation": [ 0, 0, 0 ],
        "translation": [ 0, 0, 0 ],
        "scale": [ 1, 1, 1 ]
    },
    "ground": {
        "rotation": [ 0, 0, 0 ],
        "translation": [ 0, 3, 0 ],
        "scale": [ 0.25, 0.25, 0.25 ]
    },
    "fixed": {
        "rotation": [ 0, 0, 0 ],
        "translation": [ 0, 0, 0 ],
        "scale": [ 0.5, 0.5, 0.5 ]
    },
    "firstperson_righthand": {
        "rotation": [ 0, 45, 0 ],
        "translation": [ 0, 0, 0 ],
        "scale": [ 0.4, 0.4, 0.4 ]
    },
    "firstperson_lefthand": {
        "rotation": [ 0, 45, 0 ],
        "translation": [ 0, 0, 0 ],
        "scale": [ 0.4, 0.4, 0.4 ]
    },
    "gui": {
        "rotation": [ 30, 225, 0 ],
        "translation": [ 0, 0, 0 ],
        "scale": [ 0.625, 0.625, 0.625 ]
    }
}
}

