{
"__comment": "Designed by Sphax with BDcraft Cubik PRO 0.76 Beta - http://bdcraft.net",
"ambientocclusion": true,
"textures": {
    "particle": "blocks/door_jungle_lower",
    "texture": "blocks/door_jungle_lower"
},
"elements": [ 
{
    "from": [ 0, 15, 7 ],
    "to": [ 3, 16, 9 ],
    "faces": {
        "down":  { "uv": [ 0, 9, 3, 7 ], "texture": "#texture" },
        "up":    { "uv": [ 0, 7, 3, 9 ], "texture": "#texture" },
        "north": { "uv": [ 13, 0, 16, 1 ], "texture": "#texture" },
        "south": { "uv": [ 0, 0, 3, 1 ], "texture": "#texture" },
        "west":  { "uv": [ 7, 0, 9, 1 ], "texture": "#texture" },
        "east":  { "uv": [ 9, 0, 7, 1 ], "texture": "#texture" }
    }
},
{
    "from": [ 0, 0, 7 ],
    "to": [ 3, 3, 9 ],
    "faces": {
        "down":  { "uv": [ 0, 9, 3, 7 ], "texture": "#texture" },
        "up":    { "uv": [ 0, 7, 3, 9 ], "texture": "#texture" },
        "north": { "uv": [ 13, 13, 16, 16 ], "texture": "#texture" },
        "south": { "uv": [ 0, 13, 3, 16 ], "texture": "#texture" },
        "west":  { "uv": [ 7, 13, 9, 16 ], "texture": "#texture" },
        "east":  { "uv": [ 9, 13, 7, 16 ], "texture": "#texture" }
    }
},
{
    "from": [ 0, 0, 9 ],
    "to": [ 3, 16, 16 ],
    "faces": {
        "down":  { "uv": [ 0, 16, 3, 9 ], "texture": "#texture" },
        "up":    { "uv": [ 0, 9, 3, 16 ], "texture": "#texture" },
        "north": { "uv": [ 13, 0, 16, 16 ], "texture": "#texture" },
        "south": { "uv": [ 13, 0, 16, 16 ], "texture": "#texture" },
        "west":  { "uv": [ 9, 0, 16, 16 ], "texture": "#texture" },
        "east":  { "uv": [ 16, 0, 9, 16 ], "texture": "#texture" }
    }
},
{
    "from": [ 0, 0, 0 ],
    "to": [ 3, 16, 7 ],
    "faces": {
        "down":  { "uv": [ 0, 7, 3, 0 ], "texture": "#texture" },
        "up":    { "uv": [ 0, 0, 3, 7 ], "texture": "#texture" },
        "north": { "uv": [ 13, 0, 16, 16 ], "texture": "#texture" },
        "south": { "uv": [ 16, 0, 13, 16 ], "texture": "#texture" },
        "west":  { "uv": [ 0, 0, 7, 16 ], "texture": "#texture" },
        "east":  { "uv": [ 7, 0, 0, 16 ], "texture": "#texture" }
    }
}
]
}