{
"__comment": "Designed by Srlancelot39 with BDcraft Cubik PRO 0.81 Beta - http://bdcraft.net",
"textures": {
    "particle": "blocks/planks_oak",
    "planks_oak": "blocks/planks_oak"
},
"elements": [ 
{
    "from": [ 2, 0, 14 ],
    "to": [ 4, 16, 16 ],
    "faces": {
        "down":  { "uv": [ 2.5, 2, 4.5, 0 ], "texture": "#planks_oak" },
        "up":    { "uv": [ 2.5, 0, 4.5, 2 ], "texture": "#planks_oak" },
        "north": { "uv": [ 0, 0, 16, 2 ], "rotation": 90, "texture": "#planks_oak" },
        "south": { "uv": [ 0, 0, 16, 2 ], "rotation": 90, "texture": "#planks_oak" },
        "west":  { "uv": [ 0, 0, 16, 2 ], "rotation": 90, "texture": "#planks_oak" },
        "east":  { "uv": [ 0, 0, 16, 2 ], "rotation": 90, "texture": "#planks_oak" }
    }
},
{
    "from": [ 12, 0, 14 ],
    "to": [ 14, 16, 16 ],
    "faces": {
        "down":  { "uv": [ 2.5, 2, 4.5, 0 ], "texture": "#planks_oak" },
        "up":    { "uv": [ 2.5, 0, 4.5, 2 ], "texture": "#planks_oak" },
        "north": { "uv": [ 0, 0, 16, 2 ], "rotation": 90, "texture": "#planks_oak" },
        "south": { "uv": [ 0, 0, 16, 2 ], "rotation": 90, "texture": "#planks_oak" },
        "west":  { "uv": [ 0, 0, 16, 2 ], "rotation": 90, "texture": "#planks_oak" },
        "east":  { "uv": [ 0, 0, 16, 2 ], "rotation": 90, "texture": "#planks_oak" }
    }
},
{
    "from": [ 1, 13, 13 ],
    "to": [ 15, 15, 14 ],
    "faces": {
        "down":  { "uv": [ 1, 14, 15, 13 ], "texture": "#planks_oak" },
        "up":    { "uv": [ 1, 13, 15, 14 ], "texture": "#planks_oak" },
        "north": { "uv": [ 1, 1, 15, 3 ], "texture": "#planks_oak" },
        "south": { "uv": [ 1, 1, 15, 3 ], "texture": "#planks_oak" },
        "west":  { "uv": [ 13, 1, 14, 3 ], "texture": "#planks_oak" },
        "east":  { "uv": [ 2, 1, 3, 3 ], "texture": "#planks_oak" }
    }
},
{
    "from": [ 1, 9, 13 ],
    "to": [ 15, 11, 14 ],
    "faces": {
        "down":  { "uv": [ 1, 14, 15, 13 ], "texture": "#planks_oak" },
        "up":    { "uv": [ 1, 13, 15, 14 ], "texture": "#planks_oak" },
        "north": { "uv": [ 1, 5, 15, 7 ], "texture": "#planks_oak" },
        "south": { "uv": [ 1, 5, 15, 7 ], "texture": "#planks_oak" },
        "west":  { "uv": [ 13, 5, 14, 7 ], "texture": "#planks_oak" },
        "east":  { "uv": [ 2, 5, 3, 7 ], "texture": "#planks_oak" }
    }
},
{
    "from": [ 1, 5, 13 ],
    "to": [ 15, 7, 14 ],
    "faces": {
        "down":  { "uv": [ 1, 14, 15, 13 ], "texture": "#planks_oak" },
        "up":    { "uv": [ 1, 13, 15, 14 ], "texture": "#planks_oak" },
        "north": { "uv": [ 1, 9, 15, 11 ], "texture": "#planks_oak" },
        "south": { "uv": [ 1, 9, 15, 11 ], "texture": "#planks_oak" },
        "west":  { "uv": [ 13, 9, 14, 11 ], "texture": "#planks_oak" },
        "east":  { "uv": [ 2, 9, 3, 11 ], "texture": "#planks_oak" }
    }
},
{
    "from": [ 1, 1, 13 ],
    "to": [ 15, 3, 14 ],
    "faces": {
        "down":  { "uv": [ 1, 14, 15, 13 ], "texture": "#planks_oak" },
        "up":    { "uv": [ 1, 13, 15, 14 ], "texture": "#planks_oak" },
        "north": { "uv": [ 1, 13, 15, 15 ], "texture": "#planks_oak" },
        "south": { "uv": [ 1, 13, 15, 15 ], "texture": "#planks_oak" },
        "west":  { "uv": [ 13, 13, 14, 15 ], "texture": "#planks_oak" },
        "east":  { "uv": [ 2, 13, 3, 15 ], "texture": "#planks_oak" }
    }
}
],
"display": {
    "thirdperson": {
        "rotation": [ 0, 0, 0 ],
        "translation": [ 0, 0, 0 ],
        "scale": [ 1, 1, 1 ]
    },
    "head": {
        "rotation": [ 0, 0, 0 ],
        "translation": [ 0, 0, 0 ],
        "scale": [ 1, 1, 1 ]
    },
    "firstperson": {
        "rotation": [ 0, 0, 0 ],
        "translation": [ 0, 0, 0 ],
        "scale": [ 1, 1, 1 ]
    },
    "gui": {
        "rotation": [ 0, 0, 0 ],
        "translation": [ 0, 0, 0 ],
        "scale": [ 1, 1, 1 ]
    }
}
}