{
	"credit": "Designed by Progical",
	"textures": {
		"0": "blocks/redstone_torch_on",
		"particle": "blocks/redstone_torch_on"
	},
	"elements": [
		{
			"from": [7, 0, 7],
			"to": [9, 10.5, 9],
			"faces": {
				"north": {"uv": [7, 5.5, 9, 16], "texture": "#0"},
				"east": {"uv": [7, 5.5, 9, 16], "texture": "#0"},
				"south": {"uv": [7, 5.5, 9, 16], "texture": "#0"},
				"west": {"uv": [7, 5.5, 9, 16], "texture": "#0"},
				"up": {"uv": [7, 6, 9, 8], "texture": "#0"},
				"down": {"uv": [7, 14, 9, 16], "texture": "#0", "cullface": "down"}
			}
		},
		{
			"from": [6.5, 8, 6.5],
			"to": [9.5, 10, 9.5],
			"rotation": {"angle": 0, "axis": "y", "origin": [8, 7.5, 8]},
			"faces": {
				"north": {"uv": [6.5, 6, 9.5, 8], "texture": "#0"},
				"east": {"uv": [6.5, 6, 9.5, 8], "texture": "#0"},
				"south": {"uv": [6.5, 6, 9.5, 8], "texture": "#0"},
				"west": {"uv": [6.5, 6, 9.5, 8], "texture": "#0"},
				"up": {"uv": [7, 5.5, 7.5, 6], "texture": "#0"},
				"down": {"uv": [9, 6, 9.5, 6.5], "texture": "#0"}
			}
		},
		{
			"from": [6.5, 7.5, 7],
			"to": [7, 10.5, 9],
			"rotation": {"angle": 0, "axis": "y", "origin": [8, 7.5, 8]},
			"faces": {
				"north": {"uv": [6.5, 6, 7, 6.5], "texture": "#0"},
				"south": {"uv": [7, 8, 9, 8.5], "rotation": 90, "texture": "#0"},
				"west": {"uv": [7, 5.5, 9, 8.5], "texture": "#0"},
				"up": {"uv": [7, 5.5, 7.5, 6], "texture": "#0"},
				"down": {"uv": [7, 8, 9, 8.5], "rotation": 270, "texture": "#0"}
			}
		},
		{
			"from": [9, 7.5, 7],
			"to": [9.5, 10.5, 9],
			"rotation": {"angle": 0, "axis": "y", "origin": [8, 7.5, 8]},
			"faces": {
				"north": {"uv": [7, 8, 9, 8.5], "rotation": 90, "texture": "#0"},
				"east": {"uv": [7, 5.5, 9, 8.5], "texture": "#0"},
				"south": {"uv": [9, 6, 9.5, 6.5], "texture": "#0"},
				"up": {"uv": [7, 5.5, 7.5, 6], "texture": "#0"},
				"down": {"uv": [7, 8, 9, 8.5], "rotation": 90, "texture": "#0"}
			}
		},
		{
			"from": [7, 7.5, 6.5],
			"to": [9, 10.5, 7],
			"rotation": {"angle": 0, "axis": "y", "origin": [8, 7.5, 8]},
			"faces": {
				"north": {"uv": [7, 5.5, 9, 8.5], "texture": "#0"},
				"east": {"uv": [9, 6, 9.5, 6.5], "texture": "#0"},
				"west": {"uv": [7, 8, 9, 8.5], "rotation": 90, "texture": "#0"},
				"up": {"uv": [7, 5.5, 7.5, 6], "texture": "#0"},
				"down": {"uv": [7, 8, 9, 8.5], "rotation": 180, "texture": "#0"}
			}
		},
		{
			"from": [7, 7.5, 9],
			"to": [9, 10.5, 9.5],
			"rotation": {"angle": 0, "axis": "y", "origin": [8, 7.5, 8]},
			"faces": {
				"east": {"uv": [7, 8, 9, 8.5], "rotation": 90, "texture": "#0"},
				"south": {"uv": [7, 5.5, 9, 8.5], "texture": "#0"},
				"west": {"uv": [6.5, 6, 7, 6.5], "texture": "#0"},
				"up": {"uv": [7, 5.5, 7.5, 6], "texture": "#0"},
				"down": {"uv": [7, 8, 9, 8.5], "texture": "#0"}
			}
		}
	]
}
