{
"__comment": "Designed by Cookies160 with BDcraft Cubik PRO 0.90 Beta - http://bdcraft.net",
"textures": {
    "particle": "blocks/glass",
    "texture": "blocks/glass",
    "1": "blocks/1"
},
"elements": [ 
{
    "from": [ 0, 0, 0 ],
    "to": [ 0.0625, 16, 16 ],
    "faces": {
        "west":  { "uv": [ 0, 0, 16, 16 ], "texture": "#texture" }
    }
},
{
    "from": [ 0, 15.9375, 0 ],
    "to": [ 16, 16, 16 ],
    "faces": {
        "up":    { "uv": [ 0, 0, 16, 16 ], "texture": "#texture", "cullface": "east" }
    }
},
{
    "from": [ 0, 0, 0 ],
    "to": [ 16, 16, 0.0625 ],
    "faces": {
        "north": { "uv": [ 0, 0, 16, 16 ], "texture": "#texture" }
    }
},
{
    "from": [ 0, 15.9375, 0 ],
    "to": [ 16, 16, 16 ],
    "faces": {
        "up":    { "uv": [ 0, 0, 16, 16 ], "texture": "#1" }
    }
}
]
}