{
	"credit": "Made with Blockbench by Juknum",
	"ambientocclusion": false,
	"textures": {
		"side": "blocks/piston_side",
		"bottom": "blocks/piston_bottom",
		"inside": "blocks/piston_inner",
		"particle": "blocks/piston_inner"
	},
	"elements": [
		{
			"from": [0, 0, 4],
			"to": [16, 16, 16],
			"faces": {
				"north": {"uv": [0, 0, 16, 16], "texture": "#inside"},
				"east": {"uv": [0, 4, 16, 16], "rotation": 90, "texture": "#side", "cullface": "east"},
				"south": {"uv": [0, 0, 16, 16], "texture": "#bottom"},
				"west": {"uv": [0, 4, 16, 16], "rotation": 270, "texture": "#side", "cullface": "west"},
				"up": {"uv": [0, 4, 16, 16], "texture": "#side", "cullface": "up"},
				"down": {"uv": [0, 4, 16, 16], "rotation": 180, "texture": "#side", "cullface": "down"}
			}
		},
		{
			"from": [4, 4, 3.75],
			"to": [12, 12, 4],
			"faces": {
				"north": {"uv": [4, 4, 12, 12], "texture": "#inside"},
				"east": {"uv": [4.5, 4, 5, 12], "texture": "#inside"},
				"west": {"uv": [4.5, 4, 5, 12], "texture": "#inside"},
				"up": {"uv": [4, 4.5, 12, 5], "texture": "#inside"},
				"down": {"uv": [4, 4.5, 12, 5], "texture": "#inside"}
			}
		},
		{
			"from": [5, 10, 3.5],
			"to": [11, 11, 3.75],
			"rotation": {"angle": 0, "axis": "y", "origin": [8, 8, 8.25]},
			"faces": {
				"north": {"uv": [5, 5, 11, 6], "texture": "#inside"},
				"east": {"uv": [5, 5, 5.5, 6], "texture": "#inside"},
				"west": {"uv": [10.5, 5, 11, 6], "texture": "#inside"},
				"up": {"uv": [5, 5.5, 11, 6], "texture": "#inside"},
				"down": {"uv": [5, 5.5, 11, 6], "texture": "#inside"}
			}
		},
		{
			"from": [5, 5, 3.5],
			"to": [11, 6, 3.75],
			"rotation": {"angle": 0, "axis": "y", "origin": [8, 8, 8.25]},
			"faces": {
				"north": {"uv": [5, 10, 11, 11], "texture": "#inside"},
				"east": {"uv": [5, 10, 5.5, 11], "texture": "#inside"},
				"west": {"uv": [10.5, 10, 11, 11], "texture": "#inside"},
				"up": {"uv": [5, 5.5, 11, 6], "texture": "#inside"},
				"down": {"uv": [5, 5.5, 11, 6], "texture": "#inside"}
			}
		},
		{
			"from": [5, 6, 3.5],
			"to": [6, 10, 3.75],
			"rotation": {"angle": 0, "axis": "y", "origin": [8, 8, 8.25]},
			"faces": {
				"north": {"uv": [10, 6, 11, 10], "texture": "#inside"},
				"east": {"uv": [5, 6, 5.5, 10], "texture": "#inside"},
				"west": {"uv": [10.5, 6, 11, 10], "texture": "#inside"}
			}
		},
		{
			"from": [10, 6, 3.5],
			"to": [11, 10, 3.75],
			"rotation": {"angle": 0, "axis": "y", "origin": [8, 8, 8.25]},
			"faces": {
				"north": {"uv": [5, 6, 6, 10], "texture": "#inside"},
				"east": {"uv": [5, 6, 5.5, 10], "texture": "#inside"},
				"west": {"uv": [10.5, 6, 11, 10], "texture": "#inside"}
			}
		}
	]
}
