{
"__comment": "Designed by Srlancelot39 with BDcraft Cubik PRO 0.81 Beta - http://bdcraft.net",
"textures": {
    "particle": "blocks/door_spruce_upper",
    "texture": "blocks/door_spruce_upper"
},
"elements": [ 
{
    "from": [ 0, 0, 0 ],
    "to": [ 3, 16, 16 ],
    "faces": {
        "down":  { "uv": [ 16, 0, 0, 3 ], "rotation": 270, "texture": "#texture" },
        "up":    { "uv": [ 0, 0, 16, 3 ], "rotation": 270, "texture": "#texture" },
        "north": { "uv": [ 6, 0, 3, 16 ], "texture": "#texture" },
        "south": { "uv": [ 6, 0, 3, 16 ], "texture": "#texture" },
        "west":  { "uv": [ 16, 0, 0, 16 ], "texture": "#texture" },
        "east":  { "uv": [ 0, 0, 16, 16 ], "texture": "#texture" }
    }
}
]
}