{
"__comment": "Designed by Srlancelot39 with BDcraft Cubik PRO 0.81 Beta - http://bdcraft.net",
"textures": {
    "particle": "blocks/door_spruce_lower",
    "door_spruce_lower": "blocks/door_spruce_lower"
},
"elements": [ 
{
    "from": [ -1, 14, 13.5 ],
    "to": [ -0.5, 15, 14.5 ],
    "faces": {
        "down":  { "uv": [ 11.5, 4, 12.5, 3.5 ], "texture": "#door_spruce_lower" },
        "up":    { "uv": [ 11.5, 3.5, 12.5, 4 ], "texture": "#door_spruce_lower" },
        "north": { "uv": [ 10.5, 1, 11.5, 2 ], "texture": "#door_spruce_lower" },
        "south": { "uv": [ 10.5, 1, 11.5, 2 ], "texture": "#door_spruce_lower" },
        "west":  { "uv": [ 10.5, 1, 11, 2 ], "texture": "#door_spruce_lower" },
        "east":  { "uv": [ 10.5, 1, 11, 2 ], "texture": "#door_spruce_lower" }
    }
},
{
    "from": [ -1, 13, 13.5 ],
    "to": [ -0.5, 14, 14.5 ],
    "faces": {
        "down":  { "uv": [ 11.5, 4, 12.5, 3.5 ], "texture": "#door_spruce_lower" },
        "up":    { "uv": [ 11.5, 3.5, 12.5, 4 ], "texture": "#door_spruce_lower" },
        "north": { "uv": [ 10.5, 2, 11.5, 3 ], "texture": "#door_spruce_lower" },
        "south": { "uv": [ 10.5, 2, 11.5, 3 ], "texture": "#door_spruce_lower" },
        "west":  { "uv": [ 10.5, 2, 11, 3 ], "texture": "#door_spruce_lower" },
        "east":  { "uv": [ 10.5, 2, 11, 3 ], "texture": "#door_spruce_lower" }
    }
},
{
    "from": [ -1, 12.5, 13 ],
    "to": [ -0.5, 13.5, 14 ],
    "faces": {
        "down":  { "uv": [ 11.5, 4, 12.5, 3.5 ], "texture": "#door_spruce_lower" },
        "up":    { "uv": [ 11.5, 3.5, 12.5, 4 ], "texture": "#door_spruce_lower" },
        "north": { "uv": [ 11, 2.5, 12, 3.5 ], "texture": "#door_spruce_lower" },
        "south": { "uv": [ 11, 2.5, 12, 3.5 ], "texture": "#door_spruce_lower" },
        "west":  { "uv": [ 11, 2.5, 11.5, 3.5 ], "texture": "#door_spruce_lower" },
        "east":  { "uv": [ 11, 2.5, 11.5, 3.5 ], "texture": "#door_spruce_lower" }
    }
},
{
    "from": [ -1, 12, 12.5 ],
    "to": [ -0.5, 13, 13.5 ],
    "faces": {
        "down":  { "uv": [ 11.5, 4, 12.5, 3.5 ], "texture": "#door_spruce_lower" },
        "up":    { "uv": [ 11.5, 3.5, 12.5, 4 ], "texture": "#door_spruce_lower" },
        "north": { "uv": [ 11.5, 3, 12.5, 4 ], "texture": "#door_spruce_lower" },
        "south": { "uv": [ 11.5, 3, 12.5, 4 ], "texture": "#door_spruce_lower" },
        "west":  { "uv": [ 11.5, 3, 12, 4 ], "texture": "#door_spruce_lower" },
        "east":  { "uv": [ 12, 3, 12.5, 4 ], "texture": "#door_spruce_lower" }
    }
},
{
    "from": [ -1, 12, 11.5 ],
    "to": [ -0.5, 13, 12.5 ],
    "faces": {
        "down":  { "uv": [ 12.5, 4, 13.5, 3.5 ], "texture": "#door_spruce_lower" },
        "up":    { "uv": [ 12.5, 3.5, 13.5, 4 ], "texture": "#door_spruce_lower" },
        "north": { "uv": [ 12.5, 3, 13.5, 4 ], "texture": "#door_spruce_lower" },
        "south": { "uv": [ 12.5, 3, 13.5, 4 ], "texture": "#door_spruce_lower" },
        "west":  { "uv": [ 11.5, 3, 12, 4 ], "texture": "#door_spruce_lower" },
        "east":  { "uv": [ 12, 3, 12.5, 4 ], "texture": "#door_spruce_lower" }
    }
},
{
    "from": [ -1, 12.5, 11 ],
    "to": [ -0.5, 13.5, 12 ],
    "faces": {
        "down":  { "uv": [ 12.5, 4, 13.5, 3.5 ], "texture": "#door_spruce_lower" },
        "up":    { "uv": [ 12.5, 3.5, 13.5, 4 ], "texture": "#door_spruce_lower" },
        "north": { "uv": [ 13, 2.5, 14, 3.5 ], "texture": "#door_spruce_lower" },
        "south": { "uv": [ 13, 2.5, 14, 3.5 ], "texture": "#door_spruce_lower" },
        "west":  { "uv": [ 11.5, 2.5, 12, 3.5 ], "texture": "#door_spruce_lower" },
        "east":  { "uv": [ 11.5, 2.5, 12, 3.5 ], "texture": "#door_spruce_lower" }
    }
},
{
    "from": [ -1, 13, 10.5 ],
    "to": [ -0.5, 14, 11.5 ],
    "faces": {
        "down":  { "uv": [ 12.5, 4, 13.5, 3.5 ], "texture": "#door_spruce_lower" },
        "up":    { "uv": [ 12.5, 3.5, 13.5, 4 ], "texture": "#door_spruce_lower" },
        "north": { "uv": [ 13.5, 2, 14.5, 3 ], "texture": "#door_spruce_lower" },
        "south": { "uv": [ 13.5, 2, 14.5, 3 ], "texture": "#door_spruce_lower" },
        "west":  { "uv": [ 10.5, 2, 11, 3 ], "texture": "#door_spruce_lower" },
        "east":  { "uv": [ 12, 3, 12.5, 4 ], "texture": "#door_spruce_lower" }
    }
},
{
    "from": [ -1, 14, 10.5 ],
    "to": [ -0.5, 15, 11.5 ],
    "faces": {
        "down":  { "uv": [ 12.5, 4, 13.5, 3.5 ], "texture": "#door_spruce_lower" },
        "up":    { "uv": [ 12.5, 3.5, 13.5, 4 ], "texture": "#door_spruce_lower" },
        "north": { "uv": [ 13.5, 1, 14.5, 2 ], "texture": "#door_spruce_lower" },
        "south": { "uv": [ 13.5, 1, 14.5, 2 ], "texture": "#door_spruce_lower" },
        "west":  { "uv": [ 11, 1, 11.5, 2 ], "texture": "#door_spruce_lower" },
        "east":  { "uv": [ 10.5, 1, 11, 2 ], "texture": "#door_spruce_lower" }
    }
},
{
    "from": [ -1, 14.5, 13 ],
    "to": [ -0.5, 15.5, 14 ],
    "faces": {
        "down":  { "uv": [ 11.5, 4, 12.5, 3.5 ], "texture": "#door_spruce_lower" },
        "up":    { "uv": [ 11.5, 3.5, 12.5, 4 ], "texture": "#door_spruce_lower" },
        "north": { "uv": [ 11, 0.5, 12, 1.5 ], "texture": "#door_spruce_lower" },
        "south": { "uv": [ 11, 0.5, 12, 1.5 ], "texture": "#door_spruce_lower" },
        "west":  { "uv": [ 11, 0.5, 11.5, 1.5 ], "texture": "#door_spruce_lower" },
        "east":  { "uv": [ 11, 0.5, 11.5, 1.5 ], "texture": "#door_spruce_lower" }
    }
},
{
    "from": [ -1, 14.5, 11 ],
    "to": [ -0.5, 15.5, 12 ],
    "faces": {
        "down":  { "uv": [ 12, 4, 13, 3.5 ], "texture": "#door_spruce_lower" },
        "up":    { "uv": [ 12.5, 3.5, 13.5, 4 ], "texture": "#door_spruce_lower" },
        "north": { "uv": [ 13, 0.5, 14, 1.5 ], "texture": "#door_spruce_lower" },
        "south": { "uv": [ 13, 0.5, 14, 1.5 ], "texture": "#door_spruce_lower" },
        "west":  { "uv": [ 11, 1, 11.5, 2 ], "texture": "#door_spruce_lower" },
        "east":  { "uv": [ 11, 0.5, 11.5, 1.5 ], "texture": "#door_spruce_lower" }
    }
},
{
    "from": [ -1, 15, 12.5 ],
    "to": [ -0.5, 16, 13.5 ],
    "faces": {
        "down":  { "uv": [ 11.5, 4, 12.5, 3.5 ], "texture": "#door_spruce_lower" },
        "up":    { "uv": [ 11.5, 3.5, 12.5, 4 ], "texture": "#door_spruce_lower" },
        "north": { "uv": [ 11.5, 0, 12.5, 1 ], "texture": "#door_spruce_lower" },
        "south": { "uv": [ 11.5, 0, 12.5, 1 ], "texture": "#door_spruce_lower" },
        "west":  { "uv": [ 11, 0.5, 11.5, 1.5 ], "texture": "#door_spruce_lower" },
        "east":  { "uv": [ 12, 0, 12.5, 1 ], "texture": "#door_spruce_lower" }
    }
},
{
    "from": [ -1, 15, 11.5 ],
    "to": [ -0.5, 16, 12.5 ],
    "faces": {
        "down":  { "uv": [ 12.5, 4, 13.5, 3.5 ], "texture": "#door_spruce_lower" },
        "up":    { "uv": [ 12.5, 3.5, 13.5, 4 ], "texture": "#door_spruce_lower" },
        "north": { "uv": [ 12.5, 0, 13.5, 1 ], "texture": "#door_spruce_lower" },
        "south": { "uv": [ 12.5, 0, 13.5, 1 ], "texture": "#door_spruce_lower" },
        "west":  { "uv": [ 12, 0, 12.5, 1 ], "texture": "#door_spruce_lower" },
        "east":  { "uv": [ 12, 0, 12.5, 1 ], "texture": "#door_spruce_lower" }
    }
},
{
    "from": [ -0.5, 15.5, 12 ],
    "to": [ 1.11022e-016, 16, 13 ],
    "faces": {
        "down":  { "uv": [ 12, 3.5, 13, 3 ], "texture": "#door_spruce_lower" },
        "up":    { "uv": [ 12, 3, 13, 3.5 ], "texture": "#door_spruce_lower" },
        "north": { "uv": [ 12, 0, 13, 0.5 ], "texture": "#door_spruce_lower" },
        "south": { "uv": [ 12, 0, 13, 0.5 ], "texture": "#door_spruce_lower" },
        "west":  { "uv": [ 12, 0, 12.5, 0.5 ], "texture": "#door_spruce_lower" },
        "east":  { "uv": [ 12, 0, 12.5, 0.5 ], "texture": "#door_spruce_lower" }
    }
},
{
    "from": [ 0, 0, 0 ],
    "to": [ 3, 16, 16 ],
    "faces": {
        "down":  { "uv": [ 15.5, 0.5, 0, 3.5 ], "rotation": 270, "texture": "#door_spruce_lower" },
        "up":    { "uv": [ 0, 0.5, 15.5, 3.5 ], "rotation": 270, "texture": "#door_spruce_lower" },
        "north": { "uv": [ 0, 0, 3, 16 ], "texture": "#door_spruce_lower" },
        "south": { "uv": [ 3, 0, 0, 16 ], "texture": "#door_spruce_lower" },
        "west":  { "uv": [ 0, 0, 16, 16 ], "texture": "#door_spruce_lower" },
        "east":  { "uv": [ 16, 0, 0, 16 ], "texture": "#door_spruce_lower" }
    }
},
{
    "from": [ 3.5, 14, 13.5 ],
    "to": [ 4, 15, 14.5 ],
    "faces": {
        "down":  { "uv": [ 11.5, 4, 12.5, 3.5 ], "texture": "#door_spruce_lower" },
        "up":    { "uv": [ 11.5, 3.5, 12.5, 4 ], "texture": "#door_spruce_lower" },
        "north": { "uv": [ 10.5, 1, 11.5, 2 ], "texture": "#door_spruce_lower" },
        "south": { "uv": [ 10.5, 1, 11.5, 2 ], "texture": "#door_spruce_lower" },
        "west":  { "uv": [ 10.5, 1, 11, 2 ], "texture": "#door_spruce_lower" },
        "east":  { "uv": [ 10.5, 1, 11, 2 ], "texture": "#door_spruce_lower" }
    }
},
{
    "from": [ 3.5, 13, 13.5 ],
    "to": [ 4, 14, 14.5 ],
    "faces": {
        "down":  { "uv": [ 11.5, 4, 12.5, 3.5 ], "texture": "#door_spruce_lower" },
        "up":    { "uv": [ 11.5, 3.5, 12.5, 4 ], "texture": "#door_spruce_lower" },
        "north": { "uv": [ 10.5, 2, 11.5, 3 ], "texture": "#door_spruce_lower" },
        "south": { "uv": [ 10.5, 2, 11.5, 3 ], "texture": "#door_spruce_lower" },
        "west":  { "uv": [ 10.5, 2, 11, 3 ], "texture": "#door_spruce_lower" },
        "east":  { "uv": [ 10.5, 2, 11, 3 ], "texture": "#door_spruce_lower" }
    }
},
{
    "from": [ 3.5, 12.5, 13 ],
    "to": [ 4, 13.5, 14 ],
    "faces": {
        "down":  { "uv": [ 11.5, 4, 12.5, 3.5 ], "texture": "#door_spruce_lower" },
        "up":    { "uv": [ 11.5, 3.5, 12.5, 4 ], "texture": "#door_spruce_lower" },
        "north": { "uv": [ 11, 2.5, 12, 3.5 ], "texture": "#door_spruce_lower" },
        "south": { "uv": [ 11, 2.5, 12, 3.5 ], "texture": "#door_spruce_lower" },
        "west":  { "uv": [ 11, 2.5, 11.5, 3.5 ], "texture": "#door_spruce_lower" },
        "east":  { "uv": [ 11, 2.5, 11.5, 3.5 ], "texture": "#door_spruce_lower" }
    }
},
{
    "from": [ 3.5, 12, 12.5 ],
    "to": [ 4, 13, 13.5 ],
    "faces": {
        "down":  { "uv": [ 11.5, 4, 12.5, 3.5 ], "texture": "#door_spruce_lower" },
        "up":    { "uv": [ 11.5, 3.5, 12.5, 4 ], "texture": "#door_spruce_lower" },
        "north": { "uv": [ 11.5, 3, 12.5, 4 ], "texture": "#door_spruce_lower" },
        "south": { "uv": [ 11.5, 3, 12.5, 4 ], "texture": "#door_spruce_lower" },
        "west":  { "uv": [ 11.5, 3, 12, 4 ], "texture": "#door_spruce_lower" },
        "east":  { "uv": [ 12, 3, 12.5, 4 ], "texture": "#door_spruce_lower" }
    }
},
{
    "from": [ 3.5, 12, 11.5 ],
    "to": [ 4, 13, 12.5 ],
    "faces": {
        "down":  { "uv": [ 12.5, 4, 13.5, 3.5 ], "texture": "#door_spruce_lower" },
        "up":    { "uv": [ 12.5, 3.5, 13.5, 4 ], "texture": "#door_spruce_lower" },
        "north": { "uv": [ 12.5, 3, 13.5, 4 ], "texture": "#door_spruce_lower" },
        "south": { "uv": [ 12.5, 3, 13.5, 4 ], "texture": "#door_spruce_lower" },
        "west":  { "uv": [ 11.5, 3, 12, 4 ], "texture": "#door_spruce_lower" },
        "east":  { "uv": [ 12, 3, 12.5, 4 ], "texture": "#door_spruce_lower" }
    }
},
{
    "from": [ 3.5, 12.5, 11 ],
    "to": [ 4, 13.5, 12 ],
    "faces": {
        "down":  { "uv": [ 12.5, 4, 13.5, 3.5 ], "texture": "#door_spruce_lower" },
        "up":    { "uv": [ 12.5, 3.5, 13.5, 4 ], "texture": "#door_spruce_lower" },
        "north": { "uv": [ 13, 2.5, 14, 3.5 ], "texture": "#door_spruce_lower" },
        "south": { "uv": [ 13, 2.5, 14, 3.5 ], "texture": "#door_spruce_lower" },
        "west":  { "uv": [ 11.5, 2.5, 12, 3.5 ], "texture": "#door_spruce_lower" },
        "east":  { "uv": [ 11.5, 2.5, 12, 3.5 ], "texture": "#door_spruce_lower" }
    }
},
{
    "from": [ 3.5, 13, 10.5 ],
    "to": [ 4, 14, 11.5 ],
    "faces": {
        "down":  { "uv": [ 12.5, 4, 13.5, 3.5 ], "texture": "#door_spruce_lower" },
        "up":    { "uv": [ 12.5, 3.5, 13.5, 4 ], "texture": "#door_spruce_lower" },
        "north": { "uv": [ 13.5, 2, 14.5, 3 ], "texture": "#door_spruce_lower" },
        "south": { "uv": [ 13.5, 2, 14.5, 3 ], "texture": "#door_spruce_lower" },
        "west":  { "uv": [ 10.5, 2, 11, 3 ], "texture": "#door_spruce_lower" },
        "east":  { "uv": [ 12, 3, 12.5, 4 ], "texture": "#door_spruce_lower" }
    }
},
{
    "from": [ 3.5, 14, 10.5 ],
    "to": [ 4, 15, 11.5 ],
    "faces": {
        "down":  { "uv": [ 12.5, 4, 13.5, 3.5 ], "texture": "#door_spruce_lower" },
        "up":    { "uv": [ 12.5, 3.5, 13.5, 4 ], "texture": "#door_spruce_lower" },
        "north": { "uv": [ 13.5, 1, 14.5, 2 ], "texture": "#door_spruce_lower" },
        "south": { "uv": [ 13.5, 1, 14.5, 2 ], "texture": "#door_spruce_lower" },
        "west":  { "uv": [ 11, 1, 11.5, 2 ], "texture": "#door_spruce_lower" },
        "east":  { "uv": [ 10.5, 1, 11, 2 ], "texture": "#door_spruce_lower" }
    }
},
{
    "from": [ 3.5, 14.5, 13 ],
    "to": [ 4, 15.5, 14 ],
    "faces": {
        "down":  { "uv": [ 11.5, 4, 12.5, 3.5 ], "texture": "#door_spruce_lower" },
        "up":    { "uv": [ 11.5, 3.5, 12.5, 4 ], "texture": "#door_spruce_lower" },
        "north": { "uv": [ 11, 0.5, 12, 1.5 ], "texture": "#door_spruce_lower" },
        "south": { "uv": [ 11, 0.5, 12, 1.5 ], "texture": "#door_spruce_lower" },
        "west":  { "uv": [ 11, 0.5, 11.5, 1.5 ], "texture": "#door_spruce_lower" },
        "east":  { "uv": [ 11, 0.5, 11.5, 1.5 ], "texture": "#door_spruce_lower" }
    }
},
{
    "from": [ 3.5, 14.5, 11 ],
    "to": [ 4, 15.5, 12 ],
    "faces": {
        "down":  { "uv": [ 12, 4, 13, 3.5 ], "texture": "#door_spruce_lower" },
        "up":    { "uv": [ 12.5, 3.5, 13.5, 4 ], "texture": "#door_spruce_lower" },
        "north": { "uv": [ 13, 0.5, 14, 1.5 ], "texture": "#door_spruce_lower" },
        "south": { "uv": [ 13, 0.5, 14, 1.5 ], "texture": "#door_spruce_lower" },
        "west":  { "uv": [ 11, 1, 11.5, 2 ], "texture": "#door_spruce_lower" },
        "east":  { "uv": [ 11, 0.5, 11.5, 1.5 ], "texture": "#door_spruce_lower" }
    }
},
{
    "from": [ 3.5, 15, 12.5 ],
    "to": [ 4, 16, 13.5 ],
    "faces": {
        "down":  { "uv": [ 11.5, 4, 12.5, 3.5 ], "texture": "#door_spruce_lower" },
        "up":    { "uv": [ 11.5, 3.5, 12.5, 4 ], "texture": "#door_spruce_lower" },
        "north": { "uv": [ 11.5, 0, 12.5, 1 ], "texture": "#door_spruce_lower" },
        "south": { "uv": [ 11.5, 0, 12.5, 1 ], "texture": "#door_spruce_lower" },
        "west":  { "uv": [ 11, 0.5, 11.5, 1.5 ], "texture": "#door_spruce_lower" },
        "east":  { "uv": [ 12, 0, 12.5, 1 ], "texture": "#door_spruce_lower" }
    }
},
{
    "from": [ 3.5, 15, 11.5 ],
    "to": [ 4, 16, 12.5 ],
    "faces": {
        "down":  { "uv": [ 12.5, 4, 13.5, 3.5 ], "texture": "#door_spruce_lower" },
        "up":    { "uv": [ 12.5, 3.5, 13.5, 4 ], "texture": "#door_spruce_lower" },
        "north": { "uv": [ 12.5, 0, 13.5, 1 ], "texture": "#door_spruce_lower" },
        "south": { "uv": [ 12.5, 0, 13.5, 1 ], "texture": "#door_spruce_lower" },
        "west":  { "uv": [ 12, 0, 12.5, 1 ], "texture": "#door_spruce_lower" },
        "east":  { "uv": [ 12, 0, 12.5, 1 ], "texture": "#door_spruce_lower" }
    }
},
{
    "from": [ 3, 15.5, 12 ],
    "to": [ 3.5, 16, 13 ],
    "faces": {
        "down":  { "uv": [ 12, 3.5, 13, 3 ], "texture": "#door_spruce_lower" },
        "up":    { "uv": [ 12, 3, 13, 3.5 ], "texture": "#door_spruce_lower" },
        "north": { "uv": [ 12, 0, 13, 0.5 ], "texture": "#door_spruce_lower" },
        "south": { "uv": [ 12, 0, 13, 0.5 ], "texture": "#door_spruce_lower" },
        "west":  { "uv": [ 12, 0, 12.5, 0.5 ], "texture": "#door_spruce_lower" },
        "east":  { "uv": [ 12, 0, 12.5, 0.5 ], "texture": "#door_spruce_lower" }
    }
}
],
"display": {
    "thirdperson": {
        "rotation": [ 0, 0, 0 ],
        "translation": [ 0, 0, 0 ],
        "scale": [ 1, 1, 1 ]
    },
    "head": {
        "rotation": [ 0, 0, 0 ],
        "translation": [ 0, 0, 0 ],
        "scale": [ 1, 1, 1 ]
    },
    "firstperson": {
        "rotation": [ 0, 0, 0 ],
        "translation": [ 0, 0, 0 ],
        "scale": [ 1, 1, 1 ]
    },
    "gui": {
        "rotation": [ 0, 0, 0 ],
        "translation": [ 0, 0, 0 ],
        "scale": [ 1, 1, 1 ]
    }
}
}