{
    "__comment": "3D Mesh designed with BDcraft Cubik - Version PRO 0.4.1 Beta",
    "ambientocclusion": true,
    "inventoryRender3D": false,
    "textures": {
        "down": "blocks/stonebrick_carved",
        "up": "blocks/stonebrick_carved",
        "north": "blocks/stonebrick_carved",
        "south": "blocks/stonebrick_carved",
        "west": "blocks/stonebrick_carved",
        "east": "blocks/stonebrick_carved",
        "particle": "blocks/stonebrick_carved"
    },
    "elements": [
                 {
                 "from": [ 1, 1, 1 ],
                 "to": [ 15, 15, 15 ],
                 "faces": {
                 "down":  { "uv": [ 1, 1, 15, 15 ], "texture": "#down", "cullface": false },
                 "up":    { "uv": [ 1, 1, 15, 15 ], "texture": "#up", "cullface": false },
                 "north": { "uv": [ 1, 1, 15, 15 ], "texture": "#north", "cullface": false },
                 "south": { "uv": [ 1, 1, 15, 15 ], "texture": "#south", "cullface": false },
                 "west":  { "uv": [ 1, 1, 15, 15 ], "texture": "#west", "cullface": false },
                 "east":  { "uv": [ 1, 1, 15, 15 ], "texture": "#east", "cullface": false }
                 }
                 },
                 {
                 "from": [ 0, 14, 0 ],
                 "to": [ 16, 16, 2 ],
                 "__comment": "Upper northern perimeter bar ",
                 "faces": {
                 "down":  { "uv": [ 0, 14, 16, 16 ], "texture": "#down", "cullface": false },
                 "up":    { "uv": [ 0, 0, 16, 2 ], "texture": "#up", "cullface": true },
                 "north": { "uv": [ 0, 0, 16, 3 ], "texture": "#north", "cullface": true },
                 "south": { "uv": [ 0, 0, 16, 2 ], "texture": "#south", "cullface": false },
                 "west":  { "uv": [ 0, 0, 2, 2 ], "texture": "#west", "cullface": true },
                 "east":  { "uv": [ 14, 0, 16, 2 ], "texture": "#east", "cullface": true }
                 }
                 },
                 {
                 "from": [ 0, 14, 13 ],
                 "to": [ 16, 16, 16 ],
                 "__comment": "Upper southern perimeter bar ",
                 "faces": {
                 "down":  { "uv": [ 0, 0, 16, 3 ], "texture": "#down", "cullface": false },
                 "up":    { "uv": [ 0, 13, 16, 16 ], "texture": "#up", "cullface": true },
                 "north": { "uv": [ 0, 0, 16, 2 ], "texture": "#north", "cullface": false },
                 "south": { "uv": [ 0, 0, 16, 2 ], "texture": "#south", "cullface": true },
                 "west":  { "uv": [ 13, 0, 16, 2 ], "texture": "#west", "cullface": true },
                 "east":  { "uv": [ 0, 0, 3, 2 ], "texture": "#east", "cullface": true }
                 }
                 },
                 {
                 "from": [ 0, 14, 2 ],
                 "to": [ 2, 16, 13 ],
                 "__comment": "Upper western perimeter bar ",
                 "faces": {
                 "down":  { "uv": [ 0, 3, 2, 14 ], "texture": "#down", "cullface": false },
                 "up":    { "uv": [ 0, 2, 2, 13 ], "texture": "#up", "cullface": true },
                 "west":  { "uv": [ 2, 0, 13, 2 ], "texture": "#west", "cullface": true },
                 "east":  { "uv": [ 3, 0, 14, 2 ], "texture": "#east", "cullface": false }
                 }
                 },
                 {
                 "from": [ 13, 14, 2 ],
                 "to": [ 16, 16, 13 ],
                 "__comment": "Upper eastern perimeter bar ",
                 "faces": {
                 "down":  { "uv": [ 13, 3, 16, 14 ], "texture": "#down", "cullface": false },
                 "up":    { "uv": [ 13, 2, 16, 13 ], "texture": "#up", "cullface": true },
                 "west":  { "uv": [ 3, 0, 14, 2 ], "texture": "#west", "cullface": false },
                 "east":  { "uv": [ 2, 0, 13, 2 ], "texture": "#east", "cullface": true }
                 }
                 },
                 {
                 "from": [ 0, 0, 0 ],
                 "to": [ 16, 3, 3 ],
                 "__comment": "Lower northern perimeter bar ",
                 "faces": {
                 "down":  { "uv": [ 0, 13, 16, 16 ], "texture": "#down", "cullface": true },
                 "up":    { "uv": [ 0, 0, 16, 3 ], "texture": "#up", "cullface": false },
                 "north": { "uv": [ 0, 13, 16, 16 ], "texture": "#north", "cullface": true },
                 "south": { "uv": [ 0, 13, 16, 16 ], "texture": "#south", "cullface": false },
                 "west":  { "uv": [ 0, 13, 3, 16 ], "texture": "#west", "cullface": true },
                 "east":  { "uv": [ 13, 13, 16, 16 ], "texture": "#east", "cullface": true }
                 }
                 },
                 {
                 "from": [ 0, 0, 14 ],
                 "to": [ 16, 3, 16 ],
                 "__comment": "Lower southern perimeter bar ",
                 "faces": {
                 "down":  { "uv": [ 0, 0, 16, 2 ], "texture": "#down", "cullface": true },
                 "up":    { "uv": [ 0, 14, 16, 16 ], "texture": "#up", "cullface": false },
                 "north": { "uv": [ 0, 13, 16, 16 ], "texture": "#north", "cullface": false },
                 "south": { "uv": [ 0, 13, 16, 16 ], "texture": "#south", "cullface": true },
                 "west":  { "uv": [ 14, 13, 16, 16 ], "texture": "#west", "cullface": true },
                 "east":  { "uv": [ 0, 13, 2, 16 ], "texture": "#east", "cullface": true }
                 }
                 },
                 {
                 "from": [ 0, 0, 3 ],
                 "to": [ 2, 3, 14 ],
                 "__comment": "Lower western perimeter bar ",
                 "faces": {
                 "down":  { "uv": [ 0, 2, 2, 13 ], "texture": "#down", "cullface": true },
                 "up":    { "uv": [ 0, 3, 2, 14 ], "texture": "#up", "cullface": false },
                 "west":  { "uv": [ 3, 13, 14, 16 ], "texture": "#west", "cullface": true },
                 "east":  { "uv": [ 2, 13, 13, 16 ], "texture": "#east", "cullface": false }
                 }
                 },
                 {
                 "from": [ 13, 0, 3 ],
                 "to": [ 16, 3, 14 ],
                 "__comment": "Lower eastern perimeter bar ",
                 "faces": {
                 "down":  { "uv": [ 13, 2, 16, 13 ], "texture": "#down", "cullface": true },
                 "up":    { "uv": [ 13, 3, 16, 14 ], "texture": "#up", "cullface": false },
                 "west":  { "uv": [ 3, 13, 14, 16 ], "texture": "#west", "cullface": false },
                 "east":  { "uv": [ 2, 13, 13, 16 ], "texture": "#east", "cullface": true }
                 }
                 },
                 {
                 "from": [ 0, 3, 0 ],
                 "to": [ 3, 14, 2 ],
                 "__comment": "North-western vertical perimeter bar ",
                 "faces": {
                 "north": { "uv": [ 13, 2, 16, 13 ], "texture": "#north", "cullface": true },
                 "south": { "uv": [ 0, 2, 3, 13 ], "texture": "#south", "cullface": false },
                 "west":  { "uv": [ 0, 2, 2, 13 ], "texture": "#west", "cullface": true },
                 "east":  { "uv": [ 14, 2, 16, 13 ], "texture": "#east", "cullface": false }
                 }
                 },
                 {
                 "from": [ 14, 3, 0 ],
                 "to": [ 16, 14, 3 ],
                 "__comment": "North-eastern vertical perimeter bar ",
                 "faces": {
                 "north": { "uv": [ 0, 2, 2, 13 ], "texture": "#north", "cullface": true },
                 "south": { "uv": [ 14, 2, 16, 13 ], "texture": "#south", "cullface": false },
                 "west":  { "uv": [ 0, 2, 3, 13 ], "texture": "#west", "cullface": false },
                 "east":  { "uv": [ 13, 2, 16, 13 ], "texture": "#east", "cullface": true }
                 }
                 },
                 {
                 "from": [ 0, 3, 13 ],
                 "to": [ 2, 14, 16 ],
                 "__comment": "South-western vertical perimeter bar ",
                 "faces": {
                 "north": { "uv": [ 14, 2, 16, 13 ], "texture": "#north", "cullface": false },
                 "south": { "uv": [ 0, 2, 2, 13 ], "texture": "#south", "cullface": true },
                 "west":  { "uv": [ 13, 2, 16, 13 ], "texture": "#west", "cullface": true },
                 "east":  { "uv": [ 0, 2, 3, 13 ], "texture": "#east", "cullface": false }
                 }
                 },
                 {
                 "from": [ 13, 3, 14 ],
                 "to": [ 16, 14, 16 ],
                 "__comment": "South-eastern vertical perimeter bar ",
                 "faces": {
                 "north": { "uv": [ 13, 2, 16, 13 ], "texture": "#north", "cullface": false },
                 "south": { "uv": [ 0, 2, 3, 13 ], "texture": "#south", "cullface": true },
                 "west":  { "uv": [ 14, 2, 16, 13 ], "texture": "#west", "cullface": false },
                 "east":  { "uv": [ 0, 2, 2, 13 ], "texture": "#east", "cullface": true }
                 }
                 },
                 {
                 "from": [ 4, 10, 0 ],
                 "to": [ 13, 13, 1 ],
                 "__comment": "Northern upper center bar ",
                 "faces": {
                 "down":  { "uv": [ 4, 15, 13, 16 ], "texture": "#down", "cullface": false },
                 "up":    { "uv": [ 3, 0, 12, 1 ], "texture": "#up", "cullface": false },
                 "north": { "uv": [ 3, 3, 12, 6 ], "texture": "#north", "cullface": true },
                 "west":  { "uv": [ 0, 3, 1, 6 ], "texture": "#west", "cullface": false },
                 "east":  { "uv": [ 15, 3, 16, 6 ], "texture": "#east", "cullface": false }
                 }
                 },
                 {
                 "from": [ 4, 4, 0 ],
                 "to": [ 13, 7, 1 ],
                 "__comment": "Northern lower center bar ",
                 "faces": {
                 "down":  { "uv": [ 4, 15, 13, 16 ], "texture": "#down", "cullface": false },
                 "up":    { "uv": [ 3, 0, 12, 1 ], "texture": "#up", "cullface": false },
                 "north": { "uv": [ 3, 9, 12, 12 ], "texture": "#north", "cullface": true },
                 "west":  { "uv": [ 0, 9, 1, 12 ], "texture": "#west", "cullface": false },
                 "east":  { "uv": [ 15, 9, 16, 12 ], "texture": "#east", "cullface": false }
                 }
                 },
                 {
                 "from": [ 4, 7, 0 ],
                 "to": [ 7, 10, 1 ],
                 "__comment": "Northern east center bar ",
                 "faces": {
                 "north": { "uv": [ 3, 6, 6, 9 ], "texture": "#north", "cullface": true },
                 "west":  { "uv": [ 0, 6, 1, 9 ], "texture": "#west", "cullface": false },
                 "east":  { "uv": [ 15, 6, 16, 9 ], "texture": "#east", "cullface": false }
                 }
                 },
                 {
                 "from": [ 10, 7, 0 ],
                 "to": [ 13, 10, 1 ],
                 "__comment": "Northern west center bar ",
                 "faces": {
                 "north": { "uv": [ 9, 6, 12, 9 ], "texture": "#north", "cullface": true },
                 "west":  { "uv": [ 0, 6, 1, 9 ], "texture": "#west", "cullface": false },
                 "east":  { "uv": [ 15, 6, 16, 9 ], "texture": "#east", "cullface": false }
                 }
                 },
                 {
                 "from": [ 3, 10, 15 ],
                 "to": [ 12, 13, 16 ],
                 "__comment": "Southern upper center bar ",
                 "faces": {
                 "down":  { "uv": [ 4, 15, 13, 16 ], "texture": "#down", "cullface": false },
                 "up":    { "uv": [ 3, 0, 12, 1 ], "texture": "#up", "cullface": false },
                 "south": { "uv": [ 3, 3, 12, 6 ], "texture": "#south", "cullface": true },
                 "west":  { "uv": [ 15, 3, 16, 6 ], "texture": "#west", "cullface": false },
                 "east":  { "uv": [ 0, 3, 1, 6 ], "texture": "#east", "cullface": false }
                 }
                 },
                 {
                 "from": [ 3, 4, 15 ],
                 "to": [ 12, 7, 16 ],
                 "__comment": "Southern lower center bar ",
                 "faces": {
                 "down":  { "uv": [ 4, 15, 13, 16 ], "texture": "#down", "cullface": false },
                 "up":    { "uv": [ 3, 0, 12, 1 ], "texture": "#up", "cullface": false },
                 "south": { "uv": [ 3, 9, 12, 12 ], "texture": "#south", "cullface": true },
                 "west":  { "uv": [ 15, 9, 16, 12 ], "texture": "#west", "cullface": false },
                 "east":  { "uv": [ 0, 9, 1, 12 ], "texture": "#east", "cullface": false }
                 }
                 },
                 {
                 "from": [ 3, 7, 15 ],
                 "to": [ 6, 10, 16 ],
                 "__comment": "Southern east center bar ",
                 "faces": {
                 "south": { "uv": [ 3, 6, 6, 9 ], "texture": "#south", "cullface": true },
                 "west":  { "uv": [ 15, 6, 16, 9 ], "texture": "#west", "cullface": false },
                 "east":  { "uv": [ 0, 6, 1, 9 ], "texture": "#east", "cullface": false }
                 }
                 },
                 {
                 "from": [ 9, 7, 15 ],
                 "to": [ 12, 10, 16 ],
                 "__comment": "Southern west center bar ",
                 "faces": {
                 "south": { "uv": [ 9, 6, 12, 9 ], "texture": "#south", "cullface": true },
                 "west":  { "uv": [ 15, 6, 16, 9 ], "texture": "#west", "cullface": false },
                 "east":  { "uv": [ 0, 6, 1, 9 ], "texture": "#east", "cullface": false }
                 }
                 },
                 {
                 "from": [ 0, 10, 3 ],
                 "to": [ 1, 13, 12 ],
                 "__comment": "Western upper center bar ",
                 "faces": {
                 "down":  { "uv": [ 15, 4, 16, 13 ], "texture": "#down", "cullface": false },
                 "up":    { "uv": [ 0, 3, 1, 12 ], "texture": "#up", "cullface": false },
                 "north": { "uv": [ 15, 3, 16, 6 ], "texture": "#north", "cullface": false },
                 "south": { "uv": [ 0, 3, 1, 6 ], "texture": "#south", "cullface": false },
                 "west":  { "uv": [ 3, 3, 12, 6 ], "texture": "#west", "cullface": true }
                 }
                 },
                 {
                 "from": [ 0, 4, 3 ],
                 "to": [ 1, 7, 12 ],
                 "__comment": "Western lower center bar ",
                 "faces": {
                 "down":  { "uv": [ 15, 4, 16, 13 ], "texture": "#down", "cullface": false },
                 "up":    { "uv": [ 0, 3, 1, 12 ], "texture": "#up", "cullface": false },
                 "north": { "uv": [ 15, 9, 16, 12 ], "texture": "#north", "cullface": false },
                 "south": { "uv": [ 0, 9, 1, 12 ], "texture": "#south", "cullface": false },
                 "west":  { "uv": [ 3, 9, 12, 12 ], "texture": "#west", "cullface": true }
                 }
                 },
                 {
                 "from": [ 0, 7, 3 ],
                 "to": [ 1, 10, 6 ],
                 "__comment": "Western northern center bar ",
                 "faces": {
                 "north": { "uv": [ 15, 6, 16, 9 ], "texture": "#north", "cullface": false },
                 "south": { "uv": [ 0, 6, 1, 9 ], "texture": "#south", "cullface": false },
                 "west":  { "uv": [ 3, 6, 6, 9 ], "texture": "#west", "cullface": true }
                 }
                 },
                 {
                 "from": [ 0, 7, 9 ],
                 "to": [ 1, 10, 12 ],
                 "__comment": "Western southern center bar ",
                 "faces": {
                 "north": { "uv": [ 15, 6, 16, 9 ], "texture": "#north", "cullface": false },
                 "south": { "uv": [ 0, 6, 1, 9 ], "texture": "#south", "cullface": false },
                 "west":  { "uv": [ 9, 6, 12, 9 ], "texture": "#west", "cullface": true }
                 }
                 },
                 {
                 "from": [ 15, 10, 4 ],
                 "to": [ 16, 13, 13 ],
                 "__comment": "Eastern upper center bar ",
                 "faces": {
                 "down":  { "uv": [ 0, 4, 1, 13 ], "texture": "#down", "cullface": false },
                 "up":    { "uv": [ 15, 3, 16, 12 ], "texture": "#up", "cullface": false },
                 "north": { "uv": [ 0, 3, 1, 6 ], "texture": "#north", "cullface": false },
                 "south": { "uv": [ 15, 3, 16, 6 ], "texture": "#south", "cullface": false },
                 "east":  { "uv": [ 3, 3, 12, 6 ], "texture": "#east", "cullface": true }
                 }
                 },
                 {
                 "from": [ 15, 4, 4 ],
                 "to": [ 16, 7, 13 ],
                 "__comment": "Eastern lower center bar ",
                 "faces": {
                 "down":  { "uv": [ 0, 4, 1, 13 ], "texture": "#down", "cullface": false },
                 "up":    { "uv": [ 15, 3, 16, 12 ], "texture": "#up", "cullface": false },
                 "north": { "uv": [ 0, 9, 1, 12 ], "texture": "#north", "cullface": false },
                 "south": { "uv": [ 15, 9, 16, 12 ], "texture": "#south", "cullface": false },
                 "east":  { "uv": [ 3, 9, 12, 12 ], "texture": "#east", "cullface": true }
                 }
                 },
                 {
                 "from": [ 15, 7, 4 ],
                 "to": [ 16, 10, 7 ],
                 "__comment": "Eastern northern center bar ",
                 "faces": {
                 "north": { "uv": [ 0, 6, 1, 9 ], "texture": "#north", "cullface": false },
                 "south": { "uv": [ 15, 6, 16, 9 ], "texture": "#south", "cullface": false },
                 "east":  { "uv": [ 3, 6, 6, 9 ], "texture": "#east", "cullface": true }
                 }
                 },
                 {
                 "from": [ 15, 7, 10 ],
                 "to": [ 16, 10, 13 ],
                 "__comment": "Eastern southern center bar ",
                 "faces": {
                 "north": { "uv": [ 0, 6, 1, 9 ], "texture": "#north", "cullface": false },
                 "south": { "uv": [ 15, 6, 16, 9 ], "texture": "#south", "cullface": false },
                 "east":  { "uv": [ 9, 6, 12, 9 ], "texture": "#east", "cullface": true }
                 }
                 },
                 {
                 "from": [ 3, 15, 3 ],
                 "to": [ 12, 16, 6 ],
                 "__comment": "Upper northern center bar ",
                 "faces": {
                 "up":    { "uv": [ 3, 3, 12, 6 ], "texture": "#up", "cullface": true },
                 "north": { "uv": [ 3, 0, 12, 1 ], "texture": "#north", "cullface": false },
                 "south": { "uv": [ 3, 0, 12, 1 ], "texture": "#south", "cullface": false },
                 "west":  { "uv": [ 3, 0, 6, 1 ], "texture": "#west", "cullface": false },
                 "east":  { "uv": [ 10, 0, 13, 1 ], "texture": "#east", "cullface": false }
                 }
                 },
                 {
                 "from": [ 3, 15, 9 ],
                 "to": [ 12, 16, 12 ],
                 "__comment": "Upper southern center bar ",
                 "faces": {
                 "up":    { "uv": [ 3, 9, 12, 12 ], "texture": "#up", "cullface": true },
                 "north": { "uv": [ 3, 0, 12, 1 ], "texture": "#north", "cullface": false },
                 "south": { "uv": [ 3, 0, 12, 1 ], "texture": "#south", "cullface": false },
                 "west":  { "uv": [ 9, 0, 12, 1 ], "texture": "#west", "cullface": false },
                 "east":  { "uv": [ 4, 0, 7, 1 ], "texture": "#east", "cullface": false }
                 }
                 },
                 {
                 "from": [ 3, 15, 6 ],
                 "to": [ 6, 16, 9 ],
                 "__comment": "Upper west center bar ",
                 "faces": {
                 "up":    { "uv": [ 3, 6, 6, 9 ], "texture": "#up", "cullface": true },
                 "west":  { "uv": [ 6, 0, 9, 1 ], "texture": "#west", "cullface": false },
                 "east":  { "uv": [ 7, 0, 10, 1 ], "texture": "#east", "cullface": false }
                 }
                 },
                 {
                 "from": [ 9, 15, 6 ],
                 "to": [ 12, 16, 9 ],
                 "__comment": "Upper east center bar ",
                 "faces": {
                 "up":    { "uv": [ 9, 6, 12, 9 ], "texture": "#up", "cullface": true },
                 "west":  { "uv": [ 6, 0, 9, 1 ], "texture": "#west", "cullface": false },
                 "east":  { "uv": [ 7, 0, 10, 1 ], "texture": "#east", "cullface": false }
                 }
                 },
                 {
                 "from": [ 3, 0, 4 ],
                 "to": [ 12, 1, 7 ],
                 "__comment": "Lower northern center bar ",
                 "faces": {
                 "down":  { "uv": [ 3, 9, 12, 12 ], "texture": "#down", "cullface": true },
                 "north": { "uv": [ 3, 0, 12, 1 ], "texture": "#north", "cullface": false },
                 "south": { "uv": [ 3, 0, 12, 1 ], "texture": "#south", "cullface": false },
                 "west":  { "uv": [ 3, 0, 6, 1 ], "texture": "#west", "cullface": false },
                 "east":  { "uv": [ 10, 0, 13, 1 ], "texture": "#east", "cullface": false }
                 }
                 },
                 {
                 "from": [ 3, 0, 10 ],
                 "to": [ 12, 1, 13 ],
                 "__comment": "Lower southern center bar ",
                 "faces": {
                 "down":  { "uv": [ 3, 3, 12, 6 ], "texture": "#down", "cullface": true },
                 "north": { "uv": [ 3, 15, 12, 16 ], "texture": "#north", "cullface": false },
                 "south": { "uv": [ 3, 15, 12, 16 ], "texture": "#south", "cullface": false },
                 "west":  { "uv": [ 9, 15, 12, 16 ], "texture": "#west", "cullface": false },
                 "east":  { "uv": [ 4, 15, 7, 16 ], "texture": "#east", "cullface": false }
                 }
                 },
                 {
                 "from": [ 3, 0, 7 ],
                 "to": [ 6, 1, 10 ],
                 "__comment": "Lower west center bar ",
                 "faces": {
                 "down":  { "uv": [ 3, 6, 6, 9 ], "texture": "#down", "cullface": true },
                 "west":  { "uv": [ 6, 15, 9, 16 ], "texture": "#west", "cullface": false },
                 "east":  { "uv": [ 7, 15, 10, 16 ], "texture": "#east", "cullface": false }
                 }
                 },
                 {
                 "from": [ 9, 0, 7 ],
                 "to": [ 12, 1, 10 ],
                 "__comment": "Lower east center bar ",
                 "faces": {
                 "down":  { "uv": [ 9, 6, 12, 9 ], "texture": "#down", "cullface": true },
                 "west":  { "uv": [ 6, 15, 9, 16 ], "texture": "#west", "cullface": false },
                 "east":  { "uv": [ 7, 15, 10, 16 ], "texture": "#east", "cullface": false }
                 }
                 }
                 ],
"display": {
    "thirdperson_righthand": {
        "rotation": [ 75, 45, 0 ],
        "translation": [ 0, 2.5, 0 ],
        "scale": [ 0.375, 0.375, 0.375 ]
    },
    "thirdperson_lefthand": {
        "rotation": [ 75, 45, 0 ],
        "translation": [ 0, 2.5, 0 ],
        "scale": [ 0.375, 0.375, 0.375 ]
    },
    "head": {
        "rotation": [ 0, 0, 0 ],
        "translation": [ 0, 0, 0 ],
        "scale": [ 1, 1, 1 ]
    },
    "ground": {
        "rotation": [ 0, 0, 0 ],
        "translation": [ 0, 3, 0 ],
        "scale": [ 0.25, 0.25, 0.25 ]
    },
    "fixed": {
        "rotation": [ 0, 0, 0 ],
        "translation": [ 0, 0, 0 ],
        "scale": [ 0.5, 0.5, 0.5 ]
    },
    "firstperson_righthand": {
        "rotation": [ 0, 45, 0 ],
        "translation": [ 0, 0, 0 ],
        "scale": [ 0.4, 0.4, 0.4 ]
    },
    "firstperson_lefthand": {
        "rotation": [ 0, 45, 0 ],
        "translation": [ 0, 0, 0 ],
        "scale": [ 0.4, 0.4, 0.4 ]
    },
    "gui": {
        "rotation": [ 30, 225, 0 ],
        "translation": [ 0, 0, 0 ],
        "scale": [ 0.625, 0.625, 0.625 ]
    }
}
}

