{
"__comment": "3D Mesh designed with BDcraft Cubik - Version PRO 0.65 Beta",
"ambientocclusion": true,
"inventoryRender3D": false,
"textures": {
    "down": "blocks/trapdoor",
    "up": "blocks/trapdoor",
    "north": "blocks/trapdoor",
    "south": "blocks/trapdoor",
    "west": "blocks/trapdoor",
    "east": "blocks/trapdoor",
    "particle": "blocks/trapdoor"
},
"elements": [ 
{
    "from": [ 0, 3, 0 ],
    "to": [ 2.5, 16, 3 ],
    "faces": {
        "down":  { "uv": [ 0, 0, 2.5, 3 ], "texture": "#down", "cullface": false },
        "up":    { "uv": [ 0, 0, 2.5, 3 ], "texture": "#up", "cullface": false },
        "north": { "uv": [ 2.5, 0, 0, 13 ], "texture": "#north", "cullface": false },
        "south": { "uv": [ 0, 0, 2.5, 13 ], "texture": "#south", "cullface": false },
        "west":  { "uv": [ 0, 0, 3, 13 ], "texture": "#west", "cullface": false },
        "east":  { "uv": [ 3, 0, 0, 13 ], "texture": "#east", "cullface": false }
    }
},
{
    "from": [ 2.5, 13, 0 ],
    "to": [ 16, 16, 3 ],
    "faces": {
        "down":  { "uv": [ 2.5, 0, 16, 3 ], "texture": "#down", "cullface": false },
        "up":    { "uv": [ 2.5, 0, 16, 3 ], "texture": "#up", "cullface": false },
        "north": { "uv": [ 16, 0, 2.5, 3 ], "texture": "#north", "cullface": false },
        "south": { "uv": [ 2.5, 0, 16, 3 ], "texture": "#south", "cullface": false },
        "west":  { "uv": [ 0, 0, 3, 3 ], "texture": "#west", "cullface": false },
        "east":  { "uv": [ 3, 0, 0, 3 ], "texture": "#east", "cullface": false }
    }
},
{
    "from": [ 13.5, 3, 0 ],
    "to": [ 16, 16, 3 ],
    "faces": {
        "down":  { "uv": [ 13.5, 0, 16, 3 ], "texture": "#down", "cullface": false },
        "up":    { "uv": [ 13.5, 0, 16, 3 ], "texture": "#up", "cullface": false },
        "north": { "uv": [ 16, 0, 13.5, 13 ], "texture": "#north", "cullface": false },
        "south": { "uv": [ 13.5, 0, 16, 13 ], "texture": "#south", "cullface": false },
        "west":  { "uv": [ 0, 0, 3, 13 ], "texture": "#west", "cullface": false },
        "east":  { "uv": [ 3, 0, 0, 13 ], "texture": "#east", "cullface": false }
    }
},
{
    "from": [ 0, 0, 0 ],
    "to": [ 16, 3, 3 ],
    "faces": {
        "down":  { "uv": [ 0, 0, 16, 3 ], "texture": "#down", "cullface": false },
        "up":    { "uv": [ 0, 0, 16, 3 ], "texture": "#up", "cullface": false },
        "north": { "uv": [ 16, 13, 0, 16 ], "texture": "#north", "cullface": false },
        "south": { "uv": [ 0, 13, 16, 16 ], "texture": "#south", "cullface": false },
        "west":  { "uv": [ 0, 13, 3, 16 ], "texture": "#west", "cullface": false },
        "east":  { "uv": [ 3, 13, 0, 16 ], "texture": "#east", "cullface": false }
    }
},
{
    "from": [ 2.5, 9.5, 1 ],
    "to": [ 6.5, 13, 2 ],
    "faces": {
        "down":  { "uv": [ 2.5, 1, 6.5, 2 ], "texture": "#down", "cullface": false },
        "up":    { "uv": [ 2.5, 1, 6.5, 2 ], "texture": "#up", "cullface": false },
        "north": { "uv": [ 6.5, 3, 2.5, 6.5 ], "texture": "#north", "cullface": false },
        "south": { "uv": [ 2.5, 3, 6.5, 6.5 ], "texture": "#south", "cullface": false },
        "west":  { "uv": [ 1, 3, 2, 6.5 ], "texture": "#west", "cullface": false },
        "east":  { "uv": [ 2, 3, 1, 6.5 ], "texture": "#east", "cullface": false }
    }
},
{
    "from": [ 6.5, 3, 0 ],
    "to": [ 9.5, 16, 3 ],
    "faces": {
        "down":  { "uv": [ 6.5, 0, 9.5, 3 ], "texture": "#down", "cullface": false },
        "up":    { "uv": [ 6.5, 0, 9.5, 3 ], "texture": "#up", "cullface": false },
        "north": { "uv": [ 9.5, 0, 6.5, 13 ], "texture": "#north", "cullface": false },
        "south": { "uv": [ 6.5, 0, 9.5, 13 ], "texture": "#south", "cullface": false },
        "west":  { "uv": [ 0, 0, 3, 13 ], "texture": "#west", "cullface": false },
        "east":  { "uv": [ 3, 0, 0, 13 ], "texture": "#east", "cullface": false }
    }
},
{
    "from": [ 2.5, 3, 1 ],
    "to": [ 6.5, 6.5, 2 ],
    "__comment": "Cube*",
    "faces": {
        "down":  { "uv": [ 2.5, 1, 6.5, 2 ], "texture": "#down", "cullface": false },
        "up":    { "uv": [ 2.5, 1, 6.5, 2 ], "texture": "#up", "cullface": false },
        "north": { "uv": [ 6.5, 9.5, 2.5, 13 ], "texture": "#north", "cullface": false },
        "south": { "uv": [ 2.5, 9.5, 6.5, 13 ], "texture": "#south", "cullface": false },
        "west":  { "uv": [ 1, 9.5, 2, 13 ], "texture": "#west", "cullface": false },
        "east":  { "uv": [ 2, 9.5, 1, 13 ], "texture": "#east", "cullface": false }
    }
},
{
    "from": [ 9.5, 3, 1 ],
    "to": [ 13.5, 6.5, 2 ],
    "__comment": "Cube*",
    "faces": {
        "down":  { "uv": [ 9.5, 1, 13.5, 2 ], "texture": "#down", "cullface": false },
        "up":    { "uv": [ 9.5, 1, 13.5, 2 ], "texture": "#up", "cullface": false },
        "north": { "uv": [ 13.5, 9.5, 9.5, 13 ], "texture": "#north", "cullface": false },
        "south": { "uv": [ 9.5, 9.5, 13.5, 13 ], "texture": "#south", "cullface": false },
        "west":  { "uv": [ 1, 9.5, 2, 13 ], "texture": "#west", "cullface": false },
        "east":  { "uv": [ 2, 9.5, 1, 13 ], "texture": "#east", "cullface": false }
    }
},
{
    "from": [ 9.5, 9.5, 1 ],
    "to": [ 13.5, 13, 2 ],
    "__comment": "Cube*",
    "faces": {
        "down":  { "uv": [ 9.5, 1, 13.5, 2 ], "texture": "#down", "cullface": false },
        "up":    { "uv": [ 9.5, 1, 13.5, 2 ], "texture": "#up", "cullface": false },
        "north": { "uv": [ 13.5, 3, 9.5, 6.5 ], "texture": "#north", "cullface": false },
        "south": { "uv": [ 9.5, 3, 13.5, 6.5 ], "texture": "#south", "cullface": false },
        "west":  { "uv": [ 1, 3, 2, 6.5 ], "texture": "#west", "cullface": false },
        "east":  { "uv": [ 2, 3, 1, 6.5 ], "texture": "#east", "cullface": false }
    }
},
{
    "from": [ 2.5, 6.5, 0 ],
    "to": [ 13.5, 9.5, 3 ],
    "faces": {
        "down":  { "uv": [ 2.5, 0, 13.5, 3 ], "texture": "#down", "cullface": false },
        "up":    { "uv": [ 2.5, 0, 13.5, 3 ], "texture": "#up", "cullface": false },
        "north": { "uv": [ 13.5, 6.5, 2.5, 9.5 ], "texture": "#north", "cullface": false },
        "south": { "uv": [ 2.5, 6.5, 13.5, 9.5 ], "texture": "#south", "cullface": false },
        "west":  { "uv": [ 0, 6.5, 3, 9.5 ], "texture": "#west", "cullface": false },
        "east":  { "uv": [ 3, 6.5, 0, 9.5 ], "texture": "#east", "cullface": false }
    }
}
],
"display": {
    "thirdperson_righthand": {
        "rotation": [ 75, 45, 0 ],
        "translation": [ 0, 2.5, 0 ],
        "scale": [ 0.375, 0.375, 0.375 ]
    },
    "thirdperson_lefthand": {
        "rotation": [ 75, 45, 0 ],
        "translation": [ 0, 2.5, 0 ],
        "scale": [ 0.375, 0.375, 0.375 ]
    },
    "head": {
        "rotation": [ 0, 0, 0 ],
        "translation": [ 0, 0, 0 ],
        "scale": [ 1, 1, 1 ]
    },
    "ground": {
        "rotation": [ 0, 0, 0 ],
        "translation": [ 0, 3, 0 ],
        "scale": [ 0.25, 0.25, 0.25 ]
    },
    "fixed": {
        "rotation": [ 0, 90, 0 ],
        "translation": [ 0, 0, 0 ],
        "scale": [ 0.62, 0.62, 0.62 ]
    },
    "firstperson_righthand": {
        "rotation": [ 0, 45, 0 ],
        "translation": [ 0, 0, 0 ],
        "scale": [ 0.4, 0.4, 0.4 ]
    },
    "firstperson_lefthand": {
        "rotation": [ 0, 45, 0 ],
        "translation": [ 0, 0, 0 ],
        "scale": [ 0.4, 0.4, 0.4 ]
    },
    "gui": {
        "rotation": [ 30, 225, 0 ],
        "translation": [ 0, 0, 0 ],
        "scale": [ 0.625, 0.625, 0.625 ]
    }
}
}