{
"__comment": "Designed by Sphax with BDcraft Cubik PRO 0.76 Beta - http://bdcraft.net",
"textures": {
    "particle": "blocks/door_wood_upper",
    "texture": "blocks/door_wood_upper"
},
"elements": [ 
{
    "from": [ 3, 0, 11 ],
    "to": [ 3.0625, 1, 12 ],
    "faces": {
        "west":  { "uv": [ 11, 15, 12, 16 ], "texture": "#texture" },
        "east":  { "uv": [ 12, 15, 11, 16 ], "texture": "#texture" }
    }
},
{
    "from": [ 3, 0.5, 11 ],
    "to": [ 3.0625, 1.5, 12.5 ],
    "faces": {
        "west":  { "uv": [ 11, 14.5, 12.5, 15.5 ], "texture": "#texture" },
        "east":  { "uv": [ 12.5, 14.5, 11, 15.5 ], "texture": "#texture" }
    }
},
{
    "from": [ 3, 1, 11.5 ],
    "to": [ 3.0625, 2, 13 ],
    "faces": {
        "west":  { "uv": [ 11.5, 14, 13, 15 ], "texture": "#texture" },
        "east":  { "uv": [ 13, 14, 11.5, 15 ], "texture": "#texture" }
    }
},
{
    "from": [ 0, 0, 11 ],
    "to": [ 0.0625, 0.5, 12 ],
    "faces": {
        "west":  { "uv": [ 11, 15.5, 12, 16 ], "texture": "#texture" },
        "east":  { "uv": [ 4, 15.5, 5, 16 ], "texture": "#texture" }
    }
},
{
    "from": [ 0, 0.5, 11 ],
    "to": [ 0.0625, 1.5, 12.5 ],
    "faces": {
        "west":  { "uv": [ 11, 14.5, 12.5, 15.5 ], "texture": "#texture" },
        "east":  { "uv": [ 12.5, 14.5, 11, 15.5 ], "texture": "#texture" }
    }
},
{
    "from": [ 0, 1, 11.5 ],
    "to": [ 0.0625, 2, 13 ],
    "faces": {
        "west":  { "uv": [ 11.5, 14, 13, 15 ], "texture": "#texture" },
        "east":  { "uv": [ 3, 14, 4.5, 15 ], "texture": "#texture" }
    }
},
{
    "from": [ 0, 0, 0 ],
    "to": [ 3, 2, 3 ],
    "faces": {
        "down":  { "uv": [ 0, 3, 3, 0 ], "texture": "#texture" },
        "north": { "uv": [ 13, 14, 16, 12 ], "texture": "#texture" },
        "south": { "uv": [ 0, 14, 3, 12 ], "texture": "#texture" },
        "west":  { "uv": [ 0, 12, 3, 14 ], "texture": "#texture" },
        "east":  { "uv": [ 16, 14, 13, 12 ], "texture": "#texture" }
    }
},
{
    "from": [ 0, 2.5, 8 ],
    "to": [ 3, 5, 13 ],
    "faces": {
        "down":  { "uv": [ 0, 13, 3, 8 ], "texture": "#texture" },
        "up":    { "uv": [ 0, 8, 3, 13 ], "texture": "#texture" },
        "west":  { "uv": [ 8, 11, 13, 13.5 ], "texture": "#texture" },
        "east":  { "uv": [ 3, 11, 8, 13.5 ], "texture": "#texture" }
    }
},
{
    "from": [ 0, 8, 8 ],
    "to": [ 3, 10, 13 ],
    "faces": {
        "down":  { "uv": [ 0, 13, 3, 8 ], "texture": "#texture" },
        "up":    { "uv": [ 0, 8, 3, 13 ], "texture": "#texture" },
        "west":  { "uv": [ 8, 6, 13, 8 ], "texture": "#texture" },
        "east":  { "uv": [ 3, 6, 8, 8 ], "texture": "#texture" }
    }
},
{
    "from": [ 0.5, 0, 3 ],
    "to": [ 2.5, 2.5, 7 ],
    "faces": {
        "down":  { "uv": [ 0.5, 7, 2.5, 3 ], "texture": "#texture" },
        "north": { "uv": [ 13.5, 13.5, 15.5, 16 ], "texture": "#texture" },
        "west":  { "uv": [ 3, 13.5, 7, 16 ], "texture": "#texture" },
        "east":  { "uv": [ 2.5, 13.5, 6.5, 16 ], "texture": "#texture" }
    }
},
{
    "from": [ 0, 10, 7 ],
    "to": [ 3, 13, 9 ],
    "faces": {
        "down":  { "uv": [ 0, 9, 3, 7 ], "texture": "#texture" },
        "up":    { "uv": [ 0, 7, 3, 9 ], "texture": "#texture" },
        "north": { "uv": [ 13, 3, 16, 6 ], "texture": "#texture" },
        "south": { "uv": [ 16, 3, 13, 6 ], "texture": "#texture" },
        "west":  { "uv": [ 7, 3, 9, 6 ], "texture": "#texture" },
        "east":  { "uv": [ 7, 3, 9, 6 ], "texture": "#texture" }
    }
},
{
    "from": [ 0, 13, 3 ],
    "to": [ 3, 16, 8 ],
    "faces": {
        "down":  { "uv": [ 0, 12, 3, 7 ], "texture": "#texture" },
        "up":    { "uv": [ 0, 7, 3, 12 ], "texture": "#texture" },
        "west":  { "uv": [ 3, 0, 8, 3 ], "texture": "#texture" },
        "east":  { "uv": [ 8, 0, 3, 3 ], "texture": "#texture" }
    }
},
{
    "from": [ 0, 2.5, 3 ],
    "to": [ 3, 5, 8 ],
    "faces": {
        "down":  { "uv": [ 0, 12, 3, 7 ], "texture": "#texture" },
        "up":    { "uv": [ 0, 7, 3, 12 ], "texture": "#texture" },
        "west":  { "uv": [ 3, 11, 8, 13.5 ], "texture": "#texture" },
        "east":  { "uv": [ 8, 11, 13, 13.5 ], "texture": "#texture" }
    }
},
{
    "from": [ 0, 0, 13 ],
    "to": [ 3, 16, 16 ],
    "faces": {
        "down":  { "uv": [ 0, 7.5, 3, 10.5 ], "texture": "#texture" },
        "up":    { "uv": [ 0, 10.5, 3, 7.5 ], "texture": "#texture" },
        "north": { "uv": [ 13, 0, 16, 16 ], "texture": "#texture" },
        "south": { "uv": [ 16, 0, 13, 16 ], "texture": "#texture" },
        "west":  { "uv": [ 13, 0, 16, 16 ], "texture": "#texture" },
        "east":  { "uv": [ 16, 0, 13, 16 ], "texture": "#texture" }
    }
},
{
    "from": [ 0, 2, 0 ],
    "to": [ 3, 16, 3 ],
    "faces": {
        "up":    { "uv": [ 0, 7.5, 3, 10.5 ], "texture": "#texture" },
        "north": { "uv": [ 13, 0, 16, 14 ], "texture": "#texture" },
        "south": { "uv": [ 16, 0, 13, 14 ], "texture": "#texture" },
        "west":  { "uv": [ 0, 0, 3, 14 ], "texture": "#texture" },
        "east":  { "uv": [ 3, 0, 0, 14 ], "texture": "#texture" }
    }
},
{
    "from": [ 0, 13, 8 ],
    "to": [ 3, 16, 13 ],
    "faces": {
        "down":  { "uv": [ 0, 13, 3, 8 ], "texture": "#texture" },
        "up":    { "uv": [ 0, 8, 3, 13 ], "texture": "#texture" },
        "west":  { "uv": [ 8, 0, 13, 3 ], "texture": "#texture" },
        "east":  { "uv": [ 13, 0, 8, 3 ], "texture": "#texture" }
    }
},
{
    "from": [ 0, 8, 3 ],
    "to": [ 3, 10, 8 ],
    "faces": {
        "down":  { "uv": [ 0, 12, 3, 7 ], "texture": "#texture" },
        "up":    { "uv": [ 0, 7, 3, 12 ], "texture": "#texture" },
        "west":  { "uv": [ 3, 6, 8, 8 ], "texture": "#texture" },
        "east":  { "uv": [ 8, 6, 13, 8 ], "texture": "#texture" }
    }
},
{
    "from": [ 0, 5, 7 ],
    "to": [ 3, 8, 9 ],
    "faces": {
        "down":  { "uv": [ 0, 9, 3, 7 ], "texture": "#texture" },
        "up":    { "uv": [ 0, 7, 3, 9 ], "texture": "#texture" },
        "north": { "uv": [ 13, 8, 16, 11 ], "texture": "#texture" },
        "south": { "uv": [ 0, 8, 3, 11 ], "texture": "#texture" },
        "west":  { "uv": [ 7, 8, 9, 11 ], "texture": "#texture" },
        "east":  { "uv": [ 7, 8, 9, 11 ], "texture": "#texture" }
    }
},
{
    "from": [ 0, 0, 7 ],
    "to": [ 3, 2.5, 9 ],
    "faces": {
        "down":  { "uv": [ 0, 9, 3, 7 ], "texture": "#texture" },
        "up":    { "uv": [ 0, 7, 3, 9 ], "texture": "#texture" },
        "north": { "uv": [ 13, 2.5, 16, 0 ], "texture": "#texture" },
        "south": { "uv": [ 0, 2.5, 3, 0 ], "texture": "#texture" },
        "west":  { "uv": [ 7, 13.5, 9, 16 ], "texture": "#texture" },
        "east":  { "uv": [ 7, 13.5, 9, 16 ], "texture": "#texture" }
    }
},
{
    "from": [ 0.5, 0, 9 ],
    "to": [ 2.5, 2.5, 13 ],
    "faces": {
        "down":  { "uv": [ 0.5, 13, 2.5, 9 ], "texture": "#texture" },
        "west":  { "uv": [ 7, 13.5, 3, 16 ], "texture": "#texture" },
        "east":  { "uv": [ 3, 13.5, 7, 16 ], "texture": "#texture" }
    }
}
]
}