{
"__comment": "Designed by Sphax with BDcraft Cubik PRO 0.76 Beta - http://bdcraft.net",
"textures": {
    "particle": "blocks/door_wood_lower",
    "texture": "blocks/door_wood_lower"
},
"elements": [ 
{
    "from": [ 0, 0, 8 ],
    "to": [ 3, 2.5, 13 ],
    "faces": {
        "down":  { "uv": [ 0, 8, 3, 3 ], "texture": "#texture" },
        "up":    { "uv": [ 0, 3, 3, 8 ], "texture": "#texture" },
        "west":  { "uv": [ 8, 13.5, 3, 16 ], "texture": "#texture" },
        "east":  { "uv": [ 3, 13.5, 8, 16 ], "texture": "#texture" }
    }
},
{
    "from": [ 0, 6, 8 ],
    "to": [ 3, 8.5, 13 ],
    "faces": {
        "down":  { "uv": [ 0, 8, 3, 3 ], "texture": "#texture" },
        "up":    { "uv": [ 0, 3, 3, 8 ], "texture": "#texture" },
        "west":  { "uv": [ 8.5, 7.5, 3.5, 10 ], "texture": "#texture" },
        "east":  { "uv": [ 3.5, 7.5, 8.5, 10 ], "texture": "#texture" }
    }
},
{
    "from": [ 0, 12, 8 ],
    "to": [ 3, 14.5, 13 ],
    "faces": {
        "down":  { "uv": [ 0, 8, 3, 3 ], "texture": "#texture" },
        "up":    { "uv": [ 0, 3, 3, 8 ], "texture": "#texture" },
        "west":  { "uv": [ 8, 1.5, 3, 4 ], "texture": "#texture" },
        "east":  { "uv": [ 3, 1.5, 8, 4 ], "texture": "#texture" }
    }
},
{
    "from": [ 0.5, 14.5, 9 ],
    "to": [ 2.5, 16, 13 ],
    "faces": {
        "up":    { "uv": [ 0.5, 9, 2.5, 13 ], "texture": "#texture" },
        "west":  { "uv": [ 9, 0, 13, 1.5 ], "texture": "#texture" },
        "east":  { "uv": [ 3, 0, 7, 1.5 ], "texture": "#texture" }
    }
},
{
    "from": [ 0.5, 14.5, 3 ],
    "to": [ 2.5, 16, 7 ],
    "faces": {
        "up":    { "uv": [ 0.5, 3, 2.5, 7 ], "texture": "#texture" },
        "west":  { "uv": [ 3, 0, 7, 1.5 ], "texture": "#texture" },
        "east":  { "uv": [ 9, 0, 13, 1.5 ], "texture": "#texture" }
    }
},
{
    "from": [ 0.5, 2.5, 3 ],
    "to": [ 2.5, 6, 7 ],
    "faces": {
        "west":  { "uv": [ 3, 10, 7, 13.5 ], "texture": "#texture" },
        "east":  { "uv": [ 9, 10, 13, 13.5 ], "texture": "#texture" }
    }
},
{
    "from": [ 0.5, 2.5, 9 ],
    "to": [ 2.5, 6, 13 ],
    "faces": {
        "west":  { "uv": [ 9, 10, 13, 13.5 ], "texture": "#texture" },
        "east":  { "uv": [ 3, 10, 7, 13.5 ], "texture": "#texture" }
    }
},
{
    "from": [ 0.5, 8.5, 9 ],
    "to": [ 2.5, 12, 13 ],
    "faces": {
        "west":  { "uv": [ 9, 4, 13, 7.5 ], "texture": "#texture" },
        "east":  { "uv": [ 3, 4, 7, 7.5 ], "texture": "#texture" }
    }
},
{
    "from": [ 0.5, 8.5, 3 ],
    "to": [ 2.5, 12, 7 ],
    "faces": {
        "west":  { "uv": [ 3, 4, 7, 7.5 ], "texture": "#texture" },
        "east":  { "uv": [ 9, 4, 13, 7.5 ], "texture": "#texture" }
    }
},
{
    "from": [ 0, 8.5, 7 ],
    "to": [ 3, 12, 9 ],
    "faces": {
        "down":  { "uv": [ 0, 9, 3, 7 ], "texture": "#texture" },
        "up":    { "uv": [ 0, 7, 3, 9 ], "texture": "#texture" },
        "north": { "uv": [ 13, 4, 16, 7.5 ], "texture": "#texture" },
        "south": { "uv": [ 16, 4, 13, 7.5 ], "texture": "#texture" },
        "west":  { "uv": [ 7, 4, 9, 7.5 ], "texture": "#texture" },
        "east":  { "uv": [ 7, 4, 9, 7.5 ], "texture": "#texture" }
    }
},
{
    "from": [ 0, 14.5, 7 ],
    "to": [ 3, 16, 9 ],
    "faces": {
        "down":  { "uv": [ 0, 9, 3, 7 ], "texture": "#texture" },
        "up":    { "uv": [ 0, 7, 3, 9 ], "texture": "#texture" },
        "north": { "uv": [ 13, 0, 16, 1.5 ], "texture": "#texture" },
        "south": { "uv": [ 16, 0, 13, 1.5 ], "texture": "#texture" },
        "west":  { "uv": [ 7, 0, 9, 1.5 ], "texture": "#texture" },
        "east":  { "uv": [ 7, 0, 9, 1.5 ], "texture": "#texture" }
    }
},
{
    "from": [ 0, 2.5, 7 ],
    "to": [ 3, 6, 9 ],
    "faces": {
        "down":  { "uv": [ 0, 9, 3, 7 ], "texture": "#texture" },
        "up":    { "uv": [ 0, 7, 3, 9 ], "texture": "#texture" },
        "north": { "uv": [ 13, 10, 16, 13.5 ], "texture": "#texture" },
        "south": { "uv": [ 16, 10, 13, 13.5 ], "texture": "#texture" },
        "west":  { "uv": [ 7, 10, 9, 13.5 ], "texture": "#texture" },
        "east":  { "uv": [ 7, 10, 9, 13.5 ], "texture": "#texture" }
    }
},
{
    "from": [ 0, 12, 3 ],
    "to": [ 3, 14.5, 8 ],
    "faces": {
        "down":  { "uv": [ 0, 8, 3, 3 ], "texture": "#texture" },
        "up":    { "uv": [ 0, 3, 3, 8 ], "texture": "#texture" },
        "west":  { "uv": [ 13, 1.5, 8, 4 ], "texture": "#texture" },
        "east":  { "uv": [ 8, 1.5, 13, 4 ], "texture": "#texture" }
    }
},
{
    "from": [ 0, 6, 3 ],
    "to": [ 3, 8.5, 8 ],
    "faces": {
        "down":  { "uv": [ 0, 8, 3, 3 ], "texture": "#texture" },
        "up":    { "uv": [ 0, 3, 3, 8 ], "texture": "#texture" },
        "west":  { "uv": [ 14, 7.5, 9, 10 ], "texture": "#texture" },
        "east":  { "uv": [ 9, 7.5, 14, 10 ], "texture": "#texture" }
    }
},
{
    "from": [ 0, 0, 3 ],
    "to": [ 3, 2.5, 8 ],
    "faces": {
        "down":  { "uv": [ 0, 8, 3, 3 ], "texture": "#texture" },
        "up":    { "uv": [ 0, 3, 3, 8 ], "texture": "#texture" },
        "west":  { "uv": [ 13.5, 13.5, 8.5, 16 ], "texture": "#texture" },
        "east":  { "uv": [ 8.5, 13.5, 13.5, 16 ], "texture": "#texture" }
    }
},
{
    "from": [ 0, 0, 13 ],
    "to": [ 3, 16, 16 ],
    "faces": {
        "down":  { "uv": [ 0, 16, 3, 13 ], "texture": "#texture" },
        "up":    { "uv": [ 0, 13, 3, 16 ], "texture": "#texture" },
        "north": { "uv": [ 16, 0, 13, 16 ], "texture": "#texture" },
        "south": { "uv": [ 13, 0, 16, 16 ], "texture": "#texture" },
        "west":  { "uv": [ 3, 0, 0, 16 ], "texture": "#texture" },
        "east":  { "uv": [ 0, 0, 3, 16 ], "texture": "#texture" }
    }
},
{
    "from": [ 0, 0, 0 ],
    "to": [ 3, 16, 3 ],
    "faces": {
        "down":  { "uv": [ 0, 3, 3, 0 ], "texture": "#texture" },
        "up":    { "uv": [ 0, 0, 3, 3 ], "texture": "#texture" },
        "north": { "uv": [ 16, 0, 13, 16 ], "texture": "#texture" },
        "south": { "uv": [ 13, 0, 16, 16 ], "texture": "#texture" },
        "west":  { "uv": [ 16, 0, 13, 16 ], "texture": "#texture" },
        "east":  { "uv": [ 13, 0, 16, 16 ], "texture": "#texture" }
    }
}
]
}