{
"__comment": "",
"ambientocclusion": true,
"inventoryRender3D": false,
"textures": {
    "down": "blocks/rail_detector",
    "up": "blocks/rail_detector",
    "north": "blocks/rail_detector",
    "south": "blocks/rail_detector",
    "west": "blocks/rail_detector",
    "east": "blocks/rail_detector",
    "particle": "blocks/rail_detector"
},
"elements": [ 
{
    "from": [ 5, 1, 5 ],
    "to": [ 11, 1.5, 11 ],
    "faces": {
        "down":  { "uv": [ 5, 5, 11, 11 ], "texture": "#down", "cullface": false },
        "up":    { "uv": [ 5, 5, 11, 11 ], "texture": "#up", "cullface": false },
        "north": { "uv": [ 5, 5, 11, 6 ], "texture": "#north", "cullface": false },
        "south": { "uv": [ 5, 10, 11, 11 ], "texture": "#south", "cullface": false },
        "west":  { "uv": [ 5, 5, 6, 11 ], "texture": "#west", "cullface": false },
        "east":  { "uv": [ 10, 5, 11, 11 ], "texture": "#east", "cullface": false }
    }
},
{
    "from": [ 1, 0, 13 ],
    "to": [ 15, 1, 15 ],
    "faces": {
        "down":  { "uv": [ 4, 13, 12, 15 ], "texture": "#down", "cullface": false },
        "up":    { "uv": [ 4, 13, 12, 15 ], "texture": "#up", "cullface": false },
        "north": { "uv": [ 4, 13, 12, 15 ], "texture": "#north", "cullface": false },
        "south": { "uv": [ 4, 13, 12, 15 ], "texture": "#south", "cullface": false },
        "west":  { "uv": [ 14, 13, 15, 15 ], "texture": "#west", "cullface": false },
        "east":  { "uv": [ 14, 13, 15, 15 ], "texture": "#east", "cullface": false }
    }
},
{
    "from": [ 1, 0, 9 ],
    "to": [ 15, 1, 11 ],
    "faces": {
        "down":  { "uv": [ 4, 1, 12, 3 ], "texture": "#down", "cullface": false },
        "up":    { "uv": [ 4, 1, 12, 3 ], "texture": "#up", "cullface": false },
        "north": { "uv": [ 4, 1, 12, 3 ], "texture": "#north", "cullface": false },
        "south": { "uv": [ 4, 1, 12, 3 ], "texture": "#south", "cullface": false },
        "west":  { "uv": [ 14, 1, 15, 3 ], "texture": "#west", "cullface": false },
        "east":  { "uv": [ 14, 1, 15, 3 ], "texture": "#east", "cullface": false }
    }
},
{
    "from": [ 1, 0, 5 ],
    "to": [ 15, 1, 7 ],
    "faces": {
        "down":  { "uv": [ 4, 1, 12, 3 ], "texture": "#down", "cullface": false },
        "up":    { "uv": [ 4, 1, 12, 3 ], "texture": "#up", "cullface": false },
        "north": { "uv": [ 4, 1, 12, 3 ], "texture": "#north", "cullface": false },
        "south": { "uv": [ 4, 1, 12, 3 ], "texture": "#south", "cullface": false },
        "west":  { "uv": [ 14, 1, 15, 3 ], "texture": "#west", "cullface": false },
        "east":  { "uv": [ 14, 1, 15, 3 ], "texture": "#east", "cullface": false }
    }
},
{
    "from": [ 1, 0, 1 ],
    "to": [ 15, 1, 3 ],
    "faces": {
        "down":  { "uv": [ 4, 1, 12, 3 ], "texture": "#down", "cullface": false },
        "up":    { "uv": [ 4, 1, 12, 3 ], "texture": "#up", "cullface": false },
        "north": { "uv": [ 4, 1, 12, 3 ], "texture": "#north", "cullface": false },
        "south": { "uv": [ 4, 1, 12, 3 ], "texture": "#south", "cullface": false },
        "west":  { "uv": [ 14, 1, 15, 3 ], "texture": "#west", "cullface": false },
        "east":  { "uv": [ 14, 1, 15, 3 ], "texture": "#east", "cullface": false }
    }
},
{
    "from": [ 12, 1, 0 ],
    "to": [ 14, 1.5, 16 ],
    "faces": {
        "down":  { "uv": [ 12, 0, 14, 16 ], "texture": "#down", "cullface": false },
        "up":    { "uv": [ 12, 0, 14, 16 ], "texture": "#up", "cullface": false },
        "north": { "uv": [ 2, 0, 4, 16 ], "texture": "#north", "cullface": false },
        "south": { "uv": [ 2, 0, 4, 16 ], "texture": "#south", "cullface": false },
        "west":  { "uv": [ 3, 0, 4, 16 ], "texture": "#west", "cullface": false },
        "east":  { "uv": [ 2, 0, 3, 16 ], "texture": "#east", "cullface": false }
    }
},
{
    "from": [ 2, 1, 0 ],
    "to": [ 4, 1.5, 16 ],
    "faces": {
        "down":  { "uv": [ 2, 0, 4, 16 ], "texture": "#down", "cullface": false },
        "up":    { "uv": [ 2, 0, 4, 16 ], "texture": "#up", "cullface": false },
        "north": { "uv": [ 2, 0, 4, 16 ], "texture": "#north", "cullface": false },
        "south": { "uv": [ 2, 0, 4, 16 ], "texture": "#south", "cullface": false },
        "west":  { "uv": [ 2, 0, 3, 16 ], "texture": "#west", "cullface": false },
        "east":  { "uv": [ 3, 0, 4, 16 ], "texture": "#east", "cullface": false }
    }
}
]
}