{
"__comment": "3D Mesh designed with BDcraft Cubik - Version PRO 0.65 Beta",
"ambientocclusion": false,
"textures": {
    "particle": "blocks/dispenser_front_horizontal",
    "down": "blocks/furnace_top",
    "up": "blocks/furnace_top",
    "west": "blocks/dispenser_front_horizontal",
    "south": "blocks/furnace_side",
    "north": "blocks/furnace_side",
    "east": "blocks/furnace_side"
},
"elements": [ 
{
    "from": [ 0, 0, 1 ],
    "to": [ 16, 16, 16 ],
    "faces": {
        "down":  { "uv": [ 0, 0, 16, 15 ], "texture": "#down", "cullface": "down" },
        "up":    { "uv": [ 0, 1, 16, 16 ], "texture": "#up", "cullface": "up" },
        "north": { "uv": [ 0, 0, 16, 16 ], "texture": "#west", "cullface": "north" },
        "south": { "uv": [ 0, 0, 16, 16 ], "texture": "#south", "cullface": "south" },
        "west":  { "uv": [ 1, 0, 16, 16 ], "texture": "#north", "cullface": "west" },
        "east":  { "uv": [ 0, 0, 15, 16 ], "texture": "#east", "cullface": "east" }
    }
},
{
    "from": [ 0, 12, 0 ],
    "to": [ 16, 16, 1 ],
    "faces": {
        "down":  { "uv": [ 0, 0, 16, 1 ], "texture": "#down", "cullface": "down" },
        "up":    { "uv": [ 0, 0, 16, 1 ], "texture": "#up", "cullface": "up" },
        "north": { "uv": [ 16, 0, 0, 4 ], "texture": "#west", "cullface": "north" },
        "south": { "uv": [ 0, 0, 16, 4 ], "texture": "#south", "cullface": "south" },
        "west":  { "uv": [ 0, 0, 1, 4 ], "texture": "#north", "cullface": "west" },
        "east":  { "uv": [ 1, 0, 0, 4 ], "texture": "#east", "cullface": "east" }
    }
},
{
    "from": [ 6, 0, 0 ],
    "to": [ 10, 4, 1 ],
    "faces": {
        "down":  { "uv": [ 6, 0, 10, 1 ], "texture": "#down", "cullface": "down" },
        "up":    { "uv": [ 6, 0, 10, 1 ], "texture": "#up", "cullface": "up" },
        "north": { "uv": [ 10, 12, 6, 16 ], "texture": "#west", "cullface": "north" },
        "south": { "uv": [ 6, 12, 10, 16 ], "texture": "#south", "cullface": "south" },
        "west":  { "uv": [ 0, 12, 1, 16 ], "texture": "#north", "cullface": "west" },
        "east":  { "uv": [ 1, 12, 0, 16 ], "texture": "#east", "cullface": "east" }
    }
},
{
    "from": [ 6, 8, 0 ],
    "to": [ 10, 12, 1 ],
    "faces": {
        "down":  { "uv": [ 6, 0, 10, 1 ], "texture": "#down", "cullface": "down" },
        "up":    { "uv": [ 6, 0, 10, 1 ], "texture": "#up", "cullface": "up" },
        "north": { "uv": [ 10, 4, 6, 8 ], "texture": "#west", "cullface": "north" },
        "south": { "uv": [ 6, 4, 10, 8 ], "texture": "#south", "cullface": "south" },
        "west":  { "uv": [ 0, 4, 1, 8 ], "texture": "#north", "cullface": "west" },
        "east":  { "uv": [ 1, 4, 0, 8 ], "texture": "#east", "cullface": "east" }
    }
},
{
    "from": [ 0, 0, 0 ],
    "to": [ 6, 12, 1 ],
    "faces": {
        "down":  { "uv": [ 0, 0, 6, 1 ], "texture": "#down", "cullface": "down" },
        "up":    { "uv": [ 0, 0, 6, 1 ], "texture": "#up", "cullface": "up" },
        "north": { "uv": [ 6, 4, 0, 16 ], "texture": "#west", "cullface": "north" },
        "south": { "uv": [ 0, 4, 6, 16 ], "texture": "#south", "cullface": "south" },
        "west":  { "uv": [ 0, 4, 1, 16 ], "texture": "#north", "cullface": "west" },
        "east":  { "uv": [ 1, 4, 0, 16 ], "texture": "#east", "cullface": "east" }
    }
},
{
    "from": [ 6, 7, 0 ],
    "to": [ 6.5, 8, 1 ],
    "faces": {
        "down":  { "uv": [ 6, 0, 6.5, 1 ], "texture": "#down", "cullface": "down" },
        "up":    { "uv": [ 6, 0, 6.5, 1 ], "texture": "#up", "cullface": "up" },
        "north": { "uv": [ 6.5, 8, 6, 9 ], "texture": "#west", "cullface": "north" },
        "south": { "uv": [ 6, 8, 6.5, 9 ], "texture": "#south", "cullface": "south" },
        "west":  { "uv": [ 0, 8, 1, 9 ], "texture": "#north", "cullface": "west" },
        "east":  { "uv": [ 1, 8, 0, 9 ], "texture": "#east", "cullface": "east" }
    }
},
{
    "from": [ 10, 0, 0 ],
    "to": [ 16, 12, 1 ],
    "faces": {
        "down":  { "uv": [ 10, 0, 16, 1 ], "texture": "#down", "cullface": "down" },
        "up":    { "uv": [ 10, 0, 16, 1 ], "texture": "#up", "cullface": "up" },
        "north": { "uv": [ 16, 4, 10, 16 ], "texture": "#west", "cullface": "north" },
        "south": { "uv": [ 10, 4, 16, 16 ], "texture": "#south", "cullface": "south" },
        "west":  { "uv": [ 0, 4, 1, 16 ], "texture": "#north", "cullface": "west" },
        "east":  { "uv": [ 1, 4, 0, 16 ], "texture": "#east", "cullface": "east" }
    }
},
{
    "from": [ 6, 4, 0 ],
    "to": [ 7, 4.5, 1 ],
    "faces": {
        "down":  { "uv": [ 6, 0, 7, 1 ], "texture": "#down", "cullface": "down" },
        "up":    { "uv": [ 6, 0, 7, 1 ], "texture": "#up", "cullface": "up" },
        "north": { "uv": [ 7, 11.5, 6, 12 ], "texture": "#west", "cullface": "north" },
        "south": { "uv": [ 6, 11.5, 7, 12 ], "texture": "#south", "cullface": "south" },
        "west":  { "uv": [ 0, 11.5, 1, 12 ], "texture": "#north", "cullface": "west" },
        "east":  { "uv": [ 1, 11.5, 0, 12 ], "texture": "#east", "cullface": "east" }
    }
},
{
    "from": [ 9.5, 4, 0 ],
    "to": [ 10, 5, 1 ],
    "faces": {
        "down":  { "uv": [ 9.5, 0, 10, 1 ], "texture": "#down", "cullface": "down" },
        "up":    { "uv": [ 9.5, 0, 10, 1 ], "texture": "#up", "cullface": "up" },
        "north": { "uv": [ 10, 11, 9.5, 12 ], "texture": "#west", "cullface": "north" },
        "south": { "uv": [ 9.5, 11, 10, 12 ], "texture": "#south", "cullface": "south" },
        "west":  { "uv": [ 0, 11, 1, 12 ], "texture": "#north", "cullface": "west" },
        "east":  { "uv": [ 1, 11, 0, 12 ], "texture": "#east", "cullface": "east" }
    }
},
{
    "from": [ 9.5, 7, 0 ],
    "to": [ 10, 8, 1 ],
    "faces": {
        "down":  { "uv": [ 9.5, 0, 10, 1 ], "texture": "#down", "cullface": "down" },
        "up":    { "uv": [ 9.5, 0, 10, 1 ], "texture": "#up", "cullface": "up" },
        "north": { "uv": [ 10, 8, 9.5, 9 ], "texture": "#west", "cullface": "north" },
        "south": { "uv": [ 9.5, 8, 10, 9 ], "texture": "#south", "cullface": "south" },
        "west":  { "uv": [ 0, 8, 1, 9 ], "texture": "#north", "cullface": "west" },
        "east":  { "uv": [ 1, 8, 0, 9 ], "texture": "#east", "cullface": "east" }
    }
},
{
    "from": [ 6, 4, 0 ],
    "to": [ 6.5, 5, 1 ],
    "faces": {
        "down":  { "uv": [ 6, 0, 6.5, 1 ], "texture": "#down", "cullface": "down" },
        "up":    { "uv": [ 6, 0, 6.5, 1 ], "texture": "#up", "cullface": "up" },
        "north": { "uv": [ 6.5, 11, 6, 12 ], "texture": "#west", "cullface": "north" },
        "south": { "uv": [ 6, 11, 6.5, 12 ], "texture": "#south", "cullface": "south" },
        "west":  { "uv": [ 0, 11, 1, 12 ], "texture": "#north", "cullface": "west" },
        "east":  { "uv": [ 1, 11, 0, 12 ], "texture": "#east", "cullface": "east" }
    }
},
{
    "from": [ 9, 4, 0 ],
    "to": [ 10, 4.5, 1 ],
    "faces": {
        "down":  { "uv": [ 9, 0, 10, 1 ], "texture": "#down", "cullface": "down" },
        "up":    { "uv": [ 9, 0, 10, 1 ], "texture": "#up", "cullface": "up" },
        "north": { "uv": [ 10, 11.5, 9, 12 ], "texture": "#west", "cullface": "north" },
        "south": { "uv": [ 9, 11.5, 10, 12 ], "texture": "#south", "cullface": "south" },
        "west":  { "uv": [ 0, 11.5, 1, 12 ], "texture": "#north", "cullface": "west" },
        "east":  { "uv": [ 1, 11.5, 0, 12 ], "texture": "#east", "cullface": "east" }
    }
},
{
    "from": [ 9, 7.5, 0 ],
    "to": [ 10, 8, 1 ],
    "faces": {
        "down":  { "uv": [ 9, 0, 10, 1 ], "texture": "#down", "cullface": "down" },
        "up":    { "uv": [ 9, 0, 10, 1 ], "texture": "#up", "cullface": "up" },
        "north": { "uv": [ 10, 8, 9, 8.5 ], "texture": "#west", "cullface": "north" },
        "south": { "uv": [ 9, 8, 10, 8.5 ], "texture": "#south", "cullface": "south" },
        "west":  { "uv": [ 0, 8, 1, 8.5 ], "texture": "#north", "cullface": "west" },
        "east":  { "uv": [ 1, 8, 0, 8.5 ], "texture": "#east", "cullface": "east" }
    }
},
{
    "from": [ 6, 7.5, 0 ],
    "to": [ 7, 8, 1 ],
    "faces": {
        "down":  { "uv": [ 6, 0, 7, 1 ], "texture": "#down", "cullface": "down" },
        "up":    { "uv": [ 6, 0, 7, 1 ], "texture": "#up", "cullface": "up" },
        "north": { "uv": [ 7, 8, 6, 8.5 ], "texture": "#west", "cullface": "north" },
        "south": { "uv": [ 6, 8, 7, 8.5 ], "texture": "#south", "cullface": "south" },
        "west":  { "uv": [ 0, 8, 1, 8.5 ], "texture": "#north", "cullface": "west" },
        "east":  { "uv": [ 1, 8, 0, 8.5 ], "texture": "#east", "cullface": "east" }
    }
}
],
"display": {
    "thirdperson_righthand": {
        "rotation": [ 75, 45, 0 ],
        "translation": [ 0, 2.5, 0 ],
        "scale": [ 0.375, 0.375, 0.375 ]
    },
    "thirdperson_lefthand": {
        "rotation": [ 75, 45, 0 ],
        "translation": [ 0, 2.5, 0 ],
        "scale": [ 0.375, 0.375, 0.375 ]
    },
    "head": {
        "rotation": [ 0, 0, 0 ],
        "translation": [ 0, 0, 0 ],
        "scale": [ 1, 1, 1 ]
    },
    "ground": {
        "rotation": [ 0, 0, 0 ],
        "translation": [ 0, 3, 0 ],
        "scale": [ 0.25, 0.25, 0.25 ]
    },
    "fixed": {
        "rotation": [ 0, 0, 0 ],
        "translation": [ 0, 0, 0 ],
        "scale": [ 0.5, 0.5, 0.5 ]
    },
    "firstperson_righthand": {
        "rotation": [ 0, 45, 0 ],
        "translation": [ 0, 0, 0 ],
        "scale": [ 0.4, 0.4, 0.4 ]
    },
    "firstperson_lefthand": {
        "rotation": [ 0, 45, 0 ],
        "translation": [ 0, 0, 0 ],
        "scale": [ 0.4, 0.4, 0.4 ]
    },
    "gui": {
        "rotation": [ 30, 225, 0 ],
        "translation": [ 0, 0, 0 ],
        "scale": [ 0.625, 0.625, 0.625 ]
    }
}
}
