{
"__comment": "Designed by Srlancelot39 with BDcraft Cubik PRO 0.81 Beta - http://bdcraft.net",
"textures": {
    "particle": "blocks/pumpkin_top",
    "texture": "blocks/pumpkin_top",
    "pumpkin_side": "blocks/pumpkin_side",
    "pumpkin_face_on": "blocks/pumpkin_face_on"
},
"elements": [ 
{
    "from": [ 6.5, 18.5, 8 ],
    "to": [ 8.5, 19.5, 10 ],
    "faces": {
        "down":  { "uv": [ 6.5, 9, 8.5, 7 ], "texture": "#texture" },
        "up":    { "uv": [ 6.5, 7, 8.5, 9 ], "texture": "#texture" },
        "north": { "uv": [ 6.5, 7, 8.5, 7.5 ], "texture": "#texture" },
        "south": { "uv": [ 6.5, 7, 8.5, 7.5 ], "texture": "#texture" },
        "west":  { "uv": [ 6.5, 7, 8.5, 7.5 ], "texture": "#texture" },
        "east":  { "uv": [ 6.5, 7, 8.5, 7.5 ], "texture": "#texture" }
    }
},
{
    "from": [ 6.5, 17.5, 7.5 ],
    "to": [ 8.5, 18.5, 9.5 ],
    "faces": {
        "down":  { "uv": [ 6.5, 9, 8.5, 7 ], "texture": "#texture" },
        "up":    { "uv": [ 6.5, 7, 8.5, 9 ], "texture": "#texture" },
        "north": { "uv": [ 6.5, 7, 8.5, 7.5 ], "texture": "#texture" },
        "south": { "uv": [ 6.5, 7, 8.5, 7.5 ], "texture": "#texture" },
        "west":  { "uv": [ 6.5, 7, 8.5, 7.5 ], "texture": "#texture" },
        "east":  { "uv": [ 6.5, 7, 8.5, 7.5 ], "texture": "#texture" }
    }
},
{
    "from": [ 6.5, 16.5, 7 ],
    "to": [ 8.5, 17.5, 9 ],
    "faces": {
        "up":    { "uv": [ 6.5, 7, 8.5, 9 ], "texture": "#texture" },
        "north": { "uv": [ 6.5, 7, 8.5, 7.5 ], "texture": "#texture" },
        "south": { "uv": [ 6.5, 7, 8.5, 7.5 ], "texture": "#texture" },
        "west":  { "uv": [ 6.5, 7, 8.5, 7.5 ], "texture": "#texture" },
        "east":  { "uv": [ 6.5, 7, 8.5, 7.5 ], "texture": "#texture" }
    }
},
{
    "from": [ 6, 16, 6.5 ],
    "to": [ 9, 16.5, 9.5 ],
    "faces": {
        "up":    { "uv": [ 6, 6.5, 9, 9.5 ], "texture": "#texture" },
        "north": { "uv": [ 6, 6.5, 9, 7 ], "texture": "#texture" },
        "south": { "uv": [ 6, 6.5, 9, 7 ], "texture": "#texture" },
        "west":  { "uv": [ 6, 6.5, 9, 7 ], "texture": "#texture" },
        "east":  { "uv": [ 6, 6.5, 9, 7 ], "texture": "#texture" }
    }
},
{
    "from": [ 0, 0, 0 ],
    "to": [ 16, 16, 16 ],
    "faces": {
        "down":  { "uv": [ 0, 16, 16, 0 ], "texture": "#texture" },
        "up":    { "uv": [ 0, 0, 16, 16 ], "texture": "#texture" },
        "north": { "uv": [ 0, 0, 16, 16 ], "texture": "#pumpkin_face_on" },
        "south": { "uv": [ 0, 0, 16, 16 ], "texture": "#pumpkin_side" },
        "west":  { "uv": [ 0, 0, 16, 16 ], "texture": "#pumpkin_side" },
        "east":  { "uv": [ 0, 0, 16, 16 ], "texture": "#pumpkin_side" }
    }
}
],
"display": {
    "thirdperson_righthand": {
        "rotation": [ 75, 45, 0 ],
        "translation": [ 0, 2.5, 0 ],
        "scale": [ 0.375, 0.375, 0.375 ]
    },
    "thirdperson_lefthand": {
        "rotation": [ 75, 45, 0 ],
        "translation": [ 0, 2.5, 0 ],
        "scale": [ 0.375, 0.375, 0.375 ]
    },
    "head": {
        "rotation": [ 0, 0, 0 ],
        "translation": [ 0, 0, 0 ],
        "scale": [ 1, 1, 1 ]
    },
    "ground": {
        "rotation": [ 0, 0, 0 ],
        "translation": [ 0, 3, 0 ],
        "scale": [ 0.25, 0.25, 0.25 ]
    },
    "fixed": {
        "rotation": [ 0, 0, 0 ],
        "translation": [ 0, 0, 0 ],
        "scale": [ 0.5, 0.5, 0.5 ]
    },
    "firstperson_righthand": {
        "rotation": [ 0, 45, 0 ],
        "translation": [ 0, 0, 0 ],
        "scale": [ 0.4, 0.4, 0.4 ]
    },
    "firstperson_lefthand": {
        "rotation": [ 0, 45, 0 ],
        "translation": [ 0, 0, 0 ],
        "scale": [ 0.4, 0.4, 0.4 ]
    },
    "gui": {
        "rotation": [ 30, 225, 0 ],
        "translation": [ 0, 0, 0 ],
        "scale": [ 0.625, 0.625, 0.625 ]
    }
}
}
