{
	"__comment": "Designed by Nekzuris",
	"ambientocclusion": false,
	"textures": {
		"texture": "blocks/brewing_stand"
	},
	"elements": [
		{
			"from": [3.5, 12.5, 5],
			"to": [4.5, 13.5, 7],
			"rotation": {"angle": 45, "axis": "y", "origin": [4, 9, 4]},
			"faces": {
				"east": {"uv": [7, 2.5, 5, 3.5], "texture": "#texture"},
				"west": {"uv": [11, 2.5, 9, 3.5], "texture": "#texture"},
				"up": {"uv": [11, 2.5, 9, 3], "rotation": 270, "texture": "#texture"},
				"down": {"uv": [9, 3, 11, 3.5], "rotation": 90, "texture": "#texture"}
			}
		},
		{
			"from": [3.5, 13.5, 5],
			"to": [4.5, 14, 5.5],
			"rotation": {"angle": 45, "axis": "y", "origin": [4, 9, 4]},
			"faces": {
				"east": {"uv": [11, 2, 10.5, 2.5], "texture": "#texture"},
				"south": {"uv": [11, 2, 10.5, 2.5], "texture": "#texture"},
				"west": {"uv": [11, 2, 10.5, 2.5], "texture": "#texture"},
				"up": {"uv": [11, 2, 10.5, 2.5], "rotation": 270, "texture": "#texture"}
			}
		},
		{
			"from": [3.5, 14.5, 4],
			"to": [4.5, 16, 4.5],
			"rotation": {"angle": 45, "axis": "y", "origin": [4, 9, 4]},
			"faces": {
				"north": {"uv": [12, 0, 11.5, 1.5], "texture": "#texture"},
				"east": {"uv": [12, 0, 11.5, 1.5], "texture": "#texture"},
				"south": {"uv": [12, 0, 11.5, 1.5], "texture": "#texture"},
				"west": {"uv": [12, 0, 11.5, 1.5], "texture": "#texture"},
				"up": {"uv": [12, 0, 11.5, 1.5], "rotation": 270, "texture": "#texture"}
			}
		},
		{
			"from": [3.5, 11, 3.5],
			"to": [4.5, 12.5, 4],
			"rotation": {"angle": 45, "axis": "y", "origin": [4, 9, 4]},
			"faces": {
				"north": {"uv": [12.5, 3.5, 12, 5], "texture": "#texture"},
				"east": {"uv": [12.5, 3.5, 12, 5], "texture": "#texture"},
				"west": {"uv": [12.5, 3.5, 12, 5], "texture": "#texture"},
				"up": {"uv": [12.5, 3.5, 12, 5], "rotation": 270, "texture": "#texture"},
				"down": {"uv": [12.5, 3.5, 12, 5], "rotation": 90, "texture": "#texture"}
			}
		},
		{
			"from": [3.5, 7.5, 4],
			"to": [4.5, 8, 4.5],
			"rotation": {"angle": 45, "axis": "y", "origin": [4, 9, 4]},
			"faces": {
				"north": {"uv": [12, 8, 11.5, 8.5], "texture": "#texture"},
				"east": {"uv": [12, 8, 11.5, 8.5], "texture": "#texture"},
				"south": {"uv": [12, 8, 11.5, 8.5], "texture": "#texture"},
				"west": {"uv": [12, 8, 11.5, 8.5], "texture": "#texture"},
				"down": {"uv": [12, 8, 11.5, 8.5], "rotation": 90, "texture": "#texture"}
			}
		},
		{
			"from": [3.5, 8, 4],
			"to": [4.5, 14.5, 5],
			"rotation": {"angle": 45, "axis": "y", "origin": [4, 9, 4]},
			"faces": {
				"north": {"uv": [12, 1.5, 11.5, 8], "texture": "#texture"},
				"east": {"uv": [11, 1.5, 12, 8], "texture": "#texture"},
				"south": {"uv": [11.5, 1.5, 11, 8], "texture": "#texture"},
				"west": {"uv": [12, 1.5, 11, 8], "texture": "#texture"},
				"up": {"uv": [11, 1.5, 12, 2.5], "rotation": 270, "texture": "#texture"},
				"down": {"uv": [12, 7.5, 11, 8], "rotation": 90, "texture": "#texture"}
			}
		},
		{
			"from": [3.5, 12.5, 7],
			"to": [4.5, 13.5, 9],
			"rotation": {"angle": 45, "axis": "y", "origin": [4, 9.5, 4]},
			"faces": {
				"east": {"uv": [9, 2.5, 10, 3.5], "texture": "#texture"},
				"west": {"uv": [9, 2.5, 10, 3.5], "texture": "#texture"},
				"up": {"uv": [9, 2.5, 10, 3], "rotation": 270, "texture": "#texture"},
				"down": {"uv": [9, 3, 10, 3.5], "rotation": 270, "texture": "#texture"}
			}
		},
		{
			"from": [3.5, 12, 8],
			"to": [4.5, 12.5, 9],
			"rotation": {"angle": 45, "axis": "y", "origin": [4, 9.5, 4]},
			"faces": {
				"north": {"uv": [9.5, 3.5, 9, 4], "rotation": 90, "texture": "#texture"},
				"east": {"uv": [9.5, 3.5, 9, 4], "rotation": 90, "texture": "#texture"},
				"west": {"uv": [9.5, 3.5, 9, 4], "rotation": 90, "texture": "#texture"},
				"down": {"uv": [9.5, 3.5, 9, 4], "rotation": 90, "texture": "#texture"}
			}
		}
	]
}