{
	"__comment": "Designed by Nekzuris",
	"ambientocclusion": false,
	"textures": {
		"texture": "blocks/brewing_stand",
		"potion": "blocks/potion_0"
	},
	"elements": [
		{
			"from": [9, 12.5, 7.5],
			"to": [11, 13.5, 8.5],
			"rotation": {"angle": 0, "axis": "y", "origin": [7.5, 9.5, 8]},
			"faces": {
				"north": {"uv": [5, 2.5, 7, 3.5], "texture": "#texture"},
				"south": {"uv": [7, 2.5, 5, 3.5], "texture": "#texture"},
				"up": {"uv": [7, 2.5, 5, 3], "texture": "#texture"},
				"down": {"uv": [7, 3, 5, 3.5], "texture": "#texture"}
			}
		},
		{
			"from": [10.5, 13.5, 7.5],
			"to": [11, 14, 8.5],
			"rotation": {"angle": 0, "axis": "y", "origin": [7.5, 10.5, 8]},
			"faces": {
				"north": {"uv": [5.5, 2, 5, 2.5], "texture": "#texture"},
				"south": {"uv": [5.5, 2, 5, 2.5], "texture": "#texture"},
				"west": {"uv": [5.5, 2, 5, 2.5], "texture": "#texture"},
				"up": {"uv": [5.5, 2, 5, 2.5], "texture": "#texture"}
			}
		},
		{
			"from": [9, 12, 7.5],
			"to": [9.5, 12.5, 8.5],
			"rotation": {"angle": 0, "axis": "y", "origin": [6, 9, 8]},
			"faces": {
				"north": {"uv": [7, 3.5, 6.5, 4], "texture": "#texture"},
				"east": {"uv": [7, 3.5, 6.5, 4], "texture": "#texture"},
				"south": {"uv": [7, 3.5, 6.5, 4], "texture": "#texture"},
				"down": {"uv": [7, 3.5, 6.5, 4], "texture": "#texture"}
			}
		},
		{
			"from": [11.5, 14.5, 7.5],
			"to": [12, 16, 8.5],
			"rotation": {"angle": 0, "axis": "y", "origin": [8.5, 11.5, 8]},
			"faces": {
				"north": {"uv": [4.5, 0, 4, 1.5], "texture": "#texture"},
				"east": {"uv": [4.5, 0, 4, 1.5], "texture": "#texture"},
				"south": {"uv": [4.5, 0, 4, 1.5], "texture": "#texture"},
				"west": {"uv": [4.5, 0, 4, 1.5], "texture": "#texture"},
				"up": {"uv": [4.5, 0, 4, 1.5], "texture": "#texture"}
			}
		},
		{
			"from": [12, 11, 7.5],
			"to": [12.5, 12.5, 8.5],
			"rotation": {"angle": 0, "axis": "y", "origin": [9, 8, 8]},
			"faces": {
				"north": {"uv": [4, 3.5, 3.5, 5], "texture": "#texture"},
				"east": {"uv": [4, 3.5, 3.5, 5], "texture": "#texture"},
				"south": {"uv": [4, 3.5, 3.5, 5], "texture": "#texture"},
				"up": {"uv": [4, 3.5, 3.5, 5], "texture": "#texture"},
				"down": {"uv": [4, 3.5, 3.5, 5], "texture": "#texture"}
			}
		},
		{
			"from": [12, 10, 7.5],
			"to": [12.5, 10.5, 8.5],
			"rotation": {"angle": 0, "axis": "y", "origin": [9, 7, 8]},
			"faces": {
				"north": {"uv": [4, 5.5, 3.5, 6], "texture": "#texture"},
				"east": {"uv": [4, 5.5, 3.5, 6], "texture": "#texture"},
				"south": {"uv": [4, 5.5, 3.5, 6], "texture": "#texture"},
				"up": {"uv": [4, 5.5, 3.5, 6], "texture": "#texture"}
			}
		},
		{
			"from": [11, 10, 7.5],
			"to": [12, 14.5, 8.5],
			"rotation": {"angle": 0, "axis": "y", "origin": [9.5, 9.5, 8]},
			"faces": {
				"north": {"uv": [4, 1.5, 5, 6], "texture": "#texture"},
				"east": {"uv": [4.5, 1.5, 4, 6], "texture": "#texture"},
				"south": {"uv": [5, 1.5, 4, 6], "texture": "#texture"},
				"west": {"uv": [5, 1.5, 4.5, 6], "texture": "#texture"},
				"up": {"uv": [5, 1.5, 4, 2.5], "texture": "#texture"},
				"down": {"uv": [5, 5.5, 4, 6], "texture": "#texture"}
			}
		},
		{
			"from": [11.5, 9, 7.5],
			"to": [12.5, 10, 8.5],
			"rotation": {"angle": 0, "axis": "y", "origin": [10, 8.5, 8]},
			"faces": {
				"north": {"uv": [3.5, 6, 4.5, 7], "texture": "#texture"},
				"east": {"uv": [3.5, 6, 4.5, 7], "texture": "#texture"},
				"south": {"uv": [3.5, 6, 4.5, 7], "texture": "#texture"},
				"west": {"uv": [3.5, 6, 4.5, 7], "texture": "#texture"}
			}
		},
		{
			"from": [10.5, 2, 6.5],
			"to": [13.5, 6, 9.5],
			"rotation": {"angle": 0, "axis": "y", "origin": [18.5, 10, 14.5]},
			"faces": {
				"north": {"uv": [1, 12, 4, 16], "texture": "#potion"},
				"east": {"uv": [1, 12, 4, 16], "texture": "#potion"},
				"south": {"uv": [1, 12, 4, 16], "texture": "#potion"},
				"west": {"uv": [1, 12, 4, 16], "texture": "#potion"},
				"up": {"uv": [1, 5.5, 4, 8.5], "texture": "#potion"}
			}
		},
		{
			"from": [11, 6, 7],
			"to": [13, 6.5, 9],
			"rotation": {"angle": 0, "axis": "y", "origin": [19, 14, 15]},
			"faces": {
				"north": {"uv": [1.5, 6, 3.5, 6.5], "texture": "#potion"},
				"east": {"uv": [3, 6, 3.5, 8], "texture": "#potion"},
				"south": {"uv": [1.5, 7.5, 3.5, 8], "texture": "#potion"},
				"west": {"uv": [1.5, 6, 2, 8], "texture": "#potion"},
				"up": {"uv": [1.5, 6, 3.5, 8], "texture": "#potion"}
			}
		},
		{
			"from": [11.5, 6.5, 7.5],
			"to": [12.5, 8, 8.5],
			"rotation": {"angle": 0, "axis": "y", "origin": [19.5, 14.5, 15.5]},
			"faces": {
				"north": {"uv": [2, 10, 3, 11.5], "texture": "#potion"},
				"east": {"uv": [2, 10, 3, 11.5], "texture": "#potion"},
				"south": {"uv": [2, 10, 3, 11.5], "texture": "#potion"},
				"west": {"uv": [2, 10, 3, 11.5], "texture": "#potion"}
			}
		},
		{
			"from": [10, 3, 6],
			"to": [14, 5.5, 10],
			"rotation": {"angle": 0, "axis": "y", "origin": [18, 11, 14]},
			"faces": {
				"north": {"uv": [0.5, 12.5, 4.5, 15], "texture": "#potion"},
				"east": {"uv": [0.5, 12.5, 4.5, 15], "texture": "#potion"},
				"south": {"uv": [0.5, 12.5, 4.5, 15], "texture": "#potion"},
				"west": {"uv": [0.5, 12.5, 4.5, 15], "texture": "#potion"},
				"up": {"uv": [0.5, 5, 4.5, 9], "texture": "#potion"},
				"down": {"uv": [0.5, 8.5, 1, 9], "texture": "#potion"}
			}
		},
		{
			"from": [11, 8.5, 7],
			"to": [13, 9, 9],
			"rotation": {"angle": 0, "axis": "y", "origin": [19, 15.9, 15]},
			"faces": {
				"north": {"uv": [1.5, 9, 3.5, 9.5], "texture": "#potion"},
				"east": {"uv": [1.5, 9, 3.5, 9.5], "texture": "#potion"},
				"south": {"uv": [1.5, 9, 3.5, 9.5], "texture": "#potion"},
				"west": {"uv": [1.5, 9, 3.5, 9.5], "texture": "#potion"},
				"up": {"uv": [1.5, 3, 3.5, 5], "texture": "#potion"}
			}
		},
		{
			"from": [10, 2.5, 9.5],
			"to": [10.5, 3, 10],
			"rotation": {"angle": 0, "axis": "y", "origin": [18, 10.5, 17.5]},
			"faces": {
				"north": {"uv": [4, 15, 4.5, 15.5], "texture": "#potion"},
				"east": {"uv": [4, 15, 4.5, 15.5], "texture": "#potion"},
				"south": {"uv": [4, 15, 4.5, 15.5], "texture": "#potion"},
				"west": {"uv": [4, 15, 4.5, 15.5], "texture": "#potion"},
				"down": {"uv": [4, 15, 4.5, 15.5], "texture": "#potion"}
			}
		},
		{
			"from": [13.5, 2.5, 9.5],
			"to": [14, 3, 10],
			"rotation": {"angle": 0, "axis": "y", "origin": [21.5, 10.5, 17.5]},
			"faces": {
				"north": {"uv": [0.5, 15, 1, 15.5], "texture": "#potion"},
				"east": {"uv": [0.5, 15, 1, 15.5], "texture": "#potion"},
				"south": {"uv": [0.5, 15, 1, 15.5], "texture": "#potion"},
				"west": {"uv": [0.5, 15, 1, 15.5], "texture": "#potion"},
				"down": {"uv": [0.5, 15, 1, 15.5], "texture": "#potion"}
			}
		},
		{
			"from": [13.5, 2.5, 6],
			"to": [14, 3, 6.5],
			"rotation": {"angle": 0, "axis": "y", "origin": [21.5, 10.5, 14]},
			"faces": {
				"north": {"uv": [0.5, 15, 1, 15.5], "texture": "#potion"},
				"east": {"uv": [0.5, 15, 1, 15.5], "texture": "#potion"},
				"south": {"uv": [0.5, 15, 1, 15.5], "texture": "#potion"},
				"west": {"uv": [0.5, 15, 1, 15.5], "texture": "#potion"},
				"down": {"uv": [0.5, 15, 1, 15.5], "texture": "#potion"}
			}
		},
		{
			"from": [13.5, 5.5, 6],
			"to": [14, 6, 6.5],
			"rotation": {"angle": 0, "axis": "y", "origin": [21.5, 13.5, 14]},
			"faces": {
				"north": {"uv": [0.5, 12, 1, 12.5], "texture": "#potion"},
				"east": {"uv": [0.5, 12, 1, 12.5], "texture": "#potion"},
				"south": {"uv": [0.5, 12, 1, 12.5], "texture": "#potion"},
				"west": {"uv": [0.5, 12, 1, 12.5], "texture": "#potion"},
				"up": {"uv": [0.5, 12, 1, 12.5], "texture": "#potion"}
			}
		},
		{
			"from": [13.5, 5.5, 9.5],
			"to": [14, 6, 10],
			"rotation": {"angle": 0, "axis": "y", "origin": [21.5, 13.5, 17.5]},
			"faces": {
				"north": {"uv": [0.5, 12, 1, 12.5], "texture": "#potion"},
				"east": {"uv": [0.5, 12, 1, 12.5], "texture": "#potion"},
				"south": {"uv": [0.5, 12, 1, 12.5], "texture": "#potion"},
				"west": {"uv": [0.5, 12, 1, 12.5], "texture": "#potion"},
				"up": {"uv": [0.5, 12, 1, 12.5], "texture": "#potion"}
			}
		},
		{
			"from": [10, 2.5, 6],
			"to": [10.5, 3, 6.5],
			"rotation": {"angle": 0, "axis": "y", "origin": [18, 10.5, 14]},
			"faces": {
				"north": {"uv": [4, 15, 4.5, 15.5], "texture": "#potion"},
				"east": {"uv": [4, 15, 4.5, 15.5], "texture": "#potion"},
				"south": {"uv": [4, 15, 4.5, 15.5], "texture": "#potion"},
				"west": {"uv": [4, 15, 4.5, 15.5], "texture": "#potion"},
				"down": {"uv": [4, 15, 4.5, 15.5], "texture": "#potion"}
			}
		},
		{
			"from": [14, 5, 8],
			"to": [14.5, 5.5, 8.5],
			"rotation": {"angle": 0, "axis": "y", "origin": [22, 13, 16]},
			"faces": {
				"north": {"uv": [2, 12.5, 2.5, 13], "texture": "#potion"},
				"east": {"uv": [2, 12.5, 2.5, 13], "texture": "#potion"},
				"south": {"uv": [2, 12.5, 2.5, 13], "texture": "#potion"},
				"up": {"uv": [2, 12.5, 2.5, 13], "texture": "#potion"},
				"down": {"uv": [2, 12.5, 2.5, 13], "texture": "#potion"}
			}
		},
		{
			"from": [14, 4.5, 7.5],
			"to": [14.5, 5, 8],
			"rotation": {"angle": 0, "axis": "y", "origin": [22, 12.5, 15.5]},
			"faces": {
				"north": {"uv": [2.5, 13, 3, 13.5], "texture": "#potion"},
				"east": {"uv": [2.5, 13, 3, 13.5], "texture": "#potion"},
				"south": {"uv": [2.5, 13, 3, 13.5], "texture": "#potion"},
				"up": {"uv": [2.5, 13, 3, 13.5], "texture": "#potion"},
				"down": {"uv": [2.5, 13, 3, 13.5], "texture": "#potion"}
			}
		},
		{
			"from": [14, 4, 7],
			"to": [14.5, 4.5, 7.5],
			"rotation": {"angle": 0, "axis": "y", "origin": [22, 12, 15]},
			"faces": {
				"north": {"uv": [3, 13.5, 3.5, 14], "texture": "#potion"},
				"east": {"uv": [3, 13.5, 3.5, 14], "texture": "#potion"},
				"south": {"uv": [3, 13.5, 3.5, 14], "texture": "#potion"},
				"up": {"uv": [3, 13.5, 3.5, 14], "texture": "#potion"},
				"down": {"uv": [3, 13.5, 3.5, 14], "texture": "#potion"}
			}
		},
		{
			"from": [11.5, 5, 10],
			"to": [12, 5.5, 10.5],
			"rotation": {"angle": 0, "axis": "y", "origin": [19.5, 13, 18]},
			"faces": {
				"east": {"uv": [2, 12.5, 2.5, 13], "texture": "#potion"},
				"south": {"uv": [2, 12.5, 2.5, 13], "texture": "#potion"},
				"west": {"uv": [2, 12.5, 2.5, 13], "texture": "#potion"},
				"up": {"uv": [2, 12.5, 2.5, 13], "texture": "#potion"},
				"down": {"uv": [2, 12.5, 2.5, 13], "texture": "#potion"}
			}
		},
		{
			"from": [12, 4.5, 10],
			"to": [12.5, 5, 10.5],
			"rotation": {"angle": 0, "axis": "y", "origin": [20, 12.5, 18]},
			"faces": {
				"east": {"uv": [2.5, 13, 3, 13.5], "texture": "#potion"},
				"south": {"uv": [2.5, 13, 3, 13.5], "texture": "#potion"},
				"west": {"uv": [2.5, 13, 3, 13.5], "texture": "#potion"},
				"up": {"uv": [2.5, 13, 3, 13.5], "texture": "#potion"},
				"down": {"uv": [2.5, 13, 3, 13.5], "texture": "#potion"}
			}
		},
		{
			"from": [12.5, 4, 10],
			"to": [13, 4.5, 10.5],
			"rotation": {"angle": 0, "axis": "y", "origin": [20.5, 12, 18]},
			"faces": {
				"east": {"uv": [3, 13.5, 3.5, 14], "texture": "#potion"},
				"south": {"uv": [3, 13.5, 3.5, 14], "texture": "#potion"},
				"west": {"uv": [3, 13.5, 3.5, 14], "texture": "#potion"},
				"up": {"uv": [3, 13.5, 3.5, 14], "texture": "#potion"},
				"down": {"uv": [3, 13.5, 3.5, 14], "texture": "#potion"}
			}
		},
		{
			"from": [9.5, 5, 7.5],
			"to": [10, 5.5, 8],
			"rotation": {"angle": 0, "axis": "y", "origin": [17.5, 13, 15.5]},
			"faces": {
				"north": {"uv": [2, 12.5, 2.5, 13], "texture": "#potion"},
				"south": {"uv": [2, 12.5, 2.5, 13], "texture": "#potion"},
				"west": {"uv": [2, 12.5, 2.5, 13], "texture": "#potion"},
				"up": {"uv": [2, 12.5, 2.5, 13], "texture": "#potion"},
				"down": {"uv": [2, 12.5, 2.5, 13], "texture": "#potion"}
			}
		},
		{
			"from": [9.5, 4.5, 8],
			"to": [10, 5, 8.5],
			"rotation": {"angle": 0, "axis": "y", "origin": [17.5, 12.5, 16]},
			"faces": {
				"north": {"uv": [2.5, 13, 3, 13.5], "texture": "#potion"},
				"south": {"uv": [2.5, 13, 3, 13.5], "texture": "#potion"},
				"west": {"uv": [2.5, 13, 3, 13.5], "texture": "#potion"},
				"up": {"uv": [2.5, 13, 3, 13.5], "texture": "#potion"},
				"down": {"uv": [2.5, 13, 3, 13.5], "texture": "#potion"}
			}
		},
		{
			"from": [9.5, 4, 8.5],
			"to": [10, 4.5, 9],
			"rotation": {"angle": 0, "axis": "y", "origin": [17.5, 12, 16.5]},
			"faces": {
				"north": {"uv": [3, 13.5, 3.5, 14], "texture": "#potion"},
				"south": {"uv": [3, 13.5, 3.5, 14], "texture": "#potion"},
				"west": {"uv": [3, 13.5, 3.5, 14], "texture": "#potion"},
				"up": {"uv": [3, 13.5, 3.5, 14], "texture": "#potion"},
				"down": {"uv": [3, 13.5, 3.5, 14], "texture": "#potion"}
			}
		},
		{
			"from": [12, 5, 5.5],
			"to": [12.5, 5.5, 6],
			"rotation": {"angle": 0, "axis": "y", "origin": [20, 13, 13.5]},
			"faces": {
				"north": {"uv": [2, 12.5, 2.5, 13], "texture": "#potion"},
				"east": {"uv": [2, 12.5, 2.5, 13], "texture": "#potion"},
				"west": {"uv": [2, 12.5, 2.5, 13], "texture": "#potion"},
				"up": {"uv": [2, 12.5, 2.5, 13], "texture": "#potion"},
				"down": {"uv": [2, 12.5, 2.5, 13], "texture": "#potion"}
			}
		},
		{
			"from": [11.5, 4.5, 5.5],
			"to": [12, 5, 6],
			"rotation": {"angle": 0, "axis": "y", "origin": [19.5, 12.5, 13.5]},
			"faces": {
				"north": {"uv": [2.5, 13, 3, 13.5], "texture": "#potion"},
				"east": {"uv": [2.5, 13, 3, 13.5], "texture": "#potion"},
				"west": {"uv": [2.5, 13, 3, 13.5], "texture": "#potion"},
				"up": {"uv": [2.5, 13, 3, 13.5], "texture": "#potion"},
				"down": {"uv": [2.5, 13, 3, 13.5], "texture": "#potion"}
			}
		},
		{
			"from": [11, 4, 5.5],
			"to": [11.5, 4.5, 6],
			"rotation": {"angle": 0, "axis": "y", "origin": [19, 12, 13.5]},
			"faces": {
				"north": {"uv": [3, 13.5, 3.5, 14], "texture": "#potion"},
				"east": {"uv": [3, 13.5, 3.5, 14], "texture": "#potion"},
				"west": {"uv": [3, 13.5, 3.5, 14], "texture": "#potion"},
				"up": {"uv": [3, 13.5, 3.5, 14], "texture": "#potion"},
				"down": {"uv": [3, 13.5, 3.5, 14], "texture": "#potion"}
			}
		},
		{
			"from": [10, 5.5, 6],
			"to": [10.5, 6, 6.5],
			"rotation": {"angle": 0, "axis": "y", "origin": [18, 13.5, 14]},
			"faces": {
				"north": {"uv": [4, 12, 4.5, 12.5], "texture": "#potion"},
				"east": {"uv": [4, 12, 4.5, 12.5], "texture": "#potion"},
				"south": {"uv": [4, 12, 4.5, 12.5], "texture": "#potion"},
				"west": {"uv": [4, 12, 4.5, 12.5], "texture": "#potion"},
				"up": {"uv": [4, 12, 4.5, 12.5], "texture": "#potion"}
			}
		},
		{
			"from": [10, 5.5, 9.5],
			"to": [10.5, 6, 10],
			"rotation": {"angle": 0, "axis": "y", "origin": [18, 13.5, 17.5]},
			"faces": {
				"north": {"uv": [4, 12, 4.5, 12.5], "texture": "#potion"},
				"east": {"uv": [4, 12, 4.5, 12.5], "texture": "#potion"},
				"south": {"uv": [4, 12, 4.5, 12.5], "texture": "#potion"},
				"west": {"uv": [4, 12, 4.5, 12.5], "texture": "#potion"},
				"up": {"uv": [4, 12, 4.5, 12.5], "texture": "#potion"}
			}
		},
		{
			"from": [10.5, 6, 6.5],
			"to": [11, 6.5, 7],
			"rotation": {"angle": 0, "axis": "y", "origin": [18.5, 14, 14.5]},
			"faces": {
				"north": {"uv": [3.5, 11.5, 4, 12], "texture": "#potion"},
				"east": {"uv": [3.5, 11.5, 4, 12], "texture": "#potion"},
				"south": {"uv": [3.5, 11.5, 4, 12], "texture": "#potion"},
				"west": {"uv": [3.5, 11.5, 4, 12], "texture": "#potion"},
				"up": {"uv": [3.5, 11.5, 4, 12], "texture": "#potion"}
			}
		},
		{
			"from": [10.5, 6, 9],
			"to": [11, 6.5, 9.5],
			"rotation": {"angle": 0, "axis": "y", "origin": [18.5, 14, 17]},
			"faces": {
				"north": {"uv": [3.5, 11.5, 4, 12], "texture": "#potion"},
				"east": {"uv": [3.5, 11.5, 4, 12], "texture": "#potion"},
				"south": {"uv": [3.5, 11.5, 4, 12], "texture": "#potion"},
				"west": {"uv": [3.5, 11.5, 4, 12], "texture": "#potion"},
				"up": {"uv": [3.5, 11.5, 4, 12], "texture": "#potion"}
			}
		},
		{
			"from": [11, 6.5, 7],
			"to": [11.5, 8, 7.5],
			"rotation": {"angle": 0, "axis": "y", "origin": [19, 14.5, 15]},
			"faces": {
				"north": {"uv": [3, 10, 3.5, 11.5], "texture": "#potion"},
				"east": {"uv": [3, 10, 3.5, 11.5], "texture": "#potion"},
				"south": {"uv": [3, 10, 3.5, 11.5], "texture": "#potion"},
				"west": {"uv": [3, 10, 3.5, 11.5], "texture": "#potion"}
			}
		},
		{
			"from": [11, 6.5, 8.5],
			"to": [11.5, 8, 9],
			"rotation": {"angle": 0, "axis": "y", "origin": [19, 14.5, 16.5]},
			"faces": {
				"north": {"uv": [3, 10, 3.5, 11.5], "texture": "#potion"},
				"east": {"uv": [3, 10, 3.5, 11.5], "texture": "#potion"},
				"south": {"uv": [3, 10, 3.5, 11.5], "texture": "#potion"},
				"west": {"uv": [3, 10, 3.5, 11.5], "texture": "#potion"}
			}
		},
		{
			"from": [12.5, 6.5, 7],
			"to": [13, 8, 7.5],
			"rotation": {"angle": 0, "axis": "y", "origin": [20.5, 14.5, 15]},
			"faces": {
				"north": {"uv": [1.5, 10, 2, 11.5], "texture": "#potion"},
				"east": {"uv": [1.5, 10, 2, 11.5], "texture": "#potion"},
				"south": {"uv": [1.5, 10, 2, 11.5], "texture": "#potion"},
				"west": {"uv": [1.5, 10, 2, 11.5], "texture": "#potion"}
			}
		},
		{
			"from": [12.5, 6.5, 8.5],
			"to": [13, 8, 9],
			"rotation": {"angle": 0, "axis": "y", "origin": [20.5, 14.5, 16.5]},
			"faces": {
				"north": {"uv": [1.5, 10, 2, 11.5], "texture": "#potion"},
				"east": {"uv": [1.5, 10, 2, 11.5], "texture": "#potion"},
				"south": {"uv": [1.5, 10, 2, 11.5], "texture": "#potion"},
				"west": {"uv": [1.5, 10, 2, 11.5], "texture": "#potion"}
			}
		},
		{
			"from": [10.5, 8, 6.5],
			"to": [13.5, 8.5, 9.5],
			"rotation": {"angle": 0, "axis": "y", "origin": [21, 16, 14.5]},
			"faces": {
				"north": {"uv": [1, 9.5, 4, 10], "texture": "#potion"},
				"east": {"uv": [1, 9.5, 4, 10], "texture": "#potion"},
				"south": {"uv": [1, 9.5, 4, 10], "texture": "#potion"},
				"west": {"uv": [1, 9.5, 4, 10], "texture": "#potion"},
				"up": {"uv": [1, 9.5, 4, 10], "texture": "#potion"},
				"down": {"uv": [1, 9.5, 4, 10], "texture": "#potion"}
			}
		},
		{
			"from": [13, 6, 6.5],
			"to": [13.5, 6.5, 7],
			"rotation": {"angle": 0, "axis": "y", "origin": [21, 14, 14.5]},
			"faces": {
				"north": {"uv": [1, 11.5, 1.5, 12], "texture": "#potion"},
				"east": {"uv": [1, 11.5, 1.5, 12], "texture": "#potion"},
				"south": {"uv": [1, 11.5, 1.5, 12], "texture": "#potion"},
				"west": {"uv": [1, 11.5, 1.5, 12], "texture": "#potion"},
				"up": {"uv": [1, 11.5, 1.5, 12], "texture": "#potion"}
			}
		},
		{
			"from": [13, 6, 9],
			"to": [13.5, 6.5, 9.5],
			"rotation": {"angle": 0, "axis": "y", "origin": [21, 14, 17]},
			"faces": {
				"north": {"uv": [1, 11.5, 1.5, 12], "texture": "#potion"},
				"east": {"uv": [1, 11.5, 1.5, 12], "texture": "#potion"},
				"south": {"uv": [1, 11.5, 1.5, 12], "texture": "#potion"},
				"west": {"uv": [1, 11.5, 1.5, 12], "texture": "#potion"},
				"up": {"uv": [1, 11.5, 1.5, 12], "texture": "#potion"}
			}
		},
		{
			"from": [9.5, 3, 5.5],
			"to": [10, 5.5, 6],
			"rotation": {"angle": 0, "axis": "y", "origin": [17.5, 11, 13.5]},
			"faces": {
				"north": {"uv": [4.5, 12.5, 5, 15], "texture": "#potion"},
				"east": {"uv": [4.5, 12.5, 5, 15], "texture": "#potion"},
				"south": {"uv": [4.5, 12.5, 5, 15], "texture": "#potion"},
				"west": {"uv": [4.5, 12.5, 5, 15], "texture": "#potion"},
				"up": {"uv": [4.5, 12.5, 5, 13], "texture": "#potion"},
				"down": {"uv": [4.5, 14.5, 5, 15], "texture": "#potion"}
			}
		},
		{
			"from": [9.5, 3, 10],
			"to": [10, 5.5, 10.5],
			"rotation": {"angle": 0, "axis": "y", "origin": [17.5, 11, 18]},
			"faces": {
				"north": {"uv": [4.5, 12.5, 5, 15], "texture": "#potion"},
				"east": {"uv": [4.5, 12.5, 5, 15], "texture": "#potion"},
				"south": {"uv": [4.5, 12.5, 5, 15], "texture": "#potion"},
				"west": {"uv": [4.5, 12.5, 5, 15], "texture": "#potion"},
				"up": {"uv": [4.5, 12.5, 5, 13], "texture": "#potion"},
				"down": {"uv": [4.5, 14.5, 5, 15], "texture": "#potion"}
			}
		},
		{
			"from": [14, 3, 5.5],
			"to": [14.5, 5.5, 6],
			"rotation": {"angle": 0, "axis": "y", "origin": [22, 11, 13.5]},
			"faces": {
				"north": {"uv": [0, 12.5, 0.5, 15], "texture": "#potion"},
				"east": {"uv": [0, 12.5, 0.5, 15], "texture": "#potion"},
				"south": {"uv": [0, 12.5, 0.5, 15], "texture": "#potion"},
				"west": {"uv": [0, 12.5, 0.5, 15], "texture": "#potion"},
				"up": {"uv": [0, 12.5, 0.5, 13], "texture": "#potion"},
				"down": {"uv": [0, 14.5, 0.5, 15], "texture": "#potion"}
			}
		},
		{
			"from": [14, 3, 10],
			"to": [14.5, 5.5, 10.5],
			"rotation": {"angle": 0, "axis": "y", "origin": [22, 11, 18]},
			"faces": {
				"north": {"uv": [0, 12.5, 0.5, 15], "texture": "#potion"},
				"east": {"uv": [0, 12.5, 0.5, 15], "texture": "#potion"},
				"south": {"uv": [0, 12.5, 0.5, 15], "texture": "#potion"},
				"west": {"uv": [0, 12.5, 0.5, 15], "texture": "#potion"},
				"up": {"uv": [0, 12.5, 0.5, 13], "texture": "#potion"},
				"down": {"uv": [0, 14.5, 0.5, 15], "texture": "#potion"}
			}
		}
	]
}