{
	"__comment": "Designed by Nekzuris",
	"ambientocclusion": false,
	"textures": {
		"base": "blocks/brewing_stand_base",
		"texture": "blocks/brewing_stand",
		"particle": "blocks/brewing_stand"
	},
	"elements": [
		{
			"from": [9, 0, 5],
			"to": [15, 2, 11],
			"faces": {
				"north": {"uv": [8, 14, 14, 16], "texture": "#base"},
				"east": {"uv": [8, 0, 14, 2], "texture": "#base"},
				"south": {"uv": [2, 14, 8, 16], "texture": "#base"},
				"west": {"uv": [2, 0, 8, 2], "texture": "#base"},
				"up": {"uv": [9, 5, 15, 11], "texture": "#base"},
				"down": {"uv": [8, 0, 14, 6], "texture": "#base", "cullface": "down"}
			}
		},
		{
			"from": [7, 0, 7],
			"to": [9, 14, 9],
			"faces": {
				"north": {"uv": [7, 2, 9, 16], "texture": "#texture"},
				"east": {"uv": [7, 2, 9, 16], "texture": "#texture"},
				"south": {"uv": [7, 2, 9, 16], "texture": "#texture"},
				"west": {"uv": [7, 2, 9, 16], "texture": "#texture"},
				"up": {"uv": [7, 7, 9, 9], "texture": "#texture"},
				"down": {"uv": [7, 14, 9, 16], "texture": "#texture", "cullface": "down"}
			}
		},
		{
			"from": [1, 0, 1],
			"to": [7, 2, 7],
			"rotation": {"angle": 0, "axis": "y", "origin": [7.5, 8, 8]},
			"faces": {
				"north": {"uv": [8, 0, 14, 2], "texture": "#base"},
				"east": {"uv": [3, 14, 9, 16], "texture": "#base"},
				"south": {"uv": [8, 14, 14, 16], "texture": "#base"},
				"west": {"uv": [2, 0, 8, 2], "texture": "#base"},
				"up": {"uv": [2, 1, 8, 7], "texture": "#base"},
				"down": {"uv": [8, 0, 14, 6], "texture": "#base", "cullface": "down"}
			}
		},
		{
			"from": [1, 0, 9],
			"to": [7, 2, 15],
			"rotation": {"angle": 0, "axis": "y", "origin": [7.5, 8, 8]},
			"faces": {
				"north": {"uv": [2, 0, 8, 2], "texture": "#base"},
				"east": {"uv": [2, 14, 8, 16], "texture": "#base"},
				"south": {"uv": [8, 0, 14, 2], "texture": "#base"},
				"west": {"uv": [8, 14, 14, 16], "texture": "#base"},
				"up": {"uv": [2, 9, 8, 15], "texture": "#base"},
				"down": {"uv": [8, 0, 14, 6], "texture": "#base", "cullface": "down"}
			}
		}
	]
}