{
	"credit": "Designed by Progical",
	"textures": {
		"0": "blocks/iron_trapdoor",
		"1": "ctm/trapdoors/iron/front",
		"2": "ctm/trapdoors/iron/side",
		"particle": "blocks/iron_trapdoor"
	},
	"elements": [
		{
			"from": [0, 0, 0],
			"to": [16, 3, 3],
			"faces": {
				"north": {"uv": [0, 0, 16, 3], "texture": "#1", "cullface": "north"},
				"east": {"uv": [13, 0, 16, 3], "texture": "#2"},
				"south": {"uv": [0, 13, 16, 16], "texture": "#0"},
				"west": {"uv": [0, 0, 3, 3], "texture": "#2", "cullface": "west"},
				"up": {"uv": [0, 13, 16, 16], "rotation": 180, "texture": "#0"},
				"down": {"uv": [0, 13, 16, 16], "texture": "#0", "cullface": "down"}
			}
		},
		{
			"from": [0, 0, 13],
			"to": [16, 3, 16],
			"faces": {
				"north": {"uv": [0, 0, 16, 3], "texture": "#0"},
				"east": {"uv": [0, 0, 3, 3], "texture": "#2", "cullface": "east"},
				"south": {"uv": [0, 0, 16, 3], "texture": "#1", "cullface": "south"},
				"west": {"uv": [13, 0, 16, 3], "texture": "#2", "cullface": "west"},
				"up": {"uv": [0, 0, 16, 3], "rotation": 180, "texture": "#0"},
				"down": {"uv": [0, 0, 16, 3], "texture": "#0", "cullface": "down"}
			}
		},
		{
			"from": [0, 0, 3],
			"to": [3, 3, 13],
			"faces": {
				"east": {"uv": [13, 2.5, 16, 12.5], "rotation": 90, "texture": "#0"},
				"west": {"uv": [3, 0, 13, 3], "texture": "#2", "cullface": "west"},
				"up": {"uv": [13, 3, 16, 13], "rotation": 180, "texture": "#0"},
				"down": {"uv": [0, 3, 3, 13], "texture": "#0", "cullface": "down"}
			}
		},
		{
			"from": [13, 0, 3],
			"to": [16, 3, 13],
			"faces": {
				"east": {"uv": [3, 0, 13, 3], "texture": "#2", "cullface": "east"},
				"west": {"uv": [0, 3, 3, 13], "rotation": 90, "texture": "#0"},
				"up": {"uv": [0, 3, 3, 13], "rotation": 180, "texture": "#0"},
				"down": {"uv": [13, 3, 16, 13], "texture": "#0", "cullface": "down"}
			}
		},
		{
			"from": [3, 0, 6],
			"to": [6, 3, 10],
			"faces": {
				"north": {"uv": [3, 7, 6, 10], "texture": "#0"},
				"south": {"uv": [3, 6, 6, 9], "rotation": 180, "texture": "#0"},
				"up": {"uv": [10, 6, 13, 10], "rotation": 180, "texture": "#0"},
				"down": {"uv": [3, 6, 6, 10], "texture": "#0", "cullface": "down"}
			}
		},
		{
			"from": [10, 0, 6],
			"to": [13, 3, 10],
			"faces": {
				"north": {"uv": [10, 7, 13, 10], "texture": "#0"},
				"south": {"uv": [10, 6, 13, 9], "rotation": 180, "texture": "#0"},
				"up": {"uv": [3, 6, 6, 10], "rotation": 180, "texture": "#0"},
				"down": {"uv": [10, 6, 13, 10], "texture": "#0", "cullface": "down"}
			}
		},
		{
			"from": [6, 0, 3],
			"to": [10, 3, 13],
			"faces": {
				"east": {"uv": [6, 3, 9, 13], "rotation": 270, "texture": "#0"},
				"west": {"uv": [7, 3, 10, 13], "rotation": 90, "texture": "#0"},
				"up": {"uv": [6, 3, 10, 13], "rotation": 180, "texture": "#0"},
				"down": {"uv": [6, 3, 10, 13], "texture": "#0", "cullface": "down"}
			}
		}
	],
	"groups": [0, 1, 2, 3, 4, 5, 6,
		{
			"name": "group",
			"origin": [8, 8, 8],
			"children": []
		}
	]
}