{
	"credit": "Made with Blockbench by RobertR11 & tweaked by Juknum",
	"parent": "block/block",
	"textures": {
		"particle": "blocks/enchanting_table_bottom",
		"bottom": "blocks/enchanting_table_bottom",
		"top": "blocks/enchanting_table_top",
		"side": "blocks/enchanting_table_side"
	},
	"elements": [
		{
			"from": [0, 0, 0],
			"to": [16, 12, 16],
			"shade": false,
			"faces": {
				"north": {"uv": [0, 4, 16, 16], "texture": "#side", "cullface": "north"},
				"east": {"uv": [0, 4, 16, 16], "texture": "#side", "cullface": "east"},
				"south": {"uv": [0, 4, 16, 16], "texture": "#side", "cullface": "south"},
				"west": {"uv": [0, 4, 16, 16], "texture": "#side", "cullface": "west"},
				"down": {"uv": [0, 0, 16, 16], "texture": "#bottom", "cullface": "down"}
			}
		},
		{
			"from": [0, 8.5, -0.5],
			"to": [3.5, 12, 0],
			"faces": {
				"north": {"uv": [12.5, 4, 16, 7.5], "texture": "#side"},
				"east": {"uv": [12.5, 7, 13, 7.5], "texture": "#side"},
				"west": {"uv": [15.5, 4, 16, 7.5], "texture": "#side"},
				"up": {"uv": [0, 4, 3.5, 4.5], "texture": "#side"},
				"down": {"uv": [12.5, 7, 13, 7.5], "texture": "#side"}
			}
		},
		{
			"from": [0, 8.5, 16],
			"to": [3.5, 12, 16.5],
			"rotation": {"angle": 0, "axis": "y", "origin": [8, 8, 24.5]},
			"faces": {
				"east": {"uv": [12.5, 7, 13, 7.5], "texture": "#side"},
				"south": {"uv": [0, 4, 3.5, 7.5], "texture": "#side"},
				"west": {"uv": [15.5, 4, 16, 7.5], "texture": "#side"},
				"up": {"uv": [0, 4, 3.5, 4.5], "texture": "#side"},
				"down": {"uv": [12.5, 7, 13, 7.5], "texture": "#side"}
			}
		},
		{
			"from": [-0.5, 8.5, 0],
			"to": [0, 12, 3.5],
			"rotation": {"angle": 0, "axis": "y", "origin": [-9, 8, 8]},
			"faces": {
				"north": {"uv": [15.5, 4, 16, 7.5], "texture": "#side"},
				"south": {"uv": [12.5, 7, 13, 7.5], "texture": "#side"},
				"west": {"uv": [0, 4, 3.5, 7.5], "texture": "#side"},
				"up": {"uv": [0, 4, 3.5, 4.5], "rotation": 90, "texture": "#side"},
				"down": {"uv": [12.5, 7, 13, 7.5], "rotation": 270, "texture": "#side"}
			}
		},
		{
			"from": [16, 8.5, 0],
			"to": [16.5, 12, 3.5],
			"rotation": {"angle": 0, "axis": "y", "origin": [7.5, 8, 8]},
			"faces": {
				"north": {"uv": [15.5, 4, 16, 7.5], "texture": "#side"},
				"east": {"uv": [12.5, 4, 16, 7.5], "texture": "#side"},
				"south": {"uv": [12.5, 7, 13, 7.5], "texture": "#side"},
				"up": {"uv": [0, 4, 3.5, 4.5], "rotation": 90, "texture": "#side"},
				"down": {"uv": [12.5, 7, 13, 7.5], "rotation": 270, "texture": "#side"}
			}
		},
		{
			"from": [0, 12, 12.5],
			"to": [3.5, 12.5, 16],
			"rotation": {"angle": 0, "axis": "z", "origin": [4, 3.5, 8]},
			"faces": {
				"north": {"uv": [13, 7, 12.5, 7.5], "rotation": 90, "texture": "#side"},
				"east": {"uv": [13, 7, 12.5, 7.5], "rotation": 180, "texture": "#side"},
				"south": {"uv": [16, 4, 15.5, 7.5], "rotation": 270, "texture": "#side"},
				"west": {"uv": [3.5, 4, 0, 4.5], "texture": "#side"},
				"up": {"uv": [16, 4, 12.5, 7.5], "rotation": 270, "texture": "#side"}
			}
		},
		{
			"from": [12.5, 12, 0],
			"to": [16, 12.5, 3.5],
			"rotation": {"angle": 0, "axis": "y", "origin": [12, 3.5, 8]},
			"faces": {
				"north": {"uv": [16, 4, 15.5, 7.5], "rotation": 270, "texture": "#side"},
				"east": {"uv": [3.5, 4, 0, 4.5], "texture": "#side"},
				"south": {"uv": [13, 7, 12.5, 7.5], "rotation": 90, "texture": "#side"},
				"west": {"uv": [13, 7, 12.5, 7.5], "rotation": 180, "texture": "#side"},
				"up": {"uv": [16, 4, 12.5, 7.5], "rotation": 90, "texture": "#side"}
			}
		},
		{
			"from": [12.5, 8.5, -0.5],
			"to": [16, 12, 0],
			"rotation": {"angle": 0, "axis": "y", "origin": [20.5, 8, 8]},
			"faces": {
				"north": {"uv": [0, 4, 3.5, 7.5], "texture": "#side"},
				"east": {"uv": [0, 4, 0.5, 7.5], "texture": "#side"},
				"west": {"uv": [3, 4, 3.5, 7.5], "texture": "#side"},
				"up": {"uv": [12.5, 4, 16, 4.5], "texture": "#side"},
				"down": {"uv": [12.5, 7, 13, 7.5], "texture": "#side"}
			}
		},
		{
			"from": [12.5, 8.5, 16],
			"to": [16, 12, 16.5],
			"rotation": {"angle": 0, "axis": "y", "origin": [20.5, 8, 24.5]},
			"faces": {
				"east": {"uv": [0, 4, 0.5, 7.5], "texture": "#side"},
				"south": {"uv": [12.5, 4, 16, 7.5], "texture": "#side"},
				"west": {"uv": [3, 4, 3.5, 7.5], "texture": "#side"},
				"up": {"uv": [12.5, 4, 16, 4.5], "texture": "#side"},
				"down": {"uv": [12.5, 7, 13, 7.5], "texture": "#side"}
			}
		},
		{
			"from": [-0.5, 8.5, 12.5],
			"to": [0, 12, 16],
			"rotation": {"angle": 0, "axis": "y", "origin": [-9, 8, 8]},
			"faces": {
				"north": {"uv": [3, 4, 3.5, 7.5], "texture": "#side"},
				"south": {"uv": [0, 4, 0.5, 7.5], "texture": "#side"},
				"west": {"uv": [12.5, 4, 16, 7.5], "texture": "#side"},
				"up": {"uv": [12.5, 4, 16, 4.5], "rotation": 90, "texture": "#side"},
				"down": {"uv": [12.5, 7, 13, 7.5], "rotation": 270, "texture": "#side"}
			}
		},
		{
			"from": [16, 8.5, 12.5],
			"to": [16.5, 12, 16],
			"rotation": {"angle": 0, "axis": "y", "origin": [7.5, 8, 8]},
			"faces": {
				"north": {"uv": [3, 4, 3.5, 7.5], "texture": "#side"},
				"east": {"uv": [0, 4, 3.5, 7.5], "texture": "#side"},
				"south": {"uv": [0, 4, 0.5, 7.5], "texture": "#side"},
				"up": {"uv": [12.5, 4, 16, 4.5], "rotation": 90, "texture": "#side"},
				"down": {"uv": [12.5, 7, 13, 7.5], "rotation": 270, "texture": "#side"}
			}
		},
		{
			"from": [0, 12, 0],
			"to": [3.5, 12.5, 3.5],
			"rotation": {"angle": 0, "axis": "z", "origin": [4, 3.5, 8]},
			"faces": {
				"north": {"uv": [0.5, 4, 0, 7.5], "rotation": 90, "texture": "#side"},
				"east": {"uv": [13, 7, 12.5, 7.5], "rotation": 180, "texture": "#side"},
				"south": {"uv": [3.5, 4, 3, 7.5], "rotation": 270, "texture": "#side"},
				"west": {"uv": [16, 4, 12.5, 4.5], "texture": "#side"},
				"up": {"uv": [3.5, 4, 0, 7.5], "rotation": 270, "texture": "#side"}
			}
		},
		{
			"from": [12.5, 12, 12.5],
			"to": [16, 12.5, 16],
			"rotation": {"angle": 0, "axis": "y", "origin": [12, 3.5, 8]},
			"faces": {
				"north": {"uv": [3.5, 4, 3, 7.5], "rotation": 270, "texture": "#side"},
				"east": {"uv": [16, 4, 12.5, 4.5], "texture": "#side"},
				"south": {"uv": [0.5, 4, 0, 7.5], "rotation": 90, "texture": "#side"},
				"west": {"uv": [13, 7, 12.5, 7.5], "rotation": 180, "texture": "#side"},
				"up": {"uv": [3.5, 4, 0, 7.5], "rotation": 90, "texture": "#side"}
			}
		},
		{
			"from": [0, 8, -0.5],
			"to": [3, 8.5, 0],
			"faces": {
				"north": {"uv": [13, 7.5, 16, 8], "texture": "#side"},
				"east": {"uv": [13, 7.5, 13.5, 8], "texture": "#side"},
				"west": {"uv": [15.5, 7.5, 16, 8], "texture": "#side"},
				"down": {"uv": [0, 7.5, 3, 8], "texture": "#side"}
			}
		},
		{
			"from": [0, 8, 16],
			"to": [3, 8.5, 16.5],
			"rotation": {"angle": 0, "axis": "y", "origin": [8, 8, 24.5]},
			"faces": {
				"east": {"uv": [13, 7.5, 13.5, 8], "texture": "#side"},
				"south": {"uv": [0, 7.5, 3, 8], "texture": "#side"},
				"west": {"uv": [15.5, 7.5, 16, 8], "texture": "#side"},
				"down": {"uv": [0, 7.5, 3, 8], "texture": "#side"}
			}
		},
		{
			"from": [-0.5, 8, 0],
			"to": [0, 8.5, 3],
			"rotation": {"angle": 0, "axis": "y", "origin": [-9, 8, 8]},
			"faces": {
				"north": {"uv": [15.5, 7.5, 16, 8], "texture": "#side"},
				"south": {"uv": [13, 7.5, 13.5, 8], "texture": "#side"},
				"west": {"uv": [0, 7.5, 3, 8], "texture": "#side"},
				"down": {"uv": [0, 7.5, 3, 8], "rotation": 270, "texture": "#side"}
			}
		},
		{
			"from": [16, 8, 0],
			"to": [16.5, 8.5, 3],
			"rotation": {"angle": 0, "axis": "y", "origin": [7.5, 8, 8]},
			"faces": {
				"north": {"uv": [15.5, 7.5, 16, 8], "texture": "#side"},
				"east": {"uv": [13, 7.5, 16, 8], "texture": "#side"},
				"south": {"uv": [13, 7.5, 13.5, 8], "texture": "#side"},
				"down": {"uv": [0, 7.5, 3, 8], "rotation": 270, "texture": "#side"}
			}
		},
		{
			"from": [3.5, 12, 13],
			"to": [4, 12.5, 16],
			"rotation": {"angle": 0, "axis": "z", "origin": [4, 3.5, 8]},
			"faces": {
				"north": {"uv": [13.5, 7.5, 13, 8], "rotation": 90, "texture": "#side"},
				"east": {"uv": [3, 7.5, 0, 8], "rotation": 180, "texture": "#side"},
				"south": {"uv": [16, 7.5, 15.5, 8], "rotation": 270, "texture": "#side"},
				"up": {"uv": [16, 7.5, 13, 8], "rotation": 270, "texture": "#side"}
			}
		},
		{
			"from": [12, 12, 0],
			"to": [12.5, 12.5, 3],
			"rotation": {"angle": 0, "axis": "y", "origin": [12, 3.5, 8]},
			"faces": {
				"north": {"uv": [16, 7.5, 15.5, 8], "rotation": 270, "texture": "#side"},
				"south": {"uv": [13.5, 7.5, 13, 8], "rotation": 90, "texture": "#side"},
				"west": {"uv": [3, 7.5, 0, 8], "rotation": 180, "texture": "#side"},
				"up": {"uv": [16, 7.5, 13, 8], "rotation": 90, "texture": "#side"}
			}
		},
		{
			"from": [13, 8, -0.5],
			"to": [16, 8.5, 0],
			"rotation": {"angle": 0, "axis": "y", "origin": [20.5, 8, 8]},
			"faces": {
				"north": {"uv": [0, 7.5, 3, 8], "texture": "#side"},
				"east": {"uv": [15.5, 7.5, 16, 8], "texture": "#side"},
				"west": {"uv": [15.5, 7.5, 16, 8], "texture": "#side"},
				"down": {"uv": [13, 7.5, 16, 8], "texture": "#side"}
			}
		},
		{
			"from": [13, 8, 16],
			"to": [16, 8.5, 16.5],
			"rotation": {"angle": 0, "axis": "y", "origin": [20.5, 8, 24.5]},
			"faces": {
				"east": {"uv": [15.5, 7.5, 16, 8], "texture": "#side"},
				"south": {"uv": [13, 7.5, 16, 8], "texture": "#side"},
				"west": {"uv": [15.5, 7.5, 16, 8], "texture": "#side"},
				"down": {"uv": [13, 7.5, 16, 8], "texture": "#side"}
			}
		},
		{
			"from": [-0.5, 8, 13],
			"to": [0, 8.5, 16],
			"rotation": {"angle": 0, "axis": "y", "origin": [-9, 8, 8]},
			"faces": {
				"north": {"uv": [15.5, 7.5, 16, 8], "texture": "#side"},
				"south": {"uv": [15.5, 7.5, 16, 8], "texture": "#side"},
				"west": {"uv": [13, 7.5, 16, 8], "texture": "#side"},
				"down": {"uv": [13, 7.5, 16, 8], "rotation": 270, "texture": "#side"}
			}
		},
		{
			"from": [16, 8, 13],
			"to": [16.5, 8.5, 16],
			"rotation": {"angle": 0, "axis": "y", "origin": [7.5, 8, 8]},
			"faces": {
				"north": {"uv": [15.5, 7.5, 16, 8], "texture": "#side"},
				"east": {"uv": [0, 7.5, 3, 8], "texture": "#side"},
				"south": {"uv": [15.5, 7.5, 16, 8], "texture": "#side"},
				"down": {"uv": [13, 7.5, 16, 8], "rotation": 270, "texture": "#side"}
			}
		},
		{
			"from": [3.5, 12, 0],
			"to": [4, 12.5, 3],
			"rotation": {"angle": 0, "axis": "z", "origin": [4, 3.5, 8]},
			"faces": {
				"north": {"uv": [16, 7.5, 15.5, 8], "rotation": 90, "texture": "#side"},
				"east": {"uv": [16, 7.5, 13, 8], "rotation": 180, "texture": "#side"},
				"south": {"uv": [16, 7.5, 15.5, 8], "rotation": 270, "texture": "#side"},
				"up": {"uv": [3, 7.5, 0, 8], "rotation": 270, "texture": "#side"}
			}
		},
		{
			"from": [12, 12, 13],
			"to": [12.5, 12.5, 16],
			"rotation": {"angle": 0, "axis": "y", "origin": [12, 3.5, 8]},
			"faces": {
				"north": {"uv": [16, 7.5, 15.5, 8], "rotation": 270, "texture": "#side"},
				"south": {"uv": [16, 7.5, 15.5, 8], "rotation": 90, "texture": "#side"},
				"west": {"uv": [16, 7.5, 13, 8], "rotation": 180, "texture": "#side"},
				"up": {"uv": [3, 7.5, 0, 8], "rotation": 90, "texture": "#side"}
			}
		},
		{
			"from": [3.5, 9, -0.5],
			"to": [4, 12, 0],
			"faces": {
				"north": {"uv": [12, 4, 12.5, 7], "texture": "#side"},
				"east": {"uv": [12, 4, 12.5, 7], "texture": "#side"},
				"up": {"uv": [12, 4, 12.5, 4.5], "texture": "#side"},
				"down": {"uv": [12, 6.5, 12.5, 7], "texture": "#side"}
			}
		},
		{
			"from": [3.5, 9, 16],
			"to": [4, 12, 16.5],
			"rotation": {"angle": 0, "axis": "y", "origin": [8, 8, 24.5]},
			"faces": {
				"east": {"uv": [12, 4, 12.5, 7], "texture": "#side"},
				"south": {"uv": [3.5, 4, 4, 7], "texture": "#side"},
				"up": {"uv": [12, 4, 12.5, 4.5], "texture": "#side"},
				"down": {"uv": [12, 6.5, 12.5, 7], "texture": "#side"}
			}
		},
		{
			"from": [-0.5, 9, 3.5],
			"to": [0, 12, 4],
			"rotation": {"angle": 0, "axis": "y", "origin": [-9, 8, 8]},
			"faces": {
				"south": {"uv": [12, 4, 12.5, 7], "texture": "#side"},
				"west": {"uv": [3.5, 4, 4, 7], "texture": "#side"},
				"up": {"uv": [12, 4, 12.5, 4.5], "rotation": 90, "texture": "#side"},
				"down": {"uv": [12, 6.5, 12.5, 7], "rotation": 270, "texture": "#side"}
			}
		},
		{
			"from": [16, 9, 3.5],
			"to": [16.5, 12, 4],
			"rotation": {"angle": 0, "axis": "y", "origin": [7.5, 8, 8]},
			"faces": {
				"east": {"uv": [12, 4, 12.5, 7], "texture": "#side"},
				"south": {"uv": [12, 4, 12.5, 7], "texture": "#side"},
				"up": {"uv": [12, 4, 12.5, 4.5], "rotation": 90, "texture": "#side"},
				"down": {"uv": [12, 6.5, 12.5, 7], "rotation": 270, "texture": "#side"}
			}
		},
		{
			"from": [0, 12, 12],
			"to": [3, 12.5, 12.5],
			"rotation": {"angle": 0, "axis": "z", "origin": [4, 3.5, 8]},
			"faces": {
				"north": {"uv": [12.5, 4, 12, 7], "rotation": 90, "texture": "#side"},
				"east": {"uv": [12.5, 6.5, 12, 7], "rotation": 180, "texture": "#side"},
				"west": {"uv": [12.5, 4, 12, 4.5], "texture": "#side"},
				"up": {"uv": [12.5, 4, 12, 7], "rotation": 270, "texture": "#side"}
			}
		},
		{
			"from": [13, 12, 3.5],
			"to": [16, 12.5, 4],
			"rotation": {"angle": 0, "axis": "y", "origin": [12, 3.5, 8]},
			"faces": {
				"east": {"uv": [12.5, 4, 12, 4.5], "texture": "#side"},
				"south": {"uv": [12.5, 4, 12, 7], "rotation": 90, "texture": "#side"},
				"west": {"uv": [12.5, 6.5, 12, 7], "rotation": 180, "texture": "#side"},
				"up": {"uv": [12.5, 4, 12, 7], "rotation": 90, "texture": "#side"}
			}
		},
		{
			"from": [12, 9, -0.5],
			"to": [12.5, 12, 0],
			"rotation": {"angle": 0, "axis": "y", "origin": [20.5, 8, 8]},
			"faces": {
				"north": {"uv": [3.5, 4, 4, 7], "texture": "#side"},
				"west": {"uv": [3.5, 4, 4, 7], "texture": "#side"},
				"up": {"uv": [12, 4, 12.5, 4.5], "texture": "#side"},
				"down": {"uv": [12, 6.5, 12.5, 7], "texture": "#side"}
			}
		},
		{
			"from": [12, 9, 16],
			"to": [12.5, 12, 16.5],
			"rotation": {"angle": 0, "axis": "y", "origin": [20.5, 8, 24.5]},
			"faces": {
				"south": {"uv": [12, 4, 12.5, 7], "texture": "#side"},
				"west": {"uv": [3.5, 4, 4, 7], "texture": "#side"},
				"up": {"uv": [12, 4, 12.5, 4.5], "texture": "#side"},
				"down": {"uv": [12, 6.5, 12.5, 7], "texture": "#side"}
			}
		},
		{
			"from": [-0.5, 9, 12],
			"to": [0, 12, 12.5],
			"rotation": {"angle": 0, "axis": "y", "origin": [-9, 8, 8]},
			"faces": {
				"north": {"uv": [3.5, 4, 4, 7], "texture": "#side"},
				"west": {"uv": [12, 4, 12.5, 7], "texture": "#side"},
				"up": {"uv": [12, 4, 12.5, 4.5], "rotation": 90, "texture": "#side"},
				"down": {"uv": [12, 6.5, 12.5, 7], "rotation": 270, "texture": "#side"}
			}
		},
		{
			"from": [16, 9, 12],
			"to": [16.5, 12, 12.5],
			"rotation": {"angle": 0, "axis": "y", "origin": [7.5, 8, 8]},
			"faces": {
				"north": {"uv": [3.5, 4, 4, 7], "texture": "#side"},
				"east": {"uv": [3.5, 4, 4, 7], "texture": "#side"},
				"up": {"uv": [12, 4, 12.5, 4.5], "rotation": 90, "texture": "#side"},
				"down": {"uv": [12, 6.5, 12.5, 7], "rotation": 270, "texture": "#side"}
			}
		},
		{
			"from": [0, 12, 3.5],
			"to": [3, 12.5, 4],
			"rotation": {"angle": 0, "axis": "z", "origin": [4, 3.5, 8]},
			"faces": {
				"east": {"uv": [12.5, 6.5, 12, 7], "rotation": 180, "texture": "#side"},
				"south": {"uv": [4, 4, 3.5, 7], "rotation": 270, "texture": "#side"},
				"west": {"uv": [12.5, 4, 12, 4.5], "texture": "#side"},
				"up": {"uv": [4, 4, 3.5, 7], "rotation": 270, "texture": "#side"}
			}
		},
		{
			"from": [13, 12, 12],
			"to": [16, 12.5, 12.5],
			"rotation": {"angle": 0, "axis": "y", "origin": [12, 3.5, 8]},
			"faces": {
				"north": {"uv": [4, 4, 3.5, 7], "rotation": 270, "texture": "#side"},
				"east": {"uv": [12.5, 4, 12, 4.5], "texture": "#side"},
				"west": {"uv": [12.5, 6.5, 12, 7], "rotation": 180, "texture": "#side"},
				"up": {"uv": [4, 4, 3.5, 7], "rotation": 90, "texture": "#side"}
			}
		},
		{
			"from": [4, 10, -0.25],
			"to": [12, 12, 0],
			"faces": {
				"north": {"uv": [4, 4, 12, 6], "texture": "#side"},
				"up": {"uv": [4, 4, 12, 4.25], "texture": "#side"},
				"down": {"uv": [4, 5.5, 12, 5.75], "texture": "#side"}
			}
		},
		{
			"from": [16, 10, 4],
			"to": [16.25, 12, 12],
			"faces": {
				"east": {"uv": [4, 4, 12, 6], "texture": "#side"},
				"up": {"uv": [4, 4, 12, 4.25], "rotation": 90, "texture": "#side"},
				"down": {"uv": [4, 5.5, 12, 5.75], "rotation": 270, "texture": "#side"}
			}
		},
		{
			"from": [4, 10, 16],
			"to": [12, 12, 16.25],
			"faces": {
				"south": {"uv": [4, 4, 12, 6], "texture": "#side"},
				"up": {"uv": [4, 4, 12, 4.25], "rotation": 180, "texture": "#side"},
				"down": {"uv": [4, 5.5, 12, 5.75], "rotation": 180, "texture": "#side"}
			}
		},
		{
			"from": [-0.25, 10, 4],
			"to": [0, 12, 12],
			"faces": {
				"west": {"uv": [4, 4, 12, 6], "texture": "#side"},
				"up": {"uv": [4, 4, 12, 4.25], "rotation": 270, "texture": "#side"},
				"down": {"uv": [4, 5.5, 12, 5.75], "rotation": 90, "texture": "#side"}
			}
		},
		{
			"from": [4.5, 9.5, -0.25],
			"to": [11.5, 10, 0],
			"faces": {
				"north": {"uv": [4.5, 6, 11.5, 6.5], "texture": "#side"},
				"east": {"uv": [4.5, 6, 4.75, 6.5], "texture": "#side"},
				"west": {"uv": [11, 6, 11.25, 6.5], "texture": "#side"},
				"down": {"uv": [4.5, 6, 11.5, 6.25], "texture": "#side"}
			}
		},
		{
			"from": [16, 9.5, 4.5],
			"to": [16.25, 10, 11.5],
			"faces": {
				"north": {"uv": [11, 6, 11.25, 6.5], "texture": "#side"},
				"east": {"uv": [4.5, 6, 11.5, 6.5], "texture": "#side"},
				"south": {"uv": [4.5, 6, 4.75, 6.5], "texture": "#side"},
				"down": {"uv": [4.5, 6, 11.5, 6.25], "rotation": 270, "texture": "#side"}
			}
		},
		{
			"from": [4.5, 9.5, 16],
			"to": [11.5, 10, 16.25],
			"faces": {
				"east": {"uv": [11, 6, 11.25, 6.5], "texture": "#side"},
				"south": {"uv": [4.5, 6, 11.5, 6.5], "texture": "#side"},
				"west": {"uv": [4.5, 6, 4.75, 6.5], "texture": "#side"},
				"down": {"uv": [4.5, 6, 11.5, 6.25], "rotation": 180, "texture": "#side"}
			}
		},
		{
			"from": [-0.25, 9.5, 4.5],
			"to": [0, 10, 11.5],
			"faces": {
				"north": {"uv": [4.5, 6, 4.75, 6.5], "texture": "#side"},
				"south": {"uv": [11, 6, 11.25, 6.5], "texture": "#side"},
				"west": {"uv": [4.5, 6, 11.5, 6.5], "texture": "#side"},
				"down": {"uv": [4.5, 6, 11.5, 6.25], "rotation": 90, "texture": "#side"}
			}
		},
		{
			"from": [5, 9, -0.25],
			"to": [11, 9.5, 0],
			"faces": {
				"north": {"uv": [5, 6.5, 11, 7], "texture": "#side"},
				"east": {"uv": [5, 6.5, 5.25, 7], "texture": "#side"},
				"west": {"uv": [1, 1, 1.25, 1.5], "texture": "#side"},
				"down": {"uv": [5, 6.5, 11, 6.75], "texture": "#side"}
			}
		},
		{
			"from": [16, 9, 5],
			"to": [16.25, 9.5, 11],
			"faces": {
				"north": {"uv": [1, 1, 1.25, 1.5], "texture": "#side"},
				"east": {"uv": [5, 6.5, 11, 7], "texture": "#side"},
				"south": {"uv": [5, 6.5, 5.25, 7], "texture": "#side"},
				"down": {"uv": [5, 6.5, 11, 6.75], "rotation": 270, "texture": "#side"}
			}
		},
		{
			"from": [5, 9, 16],
			"to": [11, 9.5, 16.25],
			"faces": {
				"east": {"uv": [1, 1, 1.25, 1.5], "texture": "#side"},
				"south": {"uv": [5, 6.5, 11, 7], "texture": "#side"},
				"west": {"uv": [5, 6.5, 5.25, 7], "texture": "#side"},
				"down": {"uv": [5, 6.5, 11, 6.75], "rotation": 180, "texture": "#side"}
			}
		},
		{
			"from": [-0.25, 9, 5],
			"to": [0, 9.5, 11],
			"faces": {
				"north": {"uv": [5, 6.5, 5.25, 7], "texture": "#side"},
				"south": {"uv": [1, 1, 1.25, 1.5], "texture": "#side"},
				"west": {"uv": [5, 6.5, 11, 7], "texture": "#side"},
				"down": {"uv": [5, 6.5, 11, 6.75], "rotation": 90, "texture": "#side"}
			}
		},
		{
			"from": [5.5, 8.5, -0.25],
			"to": [10.5, 9, 0],
			"faces": {
				"north": {"uv": [5.5, 7, 10.5, 7.5], "texture": "#side"},
				"east": {"uv": [5.5, 7, 5.75, 7.5], "texture": "#side"},
				"west": {"uv": [4.5, 6, 4.75, 6.5], "texture": "#side"},
				"down": {"uv": [5.5, 7, 10.5, 7.25], "texture": "#side"}
			}
		},
		{
			"from": [16, 8.5, 5.5],
			"to": [16.25, 9, 10.5],
			"faces": {
				"north": {"uv": [4.5, 6, 4.75, 6.5], "texture": "#side"},
				"east": {"uv": [5.5, 7, 10.5, 7.5], "texture": "#side"},
				"south": {"uv": [5.5, 7, 5.75, 7.5], "texture": "#side"},
				"down": {"uv": [5.5, 7, 10.5, 7.25], "rotation": 270, "texture": "#side"}
			}
		},
		{
			"from": [5.5, 8.5, 16],
			"to": [10.5, 9, 16.25],
			"faces": {
				"east": {"uv": [4.5, 6, 4.75, 6.5], "texture": "#side"},
				"south": {"uv": [5.5, 7, 10.5, 7.5], "texture": "#side"},
				"west": {"uv": [5.5, 7, 5.75, 7.5], "texture": "#side"},
				"down": {"uv": [5.5, 7, 10.5, 7.25], "rotation": 180, "texture": "#side"}
			}
		},
		{
			"from": [-0.25, 8.5, 5.5],
			"to": [0, 9, 10.5],
			"faces": {
				"north": {"uv": [5.5, 7, 5.75, 7.5], "texture": "#side"},
				"south": {"uv": [4.5, 6, 4.75, 6.5], "texture": "#side"},
				"west": {"uv": [5.5, 7, 10.5, 7.5], "texture": "#side"},
				"down": {"uv": [5.5, 7, 10.5, 7.25], "rotation": 90, "texture": "#side"}
			}
		},
		{
			"from": [6, 8, -0.25],
			"to": [10, 8.5, 0],
			"faces": {
				"north": {"uv": [6, 7.5, 10, 8], "texture": "#side"},
				"east": {"uv": [6, 7.5, 6.25, 8], "texture": "#side"},
				"west": {"uv": [4.5, 6, 4.75, 6.5], "texture": "#side"},
				"down": {"uv": [6, 7.5, 10, 7.75], "texture": "#side"}
			}
		},
		{
			"from": [16, 8, 6],
			"to": [16.25, 8.5, 10],
			"faces": {
				"north": {"uv": [4.5, 6, 4.75, 6.5], "texture": "#side"},
				"east": {"uv": [6, 7.5, 10, 8], "texture": "#side"},
				"south": {"uv": [6, 7.5, 6.25, 8], "texture": "#side"},
				"down": {"uv": [6, 7.5, 10, 7.75], "rotation": 270, "texture": "#side"}
			}
		},
		{
			"from": [6, 8, 16],
			"to": [10, 8.5, 16.25],
			"faces": {
				"east": {"uv": [4.5, 6, 4.75, 6.5], "texture": "#side"},
				"south": {"uv": [6, 7.5, 10, 8], "texture": "#side"},
				"west": {"uv": [6, 7.5, 6.25, 8], "texture": "#side"},
				"down": {"uv": [6, 7.5, 10, 7.75], "rotation": 180, "texture": "#side"}
			}
		},
		{
			"from": [-0.25, 8, 6],
			"to": [0, 8.5, 10],
			"faces": {
				"north": {"uv": [6, 7.5, 6.25, 8], "texture": "#side"},
				"south": {"uv": [4.5, 6, 4.75, 6.5], "texture": "#side"},
				"west": {"uv": [6, 7.5, 10, 8], "texture": "#side"},
				"down": {"uv": [6, 7.5, 10, 7.75], "rotation": 90, "texture": "#side"}
			}
		},
		{
			"from": [6.5, 7.5, -0.25],
			"to": [9.5, 8, 0],
			"faces": {
				"north": {"uv": [6.5, 8, 9.5, 8.5], "texture": "#side"},
				"east": {"uv": [6.5, 8, 6.75, 8.5], "texture": "#side"},
				"west": {"uv": [4.5, 6, 4.75, 6.5], "texture": "#side"},
				"down": {"uv": [6.5, 8, 9.5, 8.25], "texture": "#side"}
			}
		},
		{
			"from": [16, 7.5, 6.5],
			"to": [16.25, 8, 9.5],
			"faces": {
				"north": {"uv": [4.5, 6, 4.75, 6.5], "texture": "#side"},
				"east": {"uv": [6.5, 8, 9.5, 8.5], "texture": "#side"},
				"south": {"uv": [6.5, 8, 6.75, 8.5], "texture": "#side"},
				"down": {"uv": [6.5, 8, 9.5, 8.25], "rotation": 270, "texture": "#side"}
			}
		},
		{
			"from": [6.5, 7.5, 16],
			"to": [9.5, 8, 16.25],
			"faces": {
				"east": {"uv": [4.5, 6, 4.75, 6.5], "texture": "#side"},
				"south": {"uv": [6.5, 8, 9.5, 8.5], "texture": "#side"},
				"west": {"uv": [6.5, 8, 6.75, 8.5], "texture": "#side"},
				"down": {"uv": [6.5, 8, 9.5, 8.25], "rotation": 180, "texture": "#side"}
			}
		},
		{
			"from": [-0.25, 7.5, 6.5],
			"to": [0, 8, 9.5],
			"faces": {
				"north": {"uv": [6.5, 8, 6.75, 8.5], "texture": "#side"},
				"south": {"uv": [4.5, 6, 4.75, 6.5], "texture": "#side"},
				"west": {"uv": [6.5, 8, 9.5, 8.5], "texture": "#side"},
				"down": {"uv": [6.5, 8, 9.5, 8.25], "rotation": 90, "texture": "#side"}
			}
		},
		{
			"from": [7, 7, -0.25],
			"to": [9, 7.5, 0],
			"faces": {
				"north": {"uv": [7, 8.5, 9, 9], "texture": "#side"},
				"east": {"uv": [7, 8.5, 7.25, 9], "texture": "#side"},
				"west": {"uv": [4.5, 6, 4.75, 6.5], "texture": "#side"},
				"down": {"uv": [7, 8.5, 9, 8.75], "texture": "#side"}
			}
		},
		{
			"from": [16, 7, 7],
			"to": [16.25, 7.5, 9],
			"faces": {
				"north": {"uv": [4.5, 6, 4.75, 6.5], "texture": "#side"},
				"east": {"uv": [7, 8.5, 9, 9], "texture": "#side"},
				"south": {"uv": [7, 8.5, 7.25, 9], "texture": "#side"},
				"down": {"uv": [7, 8.5, 9, 8.75], "rotation": 270, "texture": "#side"}
			}
		},
		{
			"from": [7, 7, 16],
			"to": [9, 7.5, 16.25],
			"faces": {
				"east": {"uv": [4.5, 6, 4.75, 6.5], "texture": "#side"},
				"south": {"uv": [7, 8.5, 9, 9], "texture": "#side"},
				"west": {"uv": [7, 8.5, 7.25, 9], "texture": "#side"},
				"down": {"uv": [7, 8.5, 9, 8.75], "rotation": 180, "texture": "#side"}
			}
		},
		{
			"from": [-0.25, 7, 7],
			"to": [0, 7.5, 9],
			"faces": {
				"north": {"uv": [7, 8.5, 7.25, 9], "texture": "#side"},
				"south": {"uv": [4.5, 6, 4.75, 6.5], "texture": "#side"},
				"west": {"uv": [7, 8.5, 9, 9], "texture": "#side"},
				"down": {"uv": [7, 8.5, 9, 8.75], "rotation": 90, "texture": "#side"}
			}
		},
		{
			"from": [4, 12, 0],
			"to": [12, 12.25, 16],
			"faces": {
				"north": {"uv": [4, 0, 12, 0.25], "texture": "#top"},
				"south": {"uv": [4, 15.5, 12, 15.75], "texture": "#top"},
				"up": {"uv": [4, 0, 12, 16], "texture": "#top"}
			}
		},
		{
			"from": [3.5, 12, 3],
			"to": [4, 12.25, 13],
			"faces": {
				"up": {"uv": [3.5, 3, 4, 13], "texture": "#top"}
			}
		},
		{
			"from": [12, 12, 3],
			"to": [12.5, 12.25, 13],
			"faces": {
				"up": {"uv": [12, 3, 12.5, 13], "texture": "#top"}
			}
		},
		{
			"from": [3, 12, 3.5],
			"to": [3.5, 12.25, 12.5],
			"faces": {
				"up": {"uv": [3, 3.5, 3.5, 12.5], "texture": "#top"}
			}
		},
		{
			"from": [12.5, 12, 3.5],
			"to": [13, 12.25, 12.5],
			"faces": {
				"up": {"uv": [12.5, 3.5, 13, 12.5], "texture": "#top"}
			}
		},
		{
			"from": [0, 12, 4],
			"to": [3, 12.25, 12],
			"faces": {
				"west": {"uv": [4, 0, 11.608, 0.412], "texture": "#top"},
				"up": {"uv": [0, 4, 3, 12], "texture": "#top"}
			}
		},
		{
			"from": [13, 12, 4],
			"to": [16, 12.25, 12],
			"faces": {
				"east": {"uv": [5, 15.5, 12, 16], "texture": "#top"},
				"up": {"uv": [13, 4, 16, 12], "texture": "#top"}
			}
		}
	]
}