{
	"credit": "Designed by Progical",
	"ambientocclusion": false,
	"textures": {
		"0": "blocks/pumpkin_face_off",
		"1": "blocks/pumpkin_side",
		"2": "blocks/pumpkin_top",
		"3": "blocks/pumpkin_bottom",
		"4": "blocks/pumpkin_top_2",
		"particle": "blocks/pumpkin_face_off"
	},
	"elements": [
		{
			"name": "carved_pumpkin_0",
			"from": [12, 12.5, 0],
			"to": [16, 16, 0.5],
			"rotation": {"angle": 0, "axis": "y", "origin": [8, 8, -7.5]},
			"faces": {
				"north": {"uv": [0, 0, 4, 3.5], "texture": "#0", "cullface": "north"},
				"east": {"uv": [15.5, 0, 16, 3.5], "texture": "#1", "cullface": "east"},
				"west": {"uv": [3.5, 0, 4, 3.5], "texture": "#0", "cullface": "north"},
				"up": {"uv": [0, 15.5, 4, 16], "rotation": 180, "texture": "#4", "cullface": "up"},
				"down": {"uv": [0, 3, 4, 3.5], "rotation": 180, "texture": "#0", "cullface": "north"}
			}
		},
		{
			"name": "carved_pumpkin_1",
			"from": [0, 14, 0],
			"to": [12, 16, 0.5],
			"rotation": {"angle": 0, "axis": "y", "origin": [8, 8, -7.5]},
			"faces": {
				"north": {"uv": [4, 0, 16, 2], "texture": "#0", "cullface": "north"},
				"west": {"uv": [0, 0, 0.5, 2], "texture": "#1", "cullface": "west"},
				"up": {"uv": [4, 15.5, 16, 16], "rotation": 180, "texture": "#4", "cullface": "up"},
				"down": {"uv": [4, 1.5, 16, 2], "rotation": 180, "texture": "#0", "cullface": "north"}
			}
		},
		{
			"name": "carved_pumpkin_2",
			"from": [11.5, 13.5, 0],
			"to": [12, 14, 0.5],
			"rotation": {"angle": 0, "axis": "y", "origin": [8, 8, -7.5]},
			"faces": {
				"north": {"uv": [4, 2, 4.5, 2.5], "texture": "#0", "cullface": "north"},
				"west": {"uv": [4, 2, 4.5, 2.5], "texture": "#0", "cullface": "north"},
				"down": {"uv": [4, 2, 4.5, 2.5], "rotation": 180, "texture": "#0", "cullface": "north"}
			}
		},
		{
			"name": "carved_pumpkin_3",
			"from": [6, 13.5, 0],
			"to": [10, 14, 0.5],
			"rotation": {"angle": 0, "axis": "y", "origin": [8, 8, -7.5]},
			"faces": {
				"north": {"uv": [6, 2, 10, 2.5], "texture": "#0", "cullface": "north"},
				"east": {"uv": [6, 2, 6.5, 2.5], "texture": "#0", "cullface": "north"},
				"west": {"uv": [9.5, 2, 10, 2.5], "texture": "#0", "cullface": "north"},
				"down": {"uv": [6, 2, 10, 2.5], "rotation": 180, "texture": "#0", "cullface": "north"}
			}
		},
		{
			"name": "carved_pumpkin_4",
			"from": [0, 13.5, 0],
			"to": [5, 14, 0.5],
			"rotation": {"angle": 0, "axis": "y", "origin": [8, 8, -7.5]},
			"faces": {
				"north": {"uv": [11, 2, 16, 2.5], "texture": "#0", "cullface": "north"},
				"east": {"uv": [11, 2, 11.5, 2.5], "texture": "#0", "cullface": "north"},
				"west": {"uv": [0, 2, 0.5, 2.5], "texture": "#1", "cullface": "west"},
				"down": {"uv": [11, 2, 16, 2.5], "rotation": 180, "texture": "#0", "cullface": "north"}
			}
		},
		{
			"name": "carved_pumpkin_5",
			"from": [6.5, 13, 0],
			"to": [9.5, 13.5, 0.5],
			"rotation": {"angle": 0, "axis": "y", "origin": [8, 8, -7.5]},
			"faces": {
				"north": {"uv": [6.5, 2.5, 9.5, 3], "texture": "#0", "cullface": "north"},
				"east": {"uv": [6.5, 2.5, 7, 3], "texture": "#0", "cullface": "north"},
				"west": {"uv": [9, 2.5, 9.5, 3], "texture": "#0", "cullface": "north"},
				"down": {"uv": [6.5, 2.5, 9.5, 3], "rotation": 180, "texture": "#0", "cullface": "north"}
			}
		},
		{
			"name": "carved_pumpkin_6",
			"from": [0, 13, 0],
			"to": [4.5, 13.5, 0.5],
			"rotation": {"angle": 0, "axis": "y", "origin": [8, 8, -7.5]},
			"faces": {
				"north": {"uv": [11.5, 2.5, 16, 3], "texture": "#0", "cullface": "north"},
				"east": {"uv": [11.5, 2.5, 12, 3], "texture": "#0", "cullface": "north"},
				"west": {"uv": [0, 2.5, 0.5, 3], "texture": "#1", "cullface": "west"},
				"down": {"uv": [11.5, 2.5, 16, 3], "rotation": 180, "texture": "#0", "cullface": "north"}
			}
		},
		{
			"name": "carved_pumpkin_7",
			"from": [7, 7, 0],
			"to": [9, 13, 0.5],
			"rotation": {"angle": 0, "axis": "y", "origin": [8, 8, -7.5]},
			"faces": {
				"north": {"uv": [7, 3, 9, 9], "texture": "#0", "cullface": "north"},
				"east": {"uv": [7, 3, 7.5, 9], "texture": "#0", "cullface": "north"},
				"west": {"uv": [8.5, 3, 9, 9], "texture": "#0", "cullface": "north"},
				"down": {"uv": [7, 8.5, 9, 9], "rotation": 180, "texture": "#0", "cullface": "north"}
			}
		},
		{
			"name": "carved_pumpkin_8",
			"from": [6.5, 12.5, 0],
			"to": [7, 13, 0.5],
			"rotation": {"angle": 0, "axis": "y", "origin": [8, 8, -7.5]},
			"faces": {
				"north": {"uv": [9, 3, 9.5, 3.5], "texture": "#0", "cullface": "north"},
				"west": {"uv": [9, 3, 9.5, 3.5], "texture": "#0", "cullface": "north"},
				"down": {"uv": [9, 3, 9.5, 3.5], "rotation": 180, "texture": "#0", "cullface": "north"}
			}
		},
		{
			"name": "carved_pumpkin_9",
			"from": [0, 12.5, 0],
			"to": [4, 13, 0.5],
			"rotation": {"angle": 0, "axis": "y", "origin": [8, 8, -7.5]},
			"faces": {
				"north": {"uv": [12, 3, 16, 3.5], "texture": "#0", "cullface": "north"},
				"east": {"uv": [12, 3, 12.5, 3.5], "texture": "#0", "cullface": "north"},
				"west": {"uv": [0, 3, 0.5, 3.5], "texture": "#1", "cullface": "west"},
				"down": {"uv": [12, 3, 16, 3.5], "rotation": 180, "texture": "#0", "cullface": "north"}
			}
		},
		{
			"name": "carved_pumpkin_10",
			"from": [13, 6.5, 0],
			"to": [16, 12.5, 0.5],
			"rotation": {"angle": 0, "axis": "y", "origin": [8, 8, -7.5]},
			"faces": {
				"north": {"uv": [0, 3.5, 3, 9.5], "texture": "#0", "cullface": "north"},
				"east": {"uv": [15.5, 3.5, 16, 9.5], "texture": "#1", "cullface": "east"},
				"west": {"uv": [2.5, 3.5, 3, 9.5], "texture": "#0", "cullface": "north"},
				"down": {"uv": [0, 9, 3, 9.5], "rotation": 180, "texture": "#0", "cullface": "north"}
			}
		},
		{
			"name": "carved_pumpkin_11",
			"from": [12.5, 11, 0],
			"to": [13, 12.5, 0.5],
			"rotation": {"angle": 0, "axis": "y", "origin": [8, 8, -7.5]},
			"faces": {
				"north": {"uv": [3, 3.5, 3.5, 5], "texture": "#0", "cullface": "north"},
				"west": {"uv": [3, 3.5, 3.5, 5], "texture": "#0", "cullface": "north"},
				"down": {"uv": [3, 4.5, 3.5, 5], "rotation": 180, "texture": "#0", "cullface": "north"}
			}
		},
		{
			"name": "carved_pumpkin_12",
			"from": [0, 11.5, 0],
			"to": [3.5, 12.5, 0.5],
			"rotation": {"angle": 0, "axis": "y", "origin": [8, 8, -7.5]},
			"faces": {
				"north": {"uv": [12.5, 3.5, 16, 4.5], "texture": "#0", "cullface": "north"},
				"east": {"uv": [12.5, 3.5, 13, 4.5], "texture": "#0", "cullface": "north"},
				"west": {"uv": [0, 3.5, 0.5, 4.5], "texture": "#1", "cullface": "west"},
				"down": {"uv": [12.5, 4, 16, 4.5], "rotation": 180, "texture": "#0", "cullface": "north"}
			}
		},
		{
			"name": "carved_pumpkin_13",
			"from": [0, 10, 0],
			"to": [3, 11.5, 0.5],
			"rotation": {"angle": 0, "axis": "y", "origin": [8, 8, -7.5]},
			"faces": {
				"north": {"uv": [13, 4.5, 16, 6], "texture": "#0", "cullface": "north"},
				"east": {"uv": [13, 4.5, 13.5, 6], "texture": "#0", "cullface": "north"},
				"west": {"uv": [0, 4.5, 0.5, 6], "texture": "#1", "cullface": "west"},
				"down": {"uv": [13, 5.5, 16, 6], "rotation": 180, "texture": "#0", "cullface": "north"}
			}
		},
		{
			"name": "carved_pumpkin_14",
			"from": [0, 7, 0],
			"to": [2.5, 10, 0.5],
			"rotation": {"angle": 0, "axis": "y", "origin": [8, 8, -7.5]},
			"faces": {
				"north": {"uv": [13.5, 6, 16, 9], "texture": "#0", "cullface": "north"},
				"east": {"uv": [13.5, 6, 14, 9], "texture": "#0", "cullface": "north"},
				"west": {"uv": [0, 6, 0.5, 9], "texture": "#1", "cullface": "west"},
				"down": {"uv": [13.5, 8.5, 16, 9], "rotation": 180, "texture": "#0", "cullface": "north"}
			}
		},
		{
			"name": "carved_pumpkin_15",
			"from": [12.5, 7, 0],
			"to": [13, 9.5, 0.5],
			"rotation": {"angle": 0, "axis": "y", "origin": [8, 8, -7.5]},
			"faces": {
				"north": {"uv": [3, 6.5, 3.5, 9], "texture": "#0", "cullface": "north"},
				"west": {"uv": [3, 6.5, 3.5, 9], "texture": "#0", "cullface": "north"},
				"up": {"uv": [3.5, 6.5, 3, 7], "texture": "#0", "cullface": "north"},
				"down": {"uv": [3, 8.5, 3.5, 9], "rotation": 180, "texture": "#0", "cullface": "north"}
			}
		},
		{
			"name": "carved_pumpkin_16",
			"from": [9, 6, 0],
			"to": [9.5, 9.5, 0.5],
			"rotation": {"angle": 0, "axis": "y", "origin": [8, 8, -7.5]},
			"faces": {
				"north": {"uv": [6.5, 6.5, 7, 10], "texture": "#0", "cullface": "north"},
				"east": {"uv": [6.5, 6.5, 7, 10], "texture": "#0", "cullface": "north"},
				"up": {"uv": [7, 6.5, 6.5, 7], "texture": "#0", "cullface": "north"},
				"down": {"uv": [6.5, 9.5, 7, 10], "rotation": 180, "texture": "#0", "cullface": "north"}
			}
		},
		{
			"name": "carved_pumpkin_17",
			"from": [6.5, 6.5, 0],
			"to": [7, 9.5, 0.5],
			"rotation": {"angle": 0, "axis": "y", "origin": [8, 8, -7.5]},
			"faces": {
				"north": {"uv": [9, 6.5, 9.5, 9.5], "texture": "#0", "cullface": "north"},
				"east": {"uv": [9, 6.5, 9.5, 9.5], "texture": "#0", "cullface": "north"},
				"west": {"uv": [9, 6.5, 9.5, 9.5], "texture": "#0", "cullface": "north"},
				"up": {"uv": [9.5, 6.5, 9, 7], "texture": "#0", "cullface": "north"},
				"down": {"uv": [9, 9, 9.5, 9.5], "rotation": 180, "texture": "#0", "cullface": "north"}
			}
		},
		{
			"name": "carved_pumpkin_18",
			"from": [12, 6.5, 0],
			"to": [12.5, 8.5, 0.5],
			"rotation": {"angle": 0, "axis": "y", "origin": [8, 8, -7.5]},
			"faces": {
				"north": {"uv": [3.5, 7.5, 4, 9.5], "texture": "#0", "cullface": "north"},
				"east": {"uv": [3.5, 7.5, 4, 9.5], "texture": "#0", "cullface": "north"},
				"west": {"uv": [3.5, 7.5, 4, 9.5], "texture": "#0", "cullface": "north"},
				"up": {"uv": [4, 7.5, 3.5, 8], "texture": "#0", "cullface": "north"},
				"down": {"uv": [3.5, 9, 4, 9.5], "rotation": 180, "texture": "#0", "cullface": "north"}
			}
		},
		{
			"name": "carved_pumpkin_19",
			"from": [9.5, 6.5, 0],
			"to": [10, 8.5, 0.5],
			"rotation": {"angle": 0, "axis": "y", "origin": [8, 8, -7.5]},
			"faces": {
				"north": {"uv": [6, 7.5, 6.5, 9.5], "texture": "#0", "cullface": "north"},
				"east": {"uv": [6, 7.5, 6.5, 9.5], "texture": "#0", "cullface": "north"},
				"up": {"uv": [6.5, 7.5, 6, 8], "texture": "#0", "cullface": "north"},
				"down": {"uv": [6, 9, 6.5, 9.5], "rotation": 180, "texture": "#0", "cullface": "north"}
			}
		},
		{
			"name": "carved_pumpkin_20",
			"from": [6, 6, 0],
			"to": [6.5, 8.5, 0.5],
			"rotation": {"angle": 0, "axis": "y", "origin": [8, 8, -7.5]},
			"faces": {
				"north": {"uv": [9.5, 7.5, 10, 10], "texture": "#0", "cullface": "north"},
				"east": {"uv": [9.5, 7.5, 10, 10], "texture": "#0", "cullface": "north"},
				"west": {"uv": [9.5, 7.5, 10, 10], "texture": "#0", "cullface": "north"},
				"up": {"uv": [10, 7.5, 9.5, 8], "texture": "#0", "cullface": "north"},
				"down": {"uv": [9.5, 9.5, 10, 10], "rotation": 180, "texture": "#0", "cullface": "north"}
			}
		},
		{
			"name": "carved_pumpkin_21",
			"from": [2.5, 6.5, 0],
			"to": [3, 8.5, 0.5],
			"rotation": {"angle": 0, "axis": "y", "origin": [8, 8, -7.5]},
			"faces": {
				"north": {"uv": [13, 7.5, 13.5, 9.5], "texture": "#0", "cullface": "north"},
				"east": {"uv": [13, 7.5, 13.5, 9.5], "texture": "#0", "cullface": "north"},
				"west": {"uv": [13, 7.5, 13.5, 9.5], "texture": "#0", "cullface": "north"},
				"up": {"uv": [13.5, 7.5, 13, 8], "texture": "#0", "cullface": "north"},
				"down": {"uv": [13, 9, 13.5, 9.5], "rotation": 180, "texture": "#0", "cullface": "north"}
			}
		},
		{
			"name": "carved_pumpkin_22",
			"from": [10, 7, 0],
			"to": [12, 8, 0.5],
			"rotation": {"angle": 0, "axis": "y", "origin": [8, 8, -7.5]},
			"faces": {
				"north": {"uv": [4, 8, 6, 9], "texture": "#0", "cullface": "north"},
				"up": {"uv": [6, 8, 4, 8.5], "texture": "#0", "cullface": "north"},
				"down": {"uv": [4, 8.5, 6, 9], "rotation": 180, "texture": "#0", "cullface": "north"}
			}
		},
		{
			"name": "carved_pumpkin_23",
			"from": [3, 7, 0],
			"to": [6, 8, 0.5],
			"rotation": {"angle": 0, "axis": "y", "origin": [8, 8, -7.5]},
			"faces": {
				"north": {"uv": [10, 8, 13, 9], "texture": "#0", "cullface": "north"},
				"up": {"uv": [13, 8, 10, 8.5], "texture": "#0", "cullface": "north"},
				"down": {"uv": [10, 8.5, 13, 9], "rotation": 180, "texture": "#0", "cullface": "north"}
			}
		},
		{
			"name": "carved_pumpkin_24",
			"from": [11, 6.5, 0],
			"to": [12, 7, 0.5],
			"rotation": {"angle": 0, "axis": "y", "origin": [8, 8, -7.5]},
			"faces": {
				"north": {"uv": [4, 9, 5, 9.5], "texture": "#0", "cullface": "north"},
				"west": {"uv": [4.5, 9, 5, 9.5], "texture": "#0", "cullface": "north"},
				"down": {"uv": [4, 9, 5, 9.5], "rotation": 180, "texture": "#0", "cullface": "north"}
			}
		},
		{
			"name": "carved_pumpkin_25",
			"from": [8, 6, 0],
			"to": [9, 7, 0.5],
			"rotation": {"angle": 0, "axis": "y", "origin": [8, 8, -7.5]},
			"faces": {
				"north": {"uv": [7, 9, 8, 10], "texture": "#0", "cullface": "north"},
				"west": {"uv": [7.5, 9, 8, 10], "texture": "#0", "cullface": "north"},
				"down": {"uv": [7, 9.5, 8, 10], "rotation": 180, "texture": "#0", "cullface": "north"}
			}
		},
		{
			"name": "carved_pumpkin_26",
			"from": [5, 6.5, 0],
			"to": [6, 7, 0.5],
			"rotation": {"angle": 0, "axis": "y", "origin": [8, 8, -7.5]},
			"faces": {
				"north": {"uv": [10, 9, 11, 9.5], "texture": "#0", "cullface": "north"},
				"west": {"uv": [10.5, 9, 11, 9.5], "texture": "#0", "cullface": "north"},
				"down": {"uv": [10, 9, 11, 9.5], "rotation": 180, "texture": "#0", "cullface": "north"}
			}
		},
		{
			"name": "carved_pumpkin_27",
			"from": [3, 6.5, 0],
			"to": [4, 7, 0.5],
			"rotation": {"angle": 0, "axis": "y", "origin": [8, 8, -7.5]},
			"faces": {
				"north": {"uv": [12, 9, 13, 9.5], "texture": "#0", "cullface": "north"},
				"east": {"uv": [12, 9, 12.5, 9.5], "texture": "#0", "cullface": "north"},
				"down": {"uv": [12, 9, 13, 9.5], "rotation": 180, "texture": "#0", "cullface": "north"}
			}
		},
		{
			"name": "carved_pumpkin_28",
			"from": [0, 6, 0],
			"to": [2, 7, 0.5],
			"rotation": {"angle": 0, "axis": "y", "origin": [8, 8, -7.5]},
			"faces": {
				"north": {"uv": [14, 9, 16, 10], "texture": "#0", "cullface": "north"},
				"east": {"uv": [14, 9, 14.5, 10], "texture": "#0", "cullface": "north"},
				"west": {"uv": [0, 9, 0.5, 10], "texture": "#1", "cullface": "west"},
				"down": {"uv": [14, 9.5, 16, 10], "rotation": 180, "texture": "#0", "cullface": "north"}
			}
		},
		{
			"name": "carved_pumpkin_29",
			"from": [14, 0, 0],
			"to": [16, 6.5, 0.5],
			"rotation": {"angle": 0, "axis": "y", "origin": [8, 8, -7.5]},
			"faces": {
				"north": {"uv": [0, 9.5, 2, 16], "texture": "#0", "cullface": "north"},
				"east": {"uv": [15.5, 9.5, 16, 16], "texture": "#1", "cullface": "east"},
				"west": {"uv": [1.5, 9.5, 2, 16], "texture": "#0", "cullface": "north"},
				"down": {"uv": [14, 15.5, 16, 16], "texture": "#3", "cullface": "down"}
			}
		},
		{
			"name": "carved_pumpkin_30",
			"from": [13.5, 6, 0],
			"to": [14, 6.5, 0.5],
			"rotation": {"angle": 0, "axis": "y", "origin": [8, 8, -7.5]},
			"faces": {
				"north": {"uv": [2, 9.5, 2.5, 10], "texture": "#0", "cullface": "north"},
				"west": {"uv": [2, 9.5, 2.5, 10], "texture": "#0", "cullface": "north"},
				"down": {"uv": [2, 9.5, 2.5, 10], "rotation": 180, "texture": "#0", "cullface": "north"}
			}
		},
		{
			"name": "carved_pumpkin_31",
			"from": [11.5, 6, 0],
			"to": [12, 6.5, 0.5],
			"rotation": {"angle": 0, "axis": "y", "origin": [8, 8, -7.5]},
			"faces": {
				"north": {"uv": [4, 9.5, 4.5, 10], "texture": "#0", "cullface": "north"},
				"east": {"uv": [4, 9.5, 4.5, 10], "texture": "#0", "cullface": "north"},
				"west": {"uv": [4, 9.5, 4.5, 10], "texture": "#0", "cullface": "north"},
				"down": {"uv": [4, 9.5, 4.5, 10], "rotation": 180, "texture": "#0", "cullface": "north"}
			}
		},
		{
			"name": "carved_pumpkin_32",
			"from": [5.5, 6, 0],
			"to": [6, 6.5, 0.5],
			"rotation": {"angle": 0, "axis": "y", "origin": [8, 8, -7.5]},
			"faces": {
				"north": {"uv": [10, 9.5, 10.5, 10], "texture": "#0", "cullface": "north"},
				"west": {"uv": [10, 9.5, 10.5, 10], "texture": "#0", "cullface": "north"},
				"down": {"uv": [10, 9.5, 10.5, 10], "rotation": 180, "texture": "#0", "cullface": "north"}
			}
		},
		{
			"name": "carved_pumpkin_33",
			"from": [3, 6, 0],
			"to": [3.5, 6.5, 0.5],
			"rotation": {"angle": 0, "axis": "y", "origin": [8, 8, -7.5]},
			"faces": {
				"north": {"uv": [12.5, 9.5, 13, 10], "texture": "#0", "cullface": "north"},
				"east": {"uv": [12.5, 9.5, 13, 10], "texture": "#0", "cullface": "north"},
				"west": {"uv": [12.5, 9.5, 13, 10], "texture": "#0", "cullface": "north"},
				"down": {"uv": [12.5, 9.5, 13, 10], "rotation": 180, "texture": "#0", "cullface": "north"}
			}
		},
		{
			"name": "carved_pumpkin_34",
			"from": [8.5, 5.5, 0],
			"to": [9, 6, 0.5],
			"rotation": {"angle": 0, "axis": "y", "origin": [8, 8, -7.5]},
			"faces": {
				"north": {"uv": [7, 10, 7.5, 10.5], "texture": "#0", "cullface": "north"},
				"east": {"uv": [7, 10, 7.5, 10.5], "texture": "#0", "cullface": "north"},
				"west": {"uv": [7, 10, 7.5, 10.5], "texture": "#0", "cullface": "north"},
				"down": {"uv": [7, 10, 7.5, 10.5], "rotation": 180, "texture": "#0", "cullface": "north"}
			}
		},
		{
			"name": "carved_pumpkin_35",
			"from": [0, 5, 0],
			"to": [1.5, 6, 0.5],
			"rotation": {"angle": 0, "axis": "y", "origin": [8, 8, -7.5]},
			"faces": {
				"north": {"uv": [14.5, 10, 16, 11], "texture": "#0", "cullface": "north"},
				"east": {"uv": [14.5, 10, 15, 11], "texture": "#0", "cullface": "north"},
				"west": {"uv": [0, 10, 0.5, 11], "texture": "#1", "cullface": "west"},
				"down": {"uv": [14.5, 10.5, 16, 11], "rotation": 180, "texture": "#0", "cullface": "north"}
			}
		},
		{
			"name": "carved_pumpkin_36",
			"from": [0, 0, 0],
			"to": [1, 5, 0.5],
			"rotation": {"angle": 0, "axis": "y", "origin": [8, 8, -7.5]},
			"faces": {
				"north": {"uv": [15, 11, 16, 16], "texture": "#0", "cullface": "north"},
				"east": {"uv": [15, 11, 15.5, 16], "texture": "#0", "cullface": "north"},
				"west": {"uv": [0, 11, 0.5, 16], "texture": "#1", "cullface": "west"},
				"down": {"uv": [0, 15.5, 1, 16], "texture": "#3", "cullface": "down"}
			}
		},
		{
			"name": "carved_pumpkin_37",
			"from": [13.5, 0, 0],
			"to": [14, 4, 0.5],
			"rotation": {"angle": 0, "axis": "y", "origin": [8, 8, -7.5]},
			"faces": {
				"north": {"uv": [2, 12, 2.5, 16], "texture": "#0", "cullface": "north"},
				"west": {"uv": [2, 12, 2.5, 16], "texture": "#0", "cullface": "north"},
				"up": {"uv": [2.5, 12, 2, 12.5], "texture": "#0", "cullface": "north"},
				"down": {"uv": [13.5, 15.5, 14, 16], "texture": "#3", "cullface": "down"}
			}
		},
		{
			"name": "carved_pumpkin_38",
			"from": [10.5, 0, 0],
			"to": [11, 4, 0.5],
			"rotation": {"angle": 0, "axis": "y", "origin": [8, 8, -7.5]},
			"faces": {
				"north": {"uv": [5, 12, 5.5, 16], "texture": "#0", "cullface": "north"},
				"east": {"uv": [5, 12, 5.5, 16], "texture": "#0", "cullface": "north"},
				"west": {"uv": [5, 12, 5.5, 16], "texture": "#0", "cullface": "north"},
				"up": {"uv": [5.5, 12, 5, 12.5], "texture": "#0", "cullface": "north"},
				"down": {"uv": [10.5, 15.5, 11, 16], "texture": "#3", "cullface": "down"}
			}
		},
		{
			"name": "carved_pumpkin_39",
			"from": [7.5, 0, 0],
			"to": [8, 4, 0.5],
			"rotation": {"angle": 0, "axis": "y", "origin": [8, 8, -7.5]},
			"faces": {
				"north": {"uv": [8, 12, 8.5, 16], "texture": "#0", "cullface": "north"},
				"east": {"uv": [8, 12, 8.5, 16], "texture": "#0", "cullface": "north"},
				"west": {"uv": [8, 12, 8.5, 16], "texture": "#0", "cullface": "north"},
				"up": {"uv": [8.5, 12, 8, 12.5], "texture": "#0", "cullface": "north"},
				"down": {"uv": [7.5, 15.5, 8, 16], "texture": "#3", "cullface": "down"}
			}
		},
		{
			"name": "carved_pumpkin_40",
			"from": [3.5, 0, 0],
			"to": [4, 4, 0.5],
			"rotation": {"angle": 0, "axis": "y", "origin": [8, 8, -7.5]},
			"faces": {
				"north": {"uv": [12, 12, 12.5, 16], "texture": "#0", "cullface": "north"},
				"east": {"uv": [12, 12, 12.5, 16], "texture": "#0", "cullface": "north"},
				"west": {"uv": [12, 12, 12.5, 16], "texture": "#0", "cullface": "north"},
				"up": {"uv": [12.5, 12, 12, 12.5], "texture": "#0", "cullface": "north"},
				"down": {"uv": [3.5, 15.5, 4, 16], "texture": "#3", "cullface": "down"}
			}
		},
		{
			"name": "carved_pumpkin_41",
			"from": [11, 0, 0],
			"to": [11.5, 3.5, 0.5],
			"rotation": {"angle": 0, "axis": "y", "origin": [8, 8, -7.5]},
			"faces": {
				"north": {"uv": [4.5, 12.5, 5, 16], "texture": "#0", "cullface": "north"},
				"east": {"uv": [4.5, 12.5, 5, 16], "texture": "#0", "cullface": "north"},
				"up": {"uv": [5, 12.5, 4.5, 13], "texture": "#0", "cullface": "north"},
				"down": {"uv": [11, 15.5, 11.5, 16], "texture": "#3", "cullface": "down"}
			}
		},
		{
			"name": "carved_pumpkin_42",
			"from": [7, 0, 0],
			"to": [7.5, 3.5, 0.5],
			"rotation": {"angle": 0, "axis": "y", "origin": [8, 8, -7.5]},
			"faces": {
				"north": {"uv": [8.5, 12.5, 9, 16], "texture": "#0", "cullface": "north"},
				"west": {"uv": [8.5, 12.5, 9, 16], "texture": "#0", "cullface": "north"},
				"up": {"uv": [9, 12.5, 8.5, 13], "texture": "#0", "cullface": "north"},
				"down": {"uv": [7, 15.5, 7.5, 16], "texture": "#3", "cullface": "down"}
			}
		},
		{
			"name": "carved_pumpkin_43",
			"from": [5.5, 0, 0],
			"to": [6, 3.5, 0.5],
			"rotation": {"angle": 0, "axis": "y", "origin": [8, 8, -7.5]},
			"faces": {
				"north": {"uv": [10, 12.5, 10.5, 16], "texture": "#0", "cullface": "north"},
				"east": {"uv": [10, 12.5, 10.5, 16], "texture": "#0", "cullface": "north"},
				"west": {"uv": [10, 12.5, 10.5, 16], "texture": "#0", "cullface": "north"},
				"up": {"uv": [10.5, 12.5, 10, 13], "texture": "#0", "cullface": "north"},
				"down": {"uv": [5.5, 15.5, 6, 16], "texture": "#3", "cullface": "down"}
			}
		},
		{
			"name": "carved_pumpkin_44",
			"from": [3, 0, 0],
			"to": [3.5, 3.5, 0.5],
			"rotation": {"angle": 0, "axis": "y", "origin": [8, 8, -7.5]},
			"faces": {
				"north": {"uv": [12.5, 12.5, 13, 16], "texture": "#0", "cullface": "north"},
				"west": {"uv": [12.5, 12.5, 13, 16], "texture": "#0", "cullface": "north"},
				"up": {"uv": [13, 12.5, 12.5, 13], "texture": "#0", "cullface": "north"},
				"down": {"uv": [3, 15.5, 3.5, 16], "texture": "#3", "cullface": "down"}
			}
		},
		{
			"name": "carved_pumpkin_45",
			"from": [1, 0, 0],
			"to": [1.5, 3.5, 0.5],
			"rotation": {"angle": 0, "axis": "y", "origin": [8, 8, -7.5]},
			"faces": {
				"north": {"uv": [14.5, 12.5, 15, 16], "texture": "#0", "cullface": "north"},
				"east": {"uv": [14.5, 12.5, 15, 16], "texture": "#0", "cullface": "north"},
				"up": {"uv": [15, 12.5, 14.5, 13], "texture": "#0", "cullface": "north"},
				"down": {"uv": [1, 15.5, 1.5, 16], "texture": "#3", "cullface": "down"}
			}
		},
		{
			"name": "carved_pumpkin_46",
			"from": [13, 0, 0],
			"to": [13.5, 3, 0.5],
			"rotation": {"angle": 0, "axis": "y", "origin": [8, 8, -7.5]},
			"faces": {
				"north": {"uv": [2.5, 13, 3, 16], "texture": "#0", "cullface": "north"},
				"west": {"uv": [2.5, 13, 3, 16], "texture": "#0", "cullface": "north"},
				"up": {"uv": [3, 13, 2.5, 13.5], "texture": "#0", "cullface": "north"},
				"down": {"uv": [13, 15.5, 13.5, 16], "texture": "#3", "cullface": "down"}
			}
		},
		{
			"name": "carved_pumpkin_47",
			"from": [10, 0, 0],
			"to": [10.5, 3, 0.5],
			"rotation": {"angle": 0, "axis": "y", "origin": [8, 8, -7.5]},
			"faces": {
				"north": {"uv": [5.5, 13, 6, 16], "texture": "#0", "cullface": "north"},
				"west": {"uv": [5.5, 13, 6, 16], "texture": "#0", "cullface": "north"},
				"up": {"uv": [6, 13, 5.5, 13.5], "texture": "#0", "cullface": "north"},
				"down": {"uv": [10, 15.5, 10.5, 16], "texture": "#3", "cullface": "down"}
			}
		},
		{
			"name": "carved_pumpkin_48",
			"from": [8, 0, 0],
			"to": [8.5, 3, 0.5],
			"rotation": {"angle": 0, "axis": "y", "origin": [8, 8, -7.5]},
			"faces": {
				"north": {"uv": [7.5, 13, 8, 16], "texture": "#0", "cullface": "north"},
				"east": {"uv": [7.5, 13, 8, 16], "texture": "#0", "cullface": "north"},
				"up": {"uv": [8, 13, 7.5, 13.5], "texture": "#0", "cullface": "north"},
				"down": {"uv": [8, 15.5, 8.5, 16], "texture": "#3", "cullface": "down"}
			}
		},
		{
			"name": "carved_pumpkin_49",
			"from": [6, 0, 0],
			"to": [7, 3, 0.5],
			"rotation": {"angle": 0, "axis": "y", "origin": [8, 8, -7.5]},
			"faces": {
				"north": {"uv": [9, 13, 10, 16], "texture": "#0", "cullface": "north"},
				"up": {"uv": [10, 13, 9, 13.5], "texture": "#0", "cullface": "north"},
				"down": {"uv": [6, 15.5, 7, 16], "texture": "#3", "cullface": "down"}
			}
		},
		{
			"name": "carved_pumpkin_50",
			"from": [5, 0, 0],
			"to": [5.5, 3, 0.5],
			"rotation": {"angle": 0, "axis": "y", "origin": [8, 8, -7.5]},
			"faces": {
				"north": {"uv": [10.5, 13, 11, 16], "texture": "#0", "cullface": "north"},
				"west": {"uv": [10.5, 13, 11, 16], "texture": "#0", "cullface": "north"},
				"up": {"uv": [11, 13, 10.5, 13.5], "texture": "#0", "cullface": "north"},
				"down": {"uv": [5, 15.5, 5.5, 16], "texture": "#3", "cullface": "down"}
			}
		},
		{
			"name": "carved_pumpkin_51",
			"from": [4, 0, 0],
			"to": [4.5, 3, 0.5],
			"rotation": {"angle": 0, "axis": "y", "origin": [8, 8, -7.5]},
			"faces": {
				"north": {"uv": [11.5, 13, 12, 16], "texture": "#0", "cullface": "north"},
				"east": {"uv": [11.5, 13, 12, 16], "texture": "#0", "cullface": "north"},
				"up": {"uv": [12, 13, 11.5, 13.5], "texture": "#0", "cullface": "north"},
				"down": {"uv": [4, 15.5, 4.5, 16], "texture": "#3", "cullface": "down"}
			}
		},
		{
			"name": "carved_pumpkin_52",
			"from": [1.5, 0, 0],
			"to": [3, 3, 0.5],
			"rotation": {"angle": 0, "axis": "y", "origin": [8, 8, -7.5]},
			"faces": {
				"north": {"uv": [13, 13, 14.5, 16], "texture": "#0", "cullface": "north"},
				"up": {"uv": [14.5, 13, 13, 13.5], "texture": "#0", "cullface": "north"},
				"down": {"uv": [1.5, 15.5, 3, 16], "texture": "#3", "cullface": "down"}
			}
		},
		{
			"name": "carved_pumpkin_53",
			"from": [12.5, 0, 0],
			"to": [13, 2.5, 0.5],
			"rotation": {"angle": 0, "axis": "y", "origin": [8, 8, -7.5]},
			"faces": {
				"north": {"uv": [3, 13.5, 3.5, 16], "texture": "#0", "cullface": "north"},
				"west": {"uv": [3, 13.5, 3.5, 16], "texture": "#0", "cullface": "north"},
				"up": {"uv": [3.5, 13.5, 3, 14], "texture": "#0", "cullface": "north"},
				"down": {"uv": [12.5, 15.5, 13, 16], "texture": "#3", "cullface": "down"}
			}
		},
		{
			"name": "carved_pumpkin_54",
			"from": [11.5, 0, 0],
			"to": [12, 2.5, 0.5],
			"rotation": {"angle": 0, "axis": "y", "origin": [8, 8, -7.5]},
			"faces": {
				"north": {"uv": [4, 13.5, 4.5, 16], "texture": "#0", "cullface": "north"},
				"east": {"uv": [4, 13.5, 4.5, 16], "texture": "#0", "cullface": "north"},
				"up": {"uv": [4.5, 13.5, 4, 14], "texture": "#0", "cullface": "north"},
				"down": {"uv": [11.5, 15.5, 12, 16], "texture": "#3", "cullface": "down"}
			}
		},
		{
			"name": "carved_pumpkin_55",
			"from": [8.5, 0, 0],
			"to": [9, 2.5, 0.5],
			"rotation": {"angle": 0, "axis": "y", "origin": [8, 8, -7.5]},
			"faces": {
				"north": {"uv": [7, 13.5, 7.5, 16], "texture": "#0", "cullface": "north"},
				"east": {"uv": [7, 13.5, 7.5, 16], "texture": "#0", "cullface": "north"},
				"up": {"uv": [7.5, 13.5, 7, 14], "texture": "#0", "cullface": "north"},
				"down": {"uv": [8.5, 15.5, 9, 16], "texture": "#3", "cullface": "down"}
			}
		},
		{
			"name": "carved_pumpkin_56",
			"from": [4.5, 0, 0],
			"to": [5, 2.5, 0.5],
			"rotation": {"angle": 0, "axis": "y", "origin": [8, 8, -7.5]},
			"faces": {
				"north": {"uv": [11, 13.5, 11.5, 16], "texture": "#0", "cullface": "north"},
				"up": {"uv": [11.5, 13.5, 11, 14], "texture": "#0", "cullface": "north"},
				"down": {"uv": [4.5, 15.5, 5, 16], "texture": "#3", "cullface": "down"}
			}
		},
		{
			"name": "carved_pumpkin_57",
			"from": [12, 0, 0],
			"to": [12.5, 2, 0.5],
			"rotation": {"angle": 0, "axis": "y", "origin": [8, 8, -7.5]},
			"faces": {
				"north": {"uv": [3.5, 14, 4, 16], "texture": "#0", "cullface": "north"},
				"up": {"uv": [4, 14, 3.5, 14.5], "texture": "#0", "cullface": "north"},
				"down": {"uv": [12, 15.5, 12.5, 16], "texture": "#3", "cullface": "down"}
			}
		},
		{
			"name": "carved_pumpkin_58",
			"from": [9, 0, 0],
			"to": [10, 2, 0.5],
			"rotation": {"angle": 0, "axis": "y", "origin": [8, 8, -7.5]},
			"faces": {
				"north": {"uv": [6, 14, 7, 16], "texture": "#0", "cullface": "north"},
				"up": {"uv": [7, 14, 6, 14.5], "texture": "#0", "cullface": "north"},
				"down": {"uv": [9, 15.5, 10, 16], "texture": "#3", "cullface": "down"}
			}
		},
		{
			"from": [6.5, 16, 7],
			"to": [8.5, 16.5, 9],
			"rotation": {"angle": 0, "axis": "y", "origin": [14.5, 24, 15]},
			"faces": {
				"north": {"uv": [9, 8.5, 9.5, 9], "texture": "#2", "cullface": "up"},
				"east": {"uv": [7.5, 7, 8, 9], "rotation": 270, "texture": "#2", "cullface": "up"},
				"south": {"uv": [7.5, 7, 9.5, 7.5], "rotation": 180, "texture": "#2", "cullface": "up"},
				"west": {"uv": [9, 7, 9.5, 9], "rotation": 90, "texture": "#2", "cullface": "up"},
				"up": {"uv": [7.5, 7, 9.5, 9], "rotation": 180, "texture": "#2", "cullface": "up"}
			}
		},
		{
			"from": [7, 16, 6.5],
			"to": [8.5, 16.5, 7],
			"rotation": {"angle": 0, "axis": "y", "origin": [14.5, 24, 14.5]},
			"faces": {
				"north": {"uv": [7.5, 9, 9, 9.5], "texture": "#2", "cullface": "up"},
				"east": {"uv": [7.5, 9, 8, 9.5], "texture": "#2", "cullface": "up"},
				"west": {"uv": [8.5, 9, 9, 9.5], "texture": "#2", "cullface": "up"},
				"up": {"uv": [7.5, 9, 9, 9.5], "texture": "#2", "cullface": "up"}
			}
		},
		{
			"from": [7, 16.25, 7.5],
			"to": [9, 16.75, 9.5],
			"rotation": {"angle": 0, "axis": "y", "origin": [15, 24, 15.5]},
			"faces": {
				"north": {"uv": [7, 8, 9, 8.5], "texture": "#2", "cullface": "up"},
				"east": {"uv": [7, 6.5, 7.5, 8.5], "rotation": 270, "texture": "#2", "cullface": "up"},
				"south": {"uv": [7, 6.5, 9, 7], "rotation": 180, "texture": "#2", "cullface": "up"},
				"west": {"uv": [8.5, 6.5, 9, 8.5], "rotation": 90, "texture": "#2", "cullface": "up"},
				"up": {"uv": [7, 6.5, 9, 8.5], "rotation": 180, "texture": "#2", "cullface": "up"},
				"down": {"uv": [9, 6.5, 7, 8.5], "texture": "#2", "cullface": "up"}
			}
		},
		{
			"from": [8, 16.5, 8],
			"to": [9.5, 17, 10],
			"rotation": {"angle": 0, "axis": "y", "origin": [15.5, 24.5, 16]},
			"faces": {
				"north": {"uv": [6.5, 7.5, 8, 8], "texture": "#2", "cullface": "up"},
				"east": {"uv": [6.5, 6, 7, 8], "rotation": 270, "texture": "#2", "cullface": "up"},
				"south": {"uv": [6.5, 6, 8, 6.5], "rotation": 180, "texture": "#2", "cullface": "up"},
				"west": {"uv": [7.5, 6, 8, 8], "rotation": 90, "texture": "#2", "cullface": "up"},
				"up": {"uv": [6.5, 6, 8, 8], "rotation": 180, "texture": "#2", "cullface": "up"},
				"down": {"uv": [8, 6, 6.5, 8], "texture": "#2", "cullface": "up"}
			}
		},
		{
			"from": [9, 16.75, 8.5],
			"to": [10, 17.25, 10.5],
			"rotation": {"angle": 0, "axis": "y", "origin": [16, 24.5, 16]},
			"faces": {
				"north": {"uv": [6, 7, 7, 7.5], "texture": "#2", "cullface": "up"},
				"east": {"uv": [6, 5.5, 6.5, 7.5], "rotation": 270, "texture": "#2", "cullface": "up"},
				"south": {"uv": [6, 5.5, 7, 6], "rotation": 180, "texture": "#2", "cullface": "up"},
				"west": {"uv": [6.5, 5.5, 7, 7.5], "rotation": 90, "texture": "#2", "cullface": "up"},
				"up": {"uv": [6, 5.5, 7, 7.5], "rotation": 180, "texture": "#2", "cullface": "up"},
				"down": {"uv": [7, 5.5, 6, 7.5], "texture": "#2", "cullface": "up"}
			}
		},
		{
			"from": [10, 16.75, 9],
			"to": [10.5, 17.25, 9.5],
			"rotation": {"angle": 0, "axis": "y", "origin": [16.5, 24.5, 16]},
			"faces": {
				"north": {"uv": [5.5, 6.5, 6, 7], "texture": "#2", "cullface": "up"},
				"east": {"uv": [5.5, 6.5, 6, 7], "texture": "#2", "cullface": "up"},
				"south": {"uv": [5.5, 6.5, 6, 7], "texture": "#2", "cullface": "up"},
				"up": {"uv": [5.5, 6.5, 6, 7], "texture": "#2", "cullface": "up"},
				"down": {"uv": [5.5, 6.5, 6, 7], "texture": "#2", "cullface": "up"}
			}
		},
		{
			"from": [0, 0, 0.5],
			"to": [16, 16, 16],
			"faces": {
				"north": {"uv": [0, 0, 16, 16], "texture": "#0", "cullface": "north"},
				"east": {"uv": [0, 0, 15.5, 16], "texture": "#1", "cullface": "east"},
				"south": {"uv": [0, 0, 16, 16], "texture": "#1", "cullface": "south"},
				"west": {"uv": [0.5, 0, 16, 16], "texture": "#1", "cullface": "west"},
				"up": {"uv": [0, 0, 16, 15.5], "rotation": 180, "texture": "#4", "cullface": "up"},
				"down": {"uv": [0, 0, 16, 15.5], "texture": "#3", "cullface": "down"}
			}
		}
	],
	"display": {
		"thirdperson_righthand": {
			"rotation": [75, 45, 0],
			"translation": [0, 2.5, 0],
			"scale": [0.375, 0.375, 0.375]
		},
		"thirdperson_lefthand": {
			"rotation": [75, 45, 0],
			"translation": [0, 2.5, 0],
			"scale": [0.375, 0.375, 0.375]
		},
		"firstperson_righthand": {
			"rotation": [0, 45, 0],
			"scale": [0.4, 0.4, 0.4]
		},
		"firstperson_lefthand": {
			"rotation": [0, 225, 0],
			"scale": [0.4, 0.4, 0.4]
		},
		"ground": {
			"translation": [0, 3, 0],
			"scale": [0.25, 0.25, 0.25]
		},
		"gui": {
			"rotation": [30, 225, 0],
			"scale": [0.625, 0.625, 0.625]
		},
		"fixed": {
			"scale": [0.5, 0.5, 0.5]
		}
	},
	"groups": [
		{
			"name": "carved_pumpkin",
			"origin": [8, 8, 8],
			"children": [0, 1, 2, 3, 4, 5, 6, 7, 8, 9, 10, 11, 12, 13, 14, 15, 16, 17, 18, 19, 20, 21, 22, 23, 24, 25, 26, 27, 28, 29, 30, 31, 32, 33, 34, 35, 36, 37, 38, 39, 40, 41, 42, 43, 44, 45, 46, 47, 48, 49, 50, 51, 52, 53, 54, 55, 56, 57, 58]
		},
		{
			"name": "stem",
			"origin": [8, 8, 8],
			"children": [59, 60, 61, 62, 63, 64]
		}, 65]
}