{
	"credit": "Made with Blockbench by Juknum",
	"ambientocclusion": false,
	"textures": {
		"red_mushroom": "blocks/mushroom_block_skin_red",
		"particle": "blocks/mushroom_block_skin_red",
		"inside": "blocks/mushroom_block_inside",
		"stem": "blocks/mushroom_block_skin_stem"
	},
	"elements": [
		{
			"from": [5, 7, 5],
			"to": [11, 7.5, 11],
			"faces": {
				"north": {"uv": [0, 0, 6, 0.5], "texture": "#red_mushroom"},
				"east": {"uv": [0, 0, 6, 0.5], "texture": "#red_mushroom"},
				"south": {"uv": [0, 0, 6, 0.5], "texture": "#red_mushroom"},
				"west": {"uv": [0, 0, 6, 0.5], "texture": "#red_mushroom"},
				"up": {"uv": [9.5, 5, 15.5, 11], "texture": "#red_mushroom"}
			}
		},
		{
			"from": [11, 2.5, 5],
			"to": [12, 6.5, 11],
			"faces": {
				"north": {"uv": [0, 0, 1, 4], "texture": "#red_mushroom"},
				"east": {"uv": [4.5, 11, 10.5, 15], "texture": "#red_mushroom"},
				"south": {"uv": [0, 0, 1, 4], "texture": "#red_mushroom"},
				"west": {"uv": [0, 12, 6, 16], "texture": "#inside"},
				"up": {"uv": [0, 0, 1, 6], "rotation": 180, "texture": "#red_mushroom"},
				"down": {"uv": [0, 0, 1, 6], "texture": "#red_mushroom"}
			}
		},
		{
			"from": [4, 2.5, 5],
			"to": [5, 6.5, 11],
			"faces": {
				"north": {"uv": [0, 0, 1, 4], "texture": "#red_mushroom"},
				"east": {"uv": [10, 0, 16, 4], "texture": "#inside"},
				"south": {"uv": [15, 0, 16, 4], "texture": "#red_mushroom"},
				"west": {"uv": [0.5, 0.5, 6.5, 4.5], "texture": "#red_mushroom"},
				"up": {"uv": [0, 0, 6, 1], "rotation": 90, "texture": "#red_mushroom"},
				"down": {"uv": [0, 0, 1, 6], "texture": "#red_mushroom"}
			}
		},
		{
			"from": [5, 2.5, 4],
			"to": [11, 6.5, 5],
			"faces": {
				"north": {"uv": [10.5, 10.5, 5.5, 14.25], "texture": "#red_mushroom"},
				"east": {"uv": [0, 0, 1, 4], "texture": "#red_mushroom"},
				"south": {"uv": [10, 12, 16, 16], "texture": "#inside"},
				"west": {"uv": [0, 0, 1, 4], "texture": "#red_mushroom"},
				"up": {"uv": [5, 11, 11, 12], "texture": "#red_mushroom"},
				"down": {"uv": [0, 0, 6, 1], "texture": "#red_mushroom"}
			}
		},
		{
			"from": [5, 2.5, 11],
			"to": [11, 6.5, 12],
			"faces": {
				"north": {"uv": [0, 0, 6, 4], "texture": "#inside"},
				"east": {"uv": [15, 0, 16, 4], "texture": "#red_mushroom"},
				"south": {"uv": [5, 11.5, 11, 15.5], "texture": "#red_mushroom"},
				"west": {"uv": [0, 0, 1, 4], "texture": "#red_mushroom"},
				"up": {"uv": [2, 1, 3, 7], "rotation": 90, "texture": "#red_mushroom"},
				"down": {"uv": [0, 0, 6, 1], "texture": "#red_mushroom"}
			}
		},
		{
			"from": [4.5, 6.5, 4.5],
			"to": [11.5, 7, 11.5],
			"faces": {
				"north": {"uv": [0, 0, 7, 1], "texture": "#red_mushroom"},
				"east": {"uv": [0, 0, 7, 1], "texture": "#red_mushroom"},
				"south": {"uv": [0, 0, 7, 1], "texture": "#red_mushroom"},
				"west": {"uv": [0, 0, 7, 1], "texture": "#red_mushroom"},
				"up": {"uv": [8, 3.5, 15, 10.5], "texture": "#red_mushroom"},
				"down": {"uv": [4.5, 4.5, 11.5, 11.5], "texture": "#inside"}
			}
		},
		{
			"from": [11, 3, 4.5],
			"to": [11.5, 6.5, 5],
			"faces": {
				"north": {"uv": [9.5, 12, 10, 15], "texture": "#red_mushroom"},
				"east": {"uv": [9.5, 12, 10, 15], "texture": "#red_mushroom"},
				"up": {"uv": [9, 11, 10, 15], "rotation": 180, "texture": "#red_mushroom"},
				"down": {"uv": [0, 0, 0.5, 0.5], "texture": "#red_mushroom"}
			}
		},
		{
			"from": [11, 3, 11],
			"to": [11.5, 6.5, 11.5],
			"faces": {
				"east": {"uv": [5.5, 11, 6, 14.5], "texture": "#red_mushroom"},
				"south": {"uv": [5.5, 10.5, 6, 14], "texture": "#red_mushroom"},
				"down": {"uv": [0, 0, 0.5, 0.5], "texture": "#red_mushroom"}
			}
		},
		{
			"from": [4.5, 3, 11],
			"to": [5, 6.5, 11.5],
			"faces": {
				"south": {"uv": [0, 0, 0.5, 3.5], "texture": "#red_mushroom"},
				"west": {"uv": [0, 0, 0.5, 3.5], "texture": "#red_mushroom"},
				"down": {"uv": [0, 0, 0.5, 0.5], "texture": "#red_mushroom"}
			}
		},
		{
			"from": [4.5, 3, 4.5],
			"to": [5, 6.5, 5],
			"faces": {
				"north": {"uv": [6, 10.5, 6.5, 14], "texture": "#red_mushroom"},
				"west": {"uv": [6, 10.5, 6.5, 14], "texture": "#red_mushroom"},
				"down": {"uv": [0, 0, 0.5, 0.5], "texture": "#red_mushroom"}
			}
		},
		{
			"from": [7.25, 0, 7.25],
			"to": [8.75, 6.5, 8.75],
			"faces": {
				"north": {"uv": [0, 0, 1.5, 6.5], "texture": "#stem"},
				"east": {"uv": [0, 0, 1.5, 6.5], "texture": "#stem"},
				"south": {"uv": [0, 0, 1.5, 6.5], "texture": "#stem"},
				"west": {"uv": [0, 0, 1.5, 6.5], "texture": "#stem"},
				"down": {"uv": [0, 0, 1.5, 1.5], "texture": "#inside"}
			}
		}
	],
	"display": {
		"thirdperson_righthand": {
			"translation": [0, 5.75, 0],
			"scale": [0.8, 0.8, 0.8]
		},
		"thirdperson_lefthand": {
			"translation": [0, 5.75, 0],
			"scale": [0.8, 0.8, 0.8]
		},
		"firstperson_righthand": {
			"translation": [0, 3.5, 0],
			"scale": [0.8, 0.8, 0.8]
		},
		"firstperson_lefthand": {
			"translation": [0, 3.5, 0],
			"scale": [0.8, 0.8, 0.8]
		},
		"ground": {
			"translation": [0, 2.5, 0],
			"scale": [0.8, 0.8, 0.8]
		},
		"gui": {
			"rotation": [30, -135, 0],
			"translation": [0, 5, 0],
			"scale": [1.5, 1.5, 1.5]
		},
		"head": {
			"rotation": [0, 45, 0],
			"translation": [0, 14.5, 0]
		},
		"fixed": {
			"translation": [0, 5, 0],
			"scale": [1.5, 1.5, 1.5]
		}
	}
}