{
	"credit": "Made with Blockbench by Juknum",
	"textures": {
		"sugar_cane": "blocks/sugar_cane",
		"particle": "blocks/sugar_cane"
	},
	"elements": [
		{
			"name": "one",
			"from": [2, 0, 2],
			"to": [4, 16, 4],
			"faces": {
				"north": {"uv": [1, 0, 3, 16], "texture": "#sugar_cane", "tintindex": 0},
				"east": {"uv": [3, 0, 1, 16], "texture": "#sugar_cane", "tintindex": 0},
				"south": {"uv": [1, 0, 3, 16], "texture": "#sugar_cane", "tintindex": 0},
				"west": {"uv": [3, 0, 1, 16], "texture": "#sugar_cane", "tintindex": 0},
				"up": {"uv": [14, 2.5, 16, 4.5], "texture": "#sugar_cane", "cullface": "up", "tintindex": 0},
				"down": {"uv": [16, 0, 14, 2], "texture": "#sugar_cane", "cullface": "down", "tintindex": 0}
			}
		},
		{
			"name": "two",
			"from": [10, -4, 12],
			"to": [12, 12, 14],
			"faces": {
				"north": {"uv": [10, 0, 12, 16], "texture": "#sugar_cane", "tintindex": 0},
				"east": {"uv": [12, 0, 10, 16], "texture": "#sugar_cane", "tintindex": 0},
				"south": {"uv": [10, 0, 12, 16], "texture": "#sugar_cane", "tintindex": 0},
				"west": {"uv": [12, 0, 10, 16], "texture": "#sugar_cane", "tintindex": 0},
				"up": {"uv": [14, 2.5, 16, 4.5], "texture": "#sugar_cane", "tintindex": 0},
				"down": {"uv": [16, 0, 14, 2], "texture": "#sugar_cane", "cullface": "down", "tintindex": 0}
			}
		},
		{
			"name": "three",
			"from": [2, -1, 10],
			"to": [4, 15, 12],
			"faces": {
				"north": {"uv": [7, 0, 9, 16], "texture": "#sugar_cane", "tintindex": 0},
				"east": {"uv": [9, 0, 7, 16], "texture": "#sugar_cane", "tintindex": 0},
				"south": {"uv": [7, 0, 9, 16], "texture": "#sugar_cane", "tintindex": 0},
				"west": {"uv": [9, 0, 7, 16], "texture": "#sugar_cane", "tintindex": 0},
				"up": {"uv": [14, 0, 16, 2], "texture": "#sugar_cane", "tintindex": 0},
				"down": {"uv": [16, 0, 14, 2], "texture": "#sugar_cane", "cullface": "down", "tintindex": 0}
			}
		},
		{
			"name": "four",
			"from": [7, -2, 6],
			"to": [9, 14, 8],
			"faces": {
				"north": {"uv": [4, 0, 6, 16], "texture": "#sugar_cane", "tintindex": 0},
				"east": {"uv": [6, 0, 4, 16], "texture": "#sugar_cane", "tintindex": 0},
				"south": {"uv": [4, 0, 6, 16], "texture": "#sugar_cane", "tintindex": 0},
				"west": {"uv": [6, 0, 4, 16], "texture": "#sugar_cane", "tintindex": 0},
				"up": {"uv": [14, 2.5, 16, 4.5], "texture": "#sugar_cane", "tintindex": 0},
				"down": {"uv": [16, 0, 14, 2], "texture": "#sugar_cane", "cullface": "down", "tintindex": 0}
			}
		},
		{
			"name": "five",
			"from": [12, -2, 2],
			"to": [14, 14, 4],
			"faces": {
				"north": {"uv": [10, 0, 12, 16], "texture": "#sugar_cane", "tintindex": 0},
				"east": {"uv": [12, 0, 10, 16], "texture": "#sugar_cane", "tintindex": 0},
				"south": {"uv": [10, 0, 12, 16], "texture": "#sugar_cane", "tintindex": 0},
				"west": {"uv": [12, 0, 10, 16], "texture": "#sugar_cane", "tintindex": 0},
				"up": {"uv": [14, 0, 16, 2], "texture": "#sugar_cane", "tintindex": 0},
				"down": {"uv": [16, 0, 14, 2], "texture": "#sugar_cane", "cullface": "down", "tintindex": 0}
			}
		},
		{
			"from": [1.75, 7, 1.75],
			"to": [2.75, 8, 2.75],
			"faces": {
				"north": {"uv": [0, 8.5, 1, 9.5], "texture": "#sugar_cane", "tintindex": 0},
				"east": {"uv": [0, 8.5, 1, 9.5], "texture": "#sugar_cane", "tintindex": 0},
				"south": {"uv": [0, 8.5, 1, 9.5], "texture": "#sugar_cane", "tintindex": 0},
				"west": {"uv": [0, 8.5, 1, 9.5], "texture": "#sugar_cane", "tintindex": 0},
				"up": {"uv": [0, 8.5, 1, 9], "texture": "#sugar_cane", "tintindex": 0},
				"down": {"uv": [0, 9, 1, 9.5], "texture": "#sugar_cane", "tintindex": 0}
			}
		},
		{
			"from": [6.75, 9.5, 7.25],
			"to": [7.75, 10.5, 8.25],
			"faces": {
				"north": {"uv": [6, 3.5, 7, 4.5], "texture": "#sugar_cane", "tintindex": 0},
				"east": {"uv": [6, 3.5, 7, 4.5], "texture": "#sugar_cane", "tintindex": 0},
				"south": {"uv": [6, 3.5, 7, 4.5], "texture": "#sugar_cane", "tintindex": 0},
				"west": {"uv": [6, 3.5, 7, 4.5], "texture": "#sugar_cane", "tintindex": 0},
				"up": {"uv": [6, 3.5, 7, 4], "texture": "#sugar_cane", "tintindex": 0},
				"down": {"uv": [6, 4, 7, 4.5], "texture": "#sugar_cane", "tintindex": 0}
			}
		},
		{
			"from": [3.25, 11, 9.75],
			"to": [4.25, 12, 10.75],
			"faces": {
				"north": {"uv": [6, 3.5, 7, 4.5], "texture": "#sugar_cane", "tintindex": 0},
				"east": {"uv": [6, 3.5, 7, 4.5], "texture": "#sugar_cane", "tintindex": 0},
				"south": {"uv": [6, 3.5, 7, 4.5], "texture": "#sugar_cane", "tintindex": 0},
				"west": {"uv": [6, 3.5, 7, 4.5], "texture": "#sugar_cane", "tintindex": 0},
				"up": {"uv": [6, 3.5, 7, 4], "texture": "#sugar_cane", "tintindex": 0},
				"down": {"uv": [6, 4, 7, 4.5], "texture": "#sugar_cane", "tintindex": 0}
			}
		},
		{
			"from": [11.25, 11.25, 11.75],
			"to": [12.25, 12.25, 12.75],
			"faces": {
				"north": {"uv": [6, 3.5, 7, 4.5], "texture": "#sugar_cane", "tintindex": 0},
				"east": {"uv": [6, 3.5, 7, 4.5], "texture": "#sugar_cane", "tintindex": 0},
				"south": {"uv": [6, 3.5, 7, 4.5], "texture": "#sugar_cane", "tintindex": 0},
				"west": {"uv": [6, 3.5, 7, 4.5], "texture": "#sugar_cane", "tintindex": 0},
				"up": {"uv": [6, 3.5, 7, 4], "texture": "#sugar_cane", "tintindex": 0},
				"down": {"uv": [6, 4, 7, 4.5], "texture": "#sugar_cane", "tintindex": 0}
			}
		},
		{
			"from": [13.25, 10.5, 3.25],
			"to": [14.25, 11.5, 4.25],
			"faces": {
				"north": {"uv": [6, 3.5, 7, 4.5], "texture": "#sugar_cane", "tintindex": 0},
				"east": {"uv": [6, 3.5, 7, 4.5], "texture": "#sugar_cane", "tintindex": 0},
				"south": {"uv": [6, 3.5, 7, 4.5], "texture": "#sugar_cane", "tintindex": 0},
				"west": {"uv": [6, 3.5, 7, 4.5], "texture": "#sugar_cane", "tintindex": 0},
				"up": {"uv": [6, 3.5, 7, 4], "texture": "#sugar_cane", "tintindex": 0},
				"down": {"uv": [6, 4, 7, 4.5], "texture": "#sugar_cane", "tintindex": 0}
			}
		},
		{
			"from": [11.75, 2, 1.75],
			"to": [12.75, 3, 2.75],
			"faces": {
				"north": {"uv": [6, 3.5, 7, 4.5], "texture": "#sugar_cane", "tintindex": 0},
				"east": {"uv": [6, 3.5, 7, 4.5], "texture": "#sugar_cane", "tintindex": 0},
				"south": {"uv": [6, 3.5, 7, 4.5], "texture": "#sugar_cane", "tintindex": 0},
				"west": {"uv": [6, 3.5, 7, 4.5], "texture": "#sugar_cane", "tintindex": 0},
				"up": {"uv": [6, 3.5, 7, 4], "texture": "#sugar_cane", "tintindex": 0},
				"down": {"uv": [6, 4, 7, 4.5], "texture": "#sugar_cane", "tintindex": 0}
			}
		},
		{
			"from": [11.25, 2.5, 13.25],
			"to": [12.25, 3.5, 14.25],
			"faces": {
				"north": {"uv": [6, 3.5, 7, 4.5], "texture": "#sugar_cane", "tintindex": 0},
				"east": {"uv": [6, 3.5, 7, 4.5], "texture": "#sugar_cane", "tintindex": 0},
				"south": {"uv": [6, 3.5, 7, 4.5], "texture": "#sugar_cane", "tintindex": 0},
				"west": {"uv": [6, 3.5, 7, 4.5], "texture": "#sugar_cane", "tintindex": 0},
				"up": {"uv": [6, 3.5, 7, 4], "texture": "#sugar_cane", "tintindex": 0},
				"down": {"uv": [6, 4, 7, 4.5], "texture": "#sugar_cane", "tintindex": 0}
			}
		},
		{
			"from": [1.75, 1, 11.25],
			"to": [2.75, 2, 12.25],
			"faces": {
				"north": {"uv": [6, 3.5, 7, 4.5], "texture": "#sugar_cane", "tintindex": 0},
				"east": {"uv": [6, 3.5, 7, 4.5], "texture": "#sugar_cane", "tintindex": 0},
				"south": {"uv": [6, 3.5, 7, 4.5], "texture": "#sugar_cane", "tintindex": 0},
				"west": {"uv": [6, 3.5, 7, 4.5], "texture": "#sugar_cane", "tintindex": 0},
				"up": {"uv": [6, 3.5, 7, 4], "texture": "#sugar_cane", "tintindex": 0},
				"down": {"uv": [6, 4, 7, 4.5], "texture": "#sugar_cane", "tintindex": 0}
			}
		},
		{
			"from": [8.25, 1, 5.75],
			"to": [9.25, 2, 6.75],
			"faces": {
				"north": {"uv": [6, 3.5, 7, 4.5], "texture": "#sugar_cane", "tintindex": 0},
				"east": {"uv": [6, 3.5, 7, 4.5], "texture": "#sugar_cane", "tintindex": 0},
				"south": {"uv": [6, 3.5, 7, 4.5], "texture": "#sugar_cane", "tintindex": 0},
				"west": {"uv": [6, 3.5, 7, 4.5], "texture": "#sugar_cane", "tintindex": 0},
				"up": {"uv": [6, 3.5, 7, 4], "texture": "#sugar_cane", "tintindex": 0},
				"down": {"uv": [6, 4, 7, 4.5], "texture": "#sugar_cane", "tintindex": 0}
			}
		},
		{
			"from": [3.25, 12.25, 3.25],
			"to": [4.25, 13.25, 4.25],
			"faces": {
				"north": {"uv": [3, 2.5, 4, 3.5], "texture": "#sugar_cane", "tintindex": 0},
				"east": {"uv": [3, 2.5, 4, 3.5], "texture": "#sugar_cane", "tintindex": 0},
				"south": {"uv": [3, 2.5, 4, 3.5], "texture": "#sugar_cane", "tintindex": 0},
				"west": {"uv": [3, 2.5, 4, 3.5], "texture": "#sugar_cane", "tintindex": 0},
				"up": {"uv": [3, 2.5, 4, 3], "texture": "#sugar_cane", "tintindex": 0},
				"down": {"uv": [3, 3, 4, 3.5], "texture": "#sugar_cane", "tintindex": 0}
			}
		}
	],
	"groups": [
		{
			"name": "sugar cane",
			"origin": [8, 8, 8],
			"children": [0, 1, 2, 3, 4]
		},
		{
			"name": "leaves",
			"origin": [8, 8, 8],
			"children": [5, 6, 7, 8, 9, 10, 11, 12, 13, 14]
		}
	]
}