{
	"credit": "Made by Juknum",
	"textures": {
		"texture": "blocks/boat_acacia"
	},
	"elements": [
		{
			"name": "BoatBase",
			"from": [-6, 0, 0],
			"to": [22, 3, 16],
			"faces": {
				"north": {"uv": [0.375, 0, 3.875, 0.375], "texture": "#texture"},
				"east": {"uv": [3.875, 0.375, 4.25, 2.375], "rotation": 90, "texture": "#texture"},
				"south": {"uv": [3.875, 0, 7.375, 0.375], "texture": "#texture"},
				"west": {"uv": [0, 0.375, 0.375, 2.375], "rotation": 270, "texture": "#texture"},
				"up": {"uv": [4.25, 0.375, 7.75, 2.375], "texture": "#texture"},
				"down": {"uv": [0.5, 0.375, 4, 2.375], "texture": "#texture"}
			}
		},
		{
			"name": "BoatWest",
			"from": [-8, 3, -1],
			"to": [-6, 9, 17],
			"faces": {
				"north": {"uv": [2.5, 2.625, 2.75, 3.375], "texture": "#texture"},
				"east": {"uv": [0.375, 2.625, 2.625, 3.375], "texture": "#texture"},
				"south": {"uv": [0, 2.625, 0.25, 3.375], "texture": "#texture"},
				"west": {"uv": [2.75, 2.625, 5, 3.375], "texture": "#texture"},
				"up": {"uv": [0.25, 2.375, 2.5, 2.625], "rotation": 270, "texture": "#texture"},
				"down": {"uv": [1.25, 3.25, 3.5, 3.5], "rotation": 90, "texture": "#texture"}
			}
		},
		{
			"name": "BoatEast",
			"from": [22, 3, 0],
			"to": [24, 9, 16],
			"faces": {
				"north": {"uv": [0, 2.625, 0.25, 3.375], "texture": "#texture"},
				"east": {"uv": [2.75, 2.625, 4.75, 3.375], "texture": "#texture"},
				"south": {"uv": [2.5, 2.625, 2.75, 3.375], "texture": "#texture"},
				"west": {"uv": [0.125, 2.625, 2.125, 3.375], "texture": "#texture"},
				"up": {"uv": [0.25, 2.375, 2.5, 2.625], "rotation": 90, "texture": "#texture"},
				"down": {"uv": [1.25, 3.25, 3.5, 3.5], "rotation": 270, "texture": "#texture"}
			}
		},
		{
			"name": "BoatNorth",
			"from": [-6, 3, -2],
			"to": [22, 9, 0],
			"faces": {
				"north": {"uv": [4.125, 4.625, 7.5, 5.375], "texture": "#texture"},
				"east": {"uv": [0, 4.625, 0.25, 5.375], "texture": "#texture"},
				"south": {"uv": [0.375, 4.625, 3.75, 5.375], "texture": "#texture"},
				"west": {"uv": [0, 4.625, 0.25, 5.375], "texture": "#texture"},
				"up": {"uv": [0.25, 4.375, 3.625, 4.625], "texture": "#texture"},
				"down": {"uv": [0.25, 4.375, 3.625, 4.625], "texture": "#texture"}
			}
		},
		{
			"name": "BoatSouth",
			"from": [-6, 3, 16],
			"to": [22, 9, 18],
			"faces": {
				"north": {"uv": [0.375, 4.625, 3.75, 5.375], "texture": "#texture"},
				"east": {"uv": [0, 4.625, 0.25, 5.375], "texture": "#texture"},
				"south": {"uv": [4.125, 4.625, 7.5, 5.375], "texture": "#texture"},
				"west": {"uv": [0, 4.625, 0.25, 5.375], "texture": "#texture"},
				"up": {"uv": [0.25, 4.375, 3.625, 4.625], "rotation": 180, "texture": "#texture"},
				"down": {"uv": [0.25, 4.375, 3.625, 4.625], "rotation": 180, "texture": "#texture"}
			}
		},
		{
			"name": "PaddleArm1",
			"from": [11, 3, 22],
			"to": [13, 16, 24],
			"rotation": {"angle": -22.5, "axis": "x", "origin": [13, -2, 24]},
			"faces": {
				"north": {"uv": [10, 0, 10.25, 1.625], "texture": "#texture"},
				"east": {"uv": [10, 0, 10.25, 1.625], "texture": "#texture"},
				"south": {"uv": [10.25, 0, 10.5, 1.625], "texture": "#texture"},
				"west": {"uv": [10.25, 0, 10.5, 1.625], "texture": "#texture"},
				"up": {"uv": [7.75, 2.25, 8, 2.5], "rotation": 180, "texture": "#texture"}
			}
		},
		{
			"name": "PaddlePan1",
			"from": [11, -4, 21],
			"to": [12, 3, 28],
			"rotation": {"angle": -22.5, "axis": "x", "origin": [13, -2, 24]},
			"faces": {
				"north": {"uv": [8.75, 0, 8.875, 1], "texture": "#texture"},
				"east": {"uv": [7.75, 0.875, 8.625, 1.625], "texture": "#texture"},
				"south": {"uv": [8.625, 0, 8.75, 1], "texture": "#texture"},
				"west": {"uv": [8.875, 0.875, 9.75, 1.625], "texture": "#texture"},
				"up": {"uv": [8.625, 0, 8.75, 0.875], "rotation": 180, "texture": "#texture"},
				"down": {"uv": [8.75, 0, 8.875, 0.875], "rotation": 180, "texture": "#texture"}
			}
		},
		{
			"name": "PaddleBind1",
			"from": [12, -2, 22],
			"to": [13, 3, 24],
			"rotation": {"angle": -22.5, "axis": "x", "origin": [13, -2, 24]},
			"faces": {
				"north": {"uv": [8.75, 0, 8.875, 0.625], "texture": "#texture"},
				"east": {"uv": [8.625, 0, 8.875, 0.625], "texture": "#texture"},
				"south": {"uv": [8.625, 0, 8.75, 0.625], "texture": "#texture"},
				"down": {"uv": [8.625, 0.75, 8.875, 0.875], "rotation": 180, "texture": "#texture"}
			}
		},
		{
			"name": "PaddleBind2",
			"from": [11, -2, -8],
			"to": [12, 3, -6],
			"rotation": {"angle": 22.5, "axis": "x", "origin": [11, -2, -8]},
			"faces": {
				"north": {"uv": [8.625, 0, 8.75, 0.625], "texture": "#texture"},
				"south": {"uv": [8.75, 0, 8.875, 0.625], "texture": "#texture"},
				"west": {"uv": [8.625, 0, 8.875, 0.625], "texture": "#texture"},
				"down": {"uv": [8.625, 0.75, 8.875, 0.875], "texture": "#texture"}
			}
		},
		{
			"name": "PaddleArm2",
			"from": [11, 3, -8],
			"to": [13, 16, -6],
			"rotation": {"angle": 22.5, "axis": "x", "origin": [11, -2, -8]},
			"faces": {
				"north": {"uv": [10.25, 0, 10.5, 1.625], "texture": "#texture"},
				"east": {"uv": [10.25, 0, 10.5, 1.625], "texture": "#texture"},
				"south": {"uv": [10, 0, 10.25, 1.625], "texture": "#texture"},
				"west": {"uv": [10, 0, 10.25, 1.625], "texture": "#texture"},
				"up": {"uv": [7.75, 2.25, 8, 2.5], "texture": "#texture"}
			}
		},
		{
			"name": "PaddlePan2",
			"from": [12, -4, -12],
			"to": [13, 3, -5],
			"rotation": {"angle": 22.5, "axis": "x", "origin": [11, -2, -8]},
			"faces": {
				"north": {"uv": [8.625, 0, 8.75, 1], "texture": "#texture"},
				"east": {"uv": [8.875, 0.875, 9.75, 1.625], "texture": "#texture"},
				"south": {"uv": [8.75, 0, 8.875, 1], "texture": "#texture"},
				"west": {"uv": [7.75, 0.875, 8.625, 1.625], "texture": "#texture"},
				"up": {"uv": [8.625, 0, 8.75, 0.875], "texture": "#texture"},
				"down": {"uv": [8.75, 0, 8.875, 0.875], "texture": "#texture"}
			}
		}
	],
	"display": {
		"thirdperson_righthand": {
			"rotation": [0, 90, 45],
			"translation": [0, 4, 2],
			"scale": [0.275, 0.275, 0.275]
		},
		"thirdperson_lefthand": {
			"rotation": [0, 90, 45],
			"translation": [0, 4, 2],
			"scale": [0.275, 0.275, 0.275]
		},
		"firstperson_righthand": {
			"rotation": [0, 45, 0],
			"translation": [0, 1.5, 0],
			"scale": [0.4, 0.4, 0.4]
		},
		"firstperson_lefthand": {
			"rotation": [0, 45, 0],
			"translation": [0, 1.5, 0],
			"scale": [0.4, 0.4, 0.4]
		},
		"ground": {
			"translation": [0, 3, 0],
			"scale": [0.25, 0.25, 0.25]
		},
		"gui": {
			"rotation": [30, 225, 0],
			"translation": [0, 1, 0],
			"scale": [0.375, 0.4755, 0.475]
		},
		"head": {
			"rotation": [0, 90, 0],
			"translation": [0, 14.5, 0]
		},
		"fixed": {
			"scale": [0.5, 0.5, 0.5]
		}
	}
}