{
	"credit": "Made with Blockbench",
	"parent": "item/generic_display",
	"textures": {
		"2": "items/splash_potion",
		"4": "items/splash_potion_top",
		"5": "items/glass_bottle_bottom",
		"6": "items/splash_potion_extra",
		"particle": "items/splash_potion",
		"potion_overlay": "items/potion_overlay"
	},
	"elements": [
		{
			"name": "glass",
			"from": [6, 11.7, 7],
			"to": [6.5, 12.2, 9],
			"faces": {
				"north": {"uv": [9.525, 4.025, 9.975, 4.475], "texture": "#2"},
				"south": {"uv": [9.525, 4.025, 9.95, 4.45], "texture": "#2"},
				"west": {"uv": [9.525, 4.025, 9.95, 4.45], "texture": "#2"},
				"up": {"uv": [9.525, 4.025, 9.95, 4.45], "rotation": 180, "texture": "#2"}
			}
		},
		{
			"name": "glass",
			"from": [6, 1.7, 6],
			"to": [10, 2.2, 10],
			"faces": {
				"north": {"uv": [6.025, 14.025, 9.975, 14.475], "texture": "#2"},
				"east": {"uv": [6.025, 14.025, 9.975, 14.475], "texture": "#2"},
				"south": {"uv": [6.025, 14.025, 9.975, 14.475], "texture": "#2"},
				"west": {"uv": [6.025, 14.025, 9.975, 14.475], "texture": "#2"},
				"down": {"uv": [6.025, 8.025, 9.975, 11.975], "rotation": 180, "texture": "#5"}
			}
		},
		{
			"name": "glass",
			"from": [6, 9.2, 6.5],
			"to": [9.5, 9.7, 9.5],
			"faces": {
				"north": {"uv": [6.525, 6.525, 9.975, 6.975], "texture": "#2"},
				"east": {"uv": [0.025, 0.025, 2.975, 0.475], "texture": "#6"},
				"south": {"uv": [6.525, 6.525, 9.95, 6.95], "texture": "#2"},
				"west": {"uv": [0.025, 0.025, 2.95, 0.45], "texture": "#6"},
				"up": {"uv": [6.025, 13.025, 8.975, 15.975], "rotation": 180, "texture": "#4"}
			}
		},
		{
			"name": "glass",
			"from": [6, 8.7, 6],
			"to": [10, 9.2, 10],
			"faces": {
				"north": {"uv": [6.025, 7.025, 9.975, 7.475], "texture": "#2"},
				"east": {"uv": [6.025, 7.025, 9.975, 7.475], "texture": "#2"},
				"south": {"uv": [6.025, 7.025, 9.975, 7.475], "texture": "#2"},
				"west": {"uv": [6.025, 7.025, 9.975, 7.475], "texture": "#2"},
				"up": {"uv": [11.025, 8.025, 14.975, 11.975], "rotation": 180, "texture": "#4"}
			}
		},
		{
			"name": "glass",
			"from": [5.5, 8.2, 5.5],
			"to": [10.5, 8.7, 10.5],
			"faces": {
				"north": {"uv": [5.525, 7.525, 10.475, 7.975], "texture": "#2"},
				"east": {"uv": [5.525, 7.525, 10.475, 7.975], "texture": "#2"},
				"south": {"uv": [5.525, 7.525, 10.475, 7.975], "texture": "#2"},
				"west": {"uv": [5.525, 7.525, 10.475, 7.975], "texture": "#2"},
				"up": {"uv": [6.025, 8.025, 10.975, 12.975], "rotation": 180, "texture": "#4"}
			}
		},
		{
			"name": "glass",
			"from": [5, 2.2, 5],
			"to": [11, 2.7, 11],
			"faces": {
				"north": {"uv": [5.025, 13.525, 10.975, 13.975], "texture": "#2"},
				"east": {"uv": [5.025, 13.525, 10.975, 13.975], "texture": "#2"},
				"south": {"uv": [5.025, 13.525, 10.975, 13.975], "texture": "#2"},
				"west": {"uv": [5.025, 13.525, 10.975, 13.975], "texture": "#2"},
				"down": {"uv": [0.025, 8.025, 5.975, 13.975], "rotation": 180, "texture": "#5"}
			}
		},
		{
			"name": "glass",
			"from": [5, 7.7, 5],
			"to": [11, 8.2, 11],
			"faces": {
				"north": {"uv": [5.025, 8.025, 10.975, 8.475], "texture": "#2"},
				"east": {"uv": [5.025, 8.025, 10.975, 8.475], "texture": "#2"},
				"south": {"uv": [5.025, 8.025, 10.975, 8.475], "texture": "#2"},
				"west": {"uv": [5.025, 8.025, 10.975, 8.475], "texture": "#2"},
				"up": {"uv": [0.025, 8.025, 5.975, 13.975], "rotation": 180, "texture": "#4"}
			}
		},
		{
			"name": "glass",
			"from": [4.5, 6.7, 4.5],
			"to": [11.5, 7.7, 11.5],
			"faces": {
				"north": {"uv": [4.525, 8.525, 11.475, 9.475], "texture": "#2"},
				"east": {"uv": [4.525, 8.525, 11.475, 9.475], "texture": "#2"},
				"south": {"uv": [4.525, 8.525, 11.475, 9.475], "texture": "#2"},
				"west": {"uv": [4.525, 8.525, 11.475, 9.475], "texture": "#2"},
				"up": {"uv": [8.025, 0.025, 14.975, 6.975], "rotation": 180, "texture": "#4"}
			}
		},
		{
			"name": "glass",
			"from": [4.5, 2.7, 4.5],
			"to": [11.5, 3.2, 11.5],
			"faces": {
				"north": {"uv": [4.525, 13.025, 11.475, 13.475], "texture": "#2"},
				"east": {"uv": [4.525, 13.025, 11.475, 13.475], "texture": "#2"},
				"south": {"uv": [4.525, 13.025, 11.475, 13.475], "texture": "#2"},
				"west": {"uv": [4.525, 13.025, 11.475, 13.475], "texture": "#2"},
				"down": {"uv": [8.025, 0.025, 14.975, 6.975], "rotation": 180, "texture": "#5"}
			}
		},
		{
			"name": "glass",
			"from": [4, 3.2, 4],
			"to": [12, 6.7, 12],
			"faces": {
				"north": {"uv": [4.025, 9.525, 11.975, 12.975], "texture": "#2"},
				"east": {"uv": [4.025, 9.525, 11.975, 12.975], "texture": "#2"},
				"south": {"uv": [4.025, 9.525, 11.975, 12.975], "texture": "#2"},
				"west": {"uv": [4.025, 9.525, 11.975, 12.975], "texture": "#2"},
				"up": {"uv": [0.025, 0.025, 7.975, 7.975], "rotation": 180, "texture": "#4"},
				"down": {"uv": [0.025, 0.025, 7.975, 7.975], "rotation": 180, "texture": "#5"}
			}
		},
		{
			"name": "glass",
			"from": [5, 9.7, 7],
			"to": [9, 10.2, 9],
			"faces": {
				"north": {"uv": [7.025, 6.025, 10.975, 6.475], "texture": "#2"},
				"east": {"uv": [0.525, 0.525, 2.475, 0.975], "texture": "#6"},
				"south": {"uv": [7.025, 6.025, 10.95, 6.45], "rotation": 180, "texture": "#2"},
				"west": {"uv": [0.525, 0.525, 2.45, 0.95], "texture": "#6"},
				"up": {"uv": [9.025, 13.025, 12.975, 14.975], "rotation": 180, "texture": "#4"},
				"down": {"uv": [9.025, 13.025, 12.95, 14.95], "rotation": 180, "texture": "#4"}
			}
		},
		{
			"name": "glass",
			"from": [6, 10.2, 7],
			"to": [8.5, 10.7, 9],
			"faces": {
				"north": {"uv": [7.525, 5.525, 9.975, 5.975], "texture": "#2"},
				"east": {"uv": [0.525, 0.525, 2.45, 0.95], "texture": "#6"},
				"south": {"uv": [7.525, 5.525, 9.95, 5.95], "rotation": 180, "texture": "#2"},
				"up": {"uv": [9.025, 13.025, 11.475, 14.975], "rotation": 180, "texture": "#4"}
			}
		},
		{
			"name": "glass",
			"from": [6.5, 10.7, 7],
			"to": [8, 11.2, 9],
			"faces": {
				"north": {"uv": [8.025, 5.025, 9.475, 5.475], "texture": "#2"},
				"east": {"uv": [0.525, 0.525, 2.45, 0.95], "texture": "#6"},
				"south": {"uv": [8.025, 5.025, 9.45, 5.45], "rotation": 180, "texture": "#2"},
				"up": {"uv": [9.025, 13.025, 10.475, 14.975], "rotation": 180, "texture": "#4"}
			}
		},
		{
			"name": "glass",
			"from": [7, 11.2, 7],
			"to": [7.5, 11.7, 9],
			"faces": {
				"north": {"uv": [8.525, 4.525, 8.975, 4.975], "texture": "#2"},
				"east": {"uv": [0.525, 0.525, 2.45, 0.95], "texture": "#6"},
				"south": {"uv": [8.525, 4.525, 8.95, 4.95], "texture": "#2"}
			}
		},
		{
			"name": "glass",
			"from": [7, 11.7, 7],
			"to": [7.5, 12.2, 9],
			"faces": {
				"north": {"uv": [8.525, 4.025, 8.975, 4.475], "texture": "#2"},
				"east": {"uv": [0.525, 0.525, 2.45, 0.95], "texture": "#6"},
				"south": {"uv": [8.525, 4.025, 8.95, 4.45], "texture": "#2"},
				"up": {"uv": [9.025, 13.025, 9.475, 14.975], "rotation": 180, "texture": "#4"}
			}
		},
		{
			"name": "glass",
			"from": [6.5, 12.2, 7],
			"to": [7, 12.7, 9],
			"faces": {
				"north": {"uv": [9.025, 3.525, 9.475, 3.975], "texture": "#2"},
				"east": {"uv": [9.025, 3.525, 9.475, 3.975], "texture": "#2"},
				"south": {"uv": [9.025, 3.525, 9.475, 3.975], "texture": "#2"},
				"west": {"uv": [9.025, 3.525, 9.475, 3.975], "texture": "#2"},
				"up": {"uv": [9.025, 3.525, 9.475, 3.975], "rotation": 180, "texture": "#2"},
				"down": {"uv": [9.025, 3.525, 9.475, 3.975], "rotation": 180, "texture": "#2"}
			}
		},
		{
			"name": "glass",
			"from": [4.5, 10.2, 7],
			"to": [5, 10.7, 9],
			"faces": {
				"north": {"uv": [11.025, 5.525, 11.475, 5.975], "texture": "#2"},
				"east": {"uv": [11.025, 5.525, 11.475, 5.975], "texture": "#2"},
				"south": {"uv": [11.025, 5.525, 11.475, 5.975], "texture": "#2"},
				"west": {"uv": [11.025, 5.525, 11.475, 5.975], "texture": "#2"},
				"up": {"uv": [11.025, 5.525, 11.475, 5.975], "rotation": 180, "texture": "#2"},
				"down": {"uv": [11.025, 5.525, 11.475, 5.975], "rotation": 180, "texture": "#2"}
			}
		},
		{
			"name": "glass",
			"from": [5, 10.7, 7],
			"to": [5.5, 11.2, 9],
			"faces": {
				"north": {"uv": [10.525, 5.025, 10.975, 5.475], "texture": "#2"},
				"south": {"uv": [10.525, 5.025, 10.95, 5.45], "texture": "#2"},
				"west": {"uv": [10.525, 5.025, 10.95, 5.45], "texture": "#2"},
				"up": {"uv": [10.525, 5.025, 10.95, 5.45], "rotation": 180, "texture": "#2"}
			}
		},
		{
			"name": "glass",
			"from": [5.5, 11.2, 7],
			"to": [6, 11.7, 9],
			"faces": {
				"north": {"uv": [10.025, 4.525, 10.475, 4.975], "texture": "#2"},
				"south": {"uv": [10.025, 4.525, 10.45, 4.95], "texture": "#2"},
				"west": {"uv": [10.025, 4.525, 10.45, 4.95], "texture": "#2"},
				"up": {"uv": [10.025, 4.525, 10.45, 4.95], "rotation": 180, "texture": "#2"}
			}
		},
		{
			"name": "cork",
			"from": [4.5, 10.7, 7.25],
			"to": [5, 12.2, 8.75],
			"faces": {
				"north": {"uv": [11.025, 4.025, 11.475, 5.475], "texture": "#2"},
				"east": {"uv": [11.025, 4.025, 11.475, 5.475], "texture": "#2"},
				"south": {"uv": [11.025, 4.025, 11.475, 5.475], "texture": "#2"},
				"west": {"uv": [11.025, 4.025, 11.475, 5.475], "texture": "#2"},
				"up": {"uv": [11.025, 4.025, 11.475, 4.475], "rotation": 180, "texture": "#2"},
				"down": {"uv": [11.025, 4.025, 11.475, 5.475], "rotation": 180, "texture": "#2"}
			}
		},
		{
			"name": "cork",
			"from": [5, 11.2, 7.25],
			"to": [5.5, 12.7, 8.75],
			"faces": {
				"north": {"uv": [10.525, 3.525, 10.975, 4.975], "texture": "#2"},
				"east": {"uv": [10.525, 3.525, 10.975, 4.975], "texture": "#2"},
				"south": {"uv": [10.525, 3.525, 10.975, 4.975], "texture": "#2"},
				"west": {"uv": [10.525, 3.525, 10.975, 4.975], "texture": "#2"},
				"up": {"uv": [10.525, 3.525, 10.975, 3.975], "rotation": 180, "texture": "#2"},
				"down": {"uv": [10.525, 3.525, 10.975, 4.975], "rotation": 180, "texture": "#2"}
			}
		},
		{
			"name": "cork",
			"from": [5.5, 11.7, 7.25],
			"to": [6, 13.2, 8.75],
			"faces": {
				"north": {"uv": [10.025, 3.025, 10.475, 4.475], "texture": "#2"},
				"east": {"uv": [10.025, 3.025, 10.475, 4.475], "texture": "#2"},
				"south": {"uv": [10.025, 3.025, 10.475, 4.475], "texture": "#2"},
				"west": {"uv": [10.025, 3.025, 10.475, 4.475], "texture": "#2"},
				"up": {"uv": [10.025, 3.025, 10.475, 3.475], "rotation": 180, "texture": "#2"},
				"down": {"uv": [10.025, 3.025, 10.475, 4.475], "rotation": 180, "texture": "#2"}
			}
		},
		{
			"name": "cork",
			"from": [6, 12.2, 7.25],
			"to": [6.5, 12.7, 8.75],
			"faces": {
				"north": {"uv": [9.525, 3.525, 9.975, 3.975], "texture": "#2"},
				"east": {"uv": [9.525, 3.525, 9.975, 3.975], "texture": "#2"},
				"south": {"uv": [9.525, 3.525, 9.975, 3.975], "texture": "#2"},
				"west": {"uv": [9.525, 3.525, 9.975, 3.975], "texture": "#2"},
				"up": {"uv": [9.525, 3.525, 9.975, 3.975], "rotation": 180, "texture": "#2"},
				"down": {"uv": [9.525, 3.525, 9.975, 3.975], "rotation": 180, "texture": "#2"}
			}
		},
		{
			"name": "cork",
			"from": [4, 11.2, 7.25],
			"to": [4.5, 11.7, 8.75],
			"faces": {
				"north": {"uv": [11.525, 4.525, 11.975, 4.975], "texture": "#2"},
				"east": {"uv": [11.525, 4.525, 11.975, 4.975], "texture": "#2"},
				"south": {"uv": [11.525, 4.525, 11.975, 4.975], "texture": "#2"},
				"west": {"uv": [11.525, 4.525, 11.975, 4.975], "texture": "#2"},
				"up": {"uv": [11.525, 4.525, 11.975, 4.975], "rotation": 180, "texture": "#2"},
				"down": {"uv": [11.525, 4.525, 11.975, 4.975], "rotation": 180, "texture": "#2"}
			}
		},
		{
			"name": "cork",
			"from": [5, 10.2, 7.25],
			"to": [6, 10.7, 8.75],
			"faces": {
				"north": {"uv": [10.025, 5.525, 10.975, 5.975], "texture": "#2"},
				"east": {"uv": [10.025, 5.525, 10.475, 5.975], "texture": "#2"},
				"south": {"uv": [10.025, 5.525, 10.975, 5.975], "texture": "#2"},
				"west": {"uv": [10.025, 5.525, 10.975, 5.975], "texture": "#2"},
				"up": {"uv": [10.025, 5.525, 10.975, 5.975], "rotation": 180, "texture": "#2"},
				"down": {"uv": [10.025, 5.525, 10.975, 5.975], "rotation": 180, "texture": "#2"}
			}
		},
		{
			"name": "cork",
			"from": [5.5, 10.7, 7.25],
			"to": [6.5, 11.2, 8.75],
			"faces": {
				"north": {"uv": [9.525, 5.025, 10.475, 5.475], "texture": "#2"},
				"east": {"uv": [9.525, 5.025, 9.975, 5.475], "texture": "#2"},
				"south": {"uv": [9.525, 5.025, 10.475, 5.475], "texture": "#2"},
				"west": {"uv": [9.525, 5.025, 10.475, 5.475], "texture": "#2"},
				"up": {"uv": [9.525, 5.025, 10.475, 5.475], "rotation": 180, "texture": "#2"},
				"down": {"uv": [9.525, 5.025, 10.475, 5.475], "rotation": 180, "texture": "#2"}
			}
		},
		{
			"name": "cork",
			"from": [6, 11.2, 7.25],
			"to": [7, 11.7, 8.75],
			"faces": {
				"north": {"uv": [9.025, 4.525, 9.975, 4.975], "texture": "#2"},
				"east": {"uv": [9.025, 4.525, 9.475, 4.975], "texture": "#2"},
				"south": {"uv": [9.025, 4.525, 9.975, 4.975], "texture": "#2"},
				"west": {"uv": [9.025, 4.525, 9.975, 4.975], "texture": "#2"},
				"up": {"uv": [9.025, 4.525, 9.975, 4.975], "rotation": 180, "texture": "#2"},
				"down": {"uv": [9.025, 4.525, 9.975, 4.975], "rotation": 180, "texture": "#2"}
			}
		},
		{
			"name": "cork",
			"from": [6.5, 11.7, 7.25],
			"to": [7, 12.2, 8.75],
			"faces": {
				"north": {"uv": [9.025, 4.025, 9.475, 4.475], "texture": "#2"},
				"east": {"uv": [9.025, 4.025, 9.475, 4.475], "texture": "#2"},
				"south": {"uv": [9.025, 4.025, 9.475, 4.475], "texture": "#2"},
				"west": {"uv": [9.025, 4.025, 9.475, 4.475], "texture": "#2"},
				"up": {"uv": [9.025, 4.025, 9.475, 4.475], "rotation": 180, "texture": "#2"},
				"down": {"uv": [9.025, 4.025, 9.475, 4.475], "rotation": 180, "texture": "#2"}
			}
		},
		{
			"name": "cork",
			"from": [6, 11.7, 7.25],
			"to": [6.5, 12.2, 8.75],
			"faces": {
				"north": {"uv": [10.025, 4.025, 10.475, 4.475], "texture": "#2"},
				"east": {"uv": [7.525, 1.525, 8.475, 1.975], "texture": "#missing"},
				"south": {"uv": [10.025, 4.025, 10.45, 4.45], "texture": "#2"},
				"west": {"uv": [0.1, 0.1, 1.5, 0.5], "texture": "#missing"},
				"up": {"uv": [0.1, 0.1, 1.5, 0.5], "rotation": 180, "texture": "#missing"},
				"down": {"uv": [0.1, 0.1, 1.5, 0.5], "rotation": 180, "texture": "#missing"}
			}
		},
		{
			"name": "cork",
			"from": [5.5, 11.2, 7.25],
			"to": [6, 11.7, 8.75],
			"faces": {
				"north": {"uv": [10.525, 4.525, 10.975, 4.975], "texture": "#2"},
				"east": {"uv": [7.525, 1.525, 8.475, 1.975], "texture": "#missing"},
				"south": {"uv": [10.525, 4.525, 10.95, 4.95], "texture": "#2"},
				"west": {"uv": [0.1, 0.1, 1.5, 0.5], "texture": "#missing"},
				"up": {"uv": [0.1, 0.1, 1.5, 0.5], "rotation": 180, "texture": "#missing"},
				"down": {"uv": [0.1, 0.1, 1.5, 0.5], "rotation": 180, "texture": "#missing"}
			}
		},
		{
			"name": "cork",
			"from": [5, 10.7, 7.25],
			"to": [5.5, 11.2, 8.75],
			"faces": {
				"north": {"uv": [11.025, 5.025, 11.475, 5.475], "texture": "#2"},
				"east": {"uv": [7.525, 1.525, 8.475, 1.975], "texture": "#missing"},
				"south": {"uv": [11.025, 5.025, 11.45, 5.45], "texture": "#2"},
				"west": {"uv": [0.1, 0.1, 1.5, 0.5], "texture": "#missing"},
				"up": {"uv": [0.1, 0.1, 1.5, 0.5], "rotation": 180, "texture": "#missing"},
				"down": {"uv": [0.1, 0.1, 1.5, 0.5], "rotation": 180, "texture": "#missing"}
			}
		},
		{
			"name": "content",
			"from": [5.5, 7.69, 5.5],
			"to": [10.5, 8.18, 10.5],
			"faces": {
				"north": {"uv": [5.525, 8.025, 10.475, 8.475], "texture": "#potion_overlay", "tintindex": 0},
				"east": {"uv": [5.525, 8.025, 10.475, 8.475], "texture": "#potion_overlay", "tintindex": 0},
				"south": {"uv": [5.525, 8.025, 10.475, 8.475], "texture": "#potion_overlay", "tintindex": 0},
				"west": {"uv": [5.525, 8.025, 10.475, 8.475], "texture": "#potion_overlay", "tintindex": 0},
				"up": {"uv": [5.525, 8.525, 10.475, 13.475], "rotation": 180, "texture": "#potion_overlay", "tintindex": 0}
			}
		},
		{
			"name": "content",
			"from": [5, 6.69, 5],
			"to": [11, 7.68, 11],
			"faces": {
				"north": {"uv": [5.025, 8.525, 10.975, 9.475], "texture": "#potion_overlay", "tintindex": 0},
				"east": {"uv": [5.025, 8.525, 10.975, 9.475], "texture": "#potion_overlay", "tintindex": 0},
				"south": {"uv": [5.025, 8.525, 10.975, 9.475], "texture": "#potion_overlay", "tintindex": 0},
				"west": {"uv": [5.025, 8.525, 10.975, 9.475], "texture": "#potion_overlay", "tintindex": 0},
				"up": {"uv": [5.025, 8.525, 10.975, 8.975], "rotation": 180, "texture": "#potion_overlay", "tintindex": 0}
			}
		},
		{
			"name": "content",
			"from": [4.5, 3.21, 4.5],
			"to": [11.5, 6.69, 11.5],
			"faces": {
				"north": {"uv": [4.525, 9.525, 11.475, 12.975], "texture": "#potion_overlay", "tintindex": 0},
				"east": {"uv": [4.525, 9.525, 11.475, 12.975], "texture": "#potion_overlay", "tintindex": 0},
				"south": {"uv": [4.525, 9.525, 11.475, 12.975], "texture": "#potion_overlay", "tintindex": 0},
				"west": {"uv": [4.525, 9.525, 11.475, 12.975], "texture": "#potion_overlay", "tintindex": 0},
				"up": {"uv": [4.525, 9.525, 11.475, 9.975], "rotation": 180, "texture": "#potion_overlay", "tintindex": 0},
				"down": {"uv": [4.525, 12.525, 11.475, 12.975], "rotation": 180, "texture": "#potion_overlay", "tintindex": 0}
			}
		},
		{
			"name": "content",
			"from": [5, 2.71, 5],
			"to": [11, 3.2, 11],
			"faces": {
				"north": {"uv": [5.025, 13.025, 10.975, 13.475], "texture": "#potion_overlay", "tintindex": 0},
				"east": {"uv": [5.025, 13.025, 10.975, 13.475], "texture": "#potion_overlay", "tintindex": 0},
				"south": {"uv": [5.025, 13.025, 10.975, 13.475], "texture": "#potion_overlay", "tintindex": 0},
				"west": {"uv": [5.025, 13.025, 10.975, 13.475], "texture": "#potion_overlay", "tintindex": 0},
				"down": {"uv": [5.025, 13.025, 10.975, 13.475], "rotation": 180, "texture": "#potion_overlay", "tintindex": 0}
			}
		},
		{
			"name": "content",
			"from": [6, 2.21, 6],
			"to": [10, 2.7, 10],
			"faces": {
				"north": {"uv": [6.025, 13.525, 9.975, 13.975], "texture": "#potion_overlay", "tintindex": 0},
				"east": {"uv": [6.025, 13.525, 9.975, 13.975], "texture": "#potion_overlay", "tintindex": 0},
				"south": {"uv": [6.025, 13.525, 9.975, 13.975], "texture": "#potion_overlay", "tintindex": 0},
				"west": {"uv": [6.025, 13.525, 9.975, 13.975], "texture": "#potion_overlay", "tintindex": 0},
				"down": {"uv": [6.025, 13.525, 9.975, 13.975], "rotation": 180, "texture": "#potion_overlay", "tintindex": 0}
			}
		}
	],
	"groups": [
		{
			"name": "model_splash_potion",
			"origin": [8, 8, 8],
			"children": [0, 1, 2, 3, 4, 5, 6, 7, 8, 9, 10, 11, 12, 13, 14, 15, 16, 17, 18]
		},
		{
			"name": "model_cork",
			"origin": [8, 8, 8],
			"children": [19, 20, 21, 22, 23, 24, 25, 26, 27, 28, 29, 30]
		},
		{
			"name": "contents",
			"origin": [8, 8, 8],
			"children": [31, 32, 33, 34, 35]
		}
	]
}