{
	"credit": "Made with Blockbench",
	"parent": "item/rod_display",
	"textures": {
		"layer0": "items/carrot_on_a_stick",
		"particle": "items/carrot_on_a_stick"
	},
	"elements": [
		{
			"name": "carrot_on_a_stick_0",
			"from": [13.5, 14, 7.75],
			"to": [14, 14.5, 8.25],
			"faces": {
				"north": {"uv": [13.525, 1.975, 13.975, 1.525], "rotation": 180, "texture": "#layer0"},
				"south": {"uv": [13.525, 1.525, 13.975, 1.975], "texture": "#layer0"},
				"west": {"uv": [13.525, 1.525, 13.975, 1.975], "texture": "#layer0"},
				"up": {"uv": [13.975, 1.525, 13.525, 1.975], "rotation": 180, "texture": "#layer0"}
			}
		},
		{
			"name": "carrot_on_a_stick_1",
			"from": [14, 14, 7.75],
			"to": [14.5, 14.5, 8.25],
			"faces": {
				"north": {"uv": [14.025, 1.975, 14.475, 1.525], "rotation": 180, "texture": "#layer0"},
				"east": {"uv": [14.025, 1.525, 14.475, 1.975], "texture": "#layer0"},
				"south": {"uv": [14.025, 1.525, 14.475, 1.975], "texture": "#layer0"},
				"up": {"uv": [14.475, 1.525, 14.025, 1.975], "rotation": 180, "texture": "#layer0"}
			}
		},
		{
			"name": "carrot_on_a_stick_2",
			"from": [13, 13.5, 7.75],
			"to": [13.5, 14, 8.25],
			"faces": {
				"north": {"uv": [13.025, 2.475, 13.475, 2.025], "rotation": 180, "texture": "#layer0"},
				"south": {"uv": [13.025, 2.025, 13.475, 2.475], "texture": "#layer0"},
				"west": {"uv": [13.025, 2.025, 13.475, 2.475], "texture": "#layer0"},
				"up": {"uv": [13.475, 2.025, 13.025, 2.475], "rotation": 180, "texture": "#layer0"}
			}
		},
		{
			"name": "carrot_on_a_stick_3",
			"from": [13.5, 13.5, 7.75],
			"to": [14, 14, 8.25],
			"faces": {
				"north": {"uv": [13.525, 2.475, 13.975, 2.025], "rotation": 180, "texture": "#layer0"},
				"south": {"uv": [13.525, 2.025, 13.975, 2.475], "texture": "#layer0"}
			}
		},
		{
			"name": "carrot_on_a_stick_4",
			"from": [14, 13.5, 7.75],
			"to": [14.5, 14, 8.25],
			"faces": {
				"north": {"uv": [14.025, 2.475, 14.475, 2.025], "rotation": 180, "texture": "#layer0"},
				"south": {"uv": [14.025, 2.025, 14.475, 2.475], "texture": "#layer0"}
			}
		},
		{
			"name": "carrot_on_a_stick_5",
			"from": [14.5, 13.5, 7.75],
			"to": [15, 14, 8.25],
			"faces": {
				"north": {"uv": [14.525, 2.475, 14.975, 2.025], "rotation": 180, "texture": "#layer0"},
				"east": {"uv": [14.525, 2.025, 14.975, 2.475], "texture": "#layer0"},
				"south": {"uv": [14.525, 2.025, 14.975, 2.475], "texture": "#layer0"},
				"up": {"uv": [14.975, 2.025, 14.525, 2.475], "rotation": 180, "texture": "#layer0"}
			}
		},
		{
			"name": "carrot_on_a_stick_6",
			"from": [12.5, 13, 7.75],
			"to": [13, 13.5, 8.25],
			"faces": {
				"north": {"uv": [12.525, 2.975, 12.975, 2.525], "rotation": 180, "texture": "#layer0"},
				"south": {"uv": [12.525, 2.525, 12.975, 2.975], "texture": "#layer0"},
				"west": {"uv": [12.525, 2.525, 12.975, 2.975], "texture": "#layer0"},
				"up": {"uv": [12.975, 2.525, 12.525, 2.975], "rotation": 180, "texture": "#layer0"}
			}
		},
		{
			"name": "carrot_on_a_stick_7",
			"from": [13, 13, 7.75],
			"to": [13.5, 13.5, 8.25],
			"faces": {
				"north": {"uv": [13.025, 2.975, 13.475, 2.525], "rotation": 180, "texture": "#layer0"},
				"south": {"uv": [13.025, 2.525, 13.475, 2.975], "texture": "#layer0"}
			}
		},
		{
			"name": "carrot_on_a_stick_8",
			"from": [13.5, 13, 7.55],
			"to": [14, 13.5, 8.45],
			"faces": {
				"north": {"uv": [13.525, 2.975, 13.975, 2.525], "rotation": 180, "texture": "#layer0"},
				"south": {"uv": [13.525, 2.525, 13.975, 2.975], "texture": "#layer0"},
				"west": {"uv": [13.525, 2.525, 13.975, 2.975], "texture": "#layer0"},
				"up": {"uv": [13.975, 2.525, 13.525, 2.975], "rotation": 180, "texture": "#layer0"}
			}
		},
		{
			"name": "carrot_on_a_stick_9",
			"from": [14, 13, 7.55],
			"to": [14.5, 13.5, 8.45],
			"faces": {
				"north": {"uv": [14.025, 2.975, 14.475, 2.525], "rotation": 180, "texture": "#layer0"},
				"east": {"uv": [14.025, 2.525, 14.475, 2.975], "texture": "#layer0"},
				"south": {"uv": [14.025, 2.525, 14.475, 2.975], "texture": "#layer0"},
				"up": {"uv": [14.475, 2.525, 14.025, 2.975], "rotation": 180, "texture": "#layer0"}
			}
		},
		{
			"name": "carrot_on_a_stick_10",
			"from": [14.5, 13, 7.75],
			"to": [15, 13.5, 8.25],
			"faces": {
				"north": {"uv": [14.525, 2.975, 14.975, 2.525], "rotation": 180, "texture": "#layer0"},
				"east": {"uv": [14.525, 2.525, 14.975, 2.975], "texture": "#layer0"},
				"south": {"uv": [14.525, 2.525, 14.975, 2.975], "texture": "#layer0"}
			}
		},
		{
			"name": "carrot_on_a_stick_11",
			"from": [12, 12.5, 7.75],
			"to": [12.5, 13, 8.25],
			"faces": {
				"north": {"uv": [12.025, 3.475, 12.475, 3.025], "rotation": 180, "texture": "#layer0"},
				"south": {"uv": [12.025, 3.025, 12.475, 3.475], "texture": "#layer0"},
				"west": {"uv": [12.025, 3.025, 12.475, 3.475], "texture": "#layer0"},
				"up": {"uv": [12.475, 3.025, 12.025, 3.475], "rotation": 180, "texture": "#layer0"}
			}
		},
		{
			"name": "carrot_on_a_stick_12",
			"from": [12.5, 12.5, 7.75],
			"to": [13, 13, 8.25],
			"faces": {
				"north": {"uv": [12.525, 3.475, 12.975, 3.025], "rotation": 180, "texture": "#layer0"},
				"south": {"uv": [12.525, 3.025, 12.975, 3.475], "texture": "#layer0"}
			}
		},
		{
			"name": "carrot_on_a_stick_13",
			"from": [13, 12.5, 7.55],
			"to": [13.5, 13, 8.45],
			"faces": {
				"north": {"uv": [13.025, 3.475, 13.475, 3.025], "rotation": 180, "texture": "#layer0"},
				"south": {"uv": [13.025, 3.025, 13.475, 3.475], "texture": "#layer0"},
				"west": {"uv": [13.025, 3.025, 13.475, 3.475], "texture": "#layer0"},
				"up": {"uv": [13.475, 3.025, 13.025, 3.475], "rotation": 180, "texture": "#layer0"}
			}
		},
		{
			"name": "carrot_on_a_stick_14",
			"from": [13.5, 12.5, 7.55],
			"to": [14, 13, 8.45],
			"faces": {
				"north": {"uv": [13.525, 3.475, 13.975, 3.025], "rotation": 180, "texture": "#layer0"},
				"south": {"uv": [13.525, 3.025, 13.975, 3.475], "texture": "#layer0"}
			}
		},
		{
			"name": "carrot_on_a_stick_15",
			"from": [14, 12.5, 7.55],
			"to": [14.5, 13, 8.45],
			"faces": {
				"north": {"uv": [14.025, 3.475, 14.475, 3.025], "rotation": 180, "texture": "#layer0"},
				"east": {"uv": [14.025, 3.025, 14.475, 3.475], "texture": "#layer0"},
				"south": {"uv": [14.025, 3.025, 14.475, 3.475], "texture": "#layer0"},
				"down": {"uv": [14.025, 3.025, 14.475, 3.475], "texture": "#layer0"}
			}
		},
		{
			"name": "carrot_on_a_stick_16",
			"from": [14.5, 12.5, 7.75],
			"to": [15, 13, 8.25],
			"faces": {
				"north": {"uv": [14.525, 3.475, 14.975, 3.025], "rotation": 180, "texture": "#layer0"},
				"east": {"uv": [14.525, 3.025, 14.975, 3.475], "texture": "#layer0"},
				"south": {"uv": [14.525, 3.025, 14.975, 3.475], "texture": "#layer0"}
			}
		},
		{
			"name": "carrot_on_a_stick_17",
			"from": [11.5, 12, 7.75],
			"to": [12, 12.5, 8.25],
			"faces": {
				"north": {"uv": [11.525, 3.975, 11.975, 3.525], "rotation": 180, "texture": "#layer0"},
				"south": {"uv": [11.525, 3.525, 11.975, 3.975], "texture": "#layer0"},
				"west": {"uv": [11.525, 3.525, 11.975, 3.975], "texture": "#layer0"},
				"up": {"uv": [11.975, 3.525, 11.525, 3.975], "rotation": 180, "texture": "#layer0"}
			}
		},
		{
			"name": "carrot_on_a_stick_18",
			"from": [12, 12, 7.75],
			"to": [12.5, 12.5, 8.25],
			"faces": {
				"north": {"uv": [12.025, 3.975, 12.475, 3.525], "rotation": 180, "texture": "#layer0"},
				"south": {"uv": [12.025, 3.525, 12.475, 3.975], "texture": "#layer0"}
			}
		},
		{
			"name": "carrot_on_a_stick_19",
			"from": [12.5, 12, 7.55],
			"to": [13, 12.5, 8.45],
			"faces": {
				"north": {"uv": [12.525, 3.975, 12.975, 3.525], "rotation": 180, "texture": "#layer0"},
				"south": {"uv": [12.525, 3.525, 12.975, 3.975], "texture": "#layer0"},
				"west": {"uv": [12.525, 3.525, 12.975, 3.975], "texture": "#layer0"},
				"up": {"uv": [12.975, 3.525, 12.525, 3.975], "rotation": 180, "texture": "#layer0"}
			}
		},
		{
			"name": "carrot_on_a_stick_20",
			"from": [13, 12, 7.55],
			"to": [13.5, 12.5, 8.45],
			"faces": {
				"north": {"uv": [13.025, 3.975, 13.475, 3.525], "rotation": 180, "texture": "#layer0"},
				"south": {"uv": [13.025, 3.525, 13.475, 3.975], "texture": "#layer0"}
			}
		},
		{
			"name": "carrot_on_a_stick_21",
			"from": [13.5, 12, 7.55],
			"to": [14, 12.5, 8.45],
			"faces": {
				"north": {"uv": [13.525, 3.975, 13.975, 3.525], "rotation": 180, "texture": "#layer0"},
				"east": {"uv": [13.525, 3.525, 13.975, 3.975], "texture": "#layer0"},
				"south": {"uv": [13.525, 3.525, 13.975, 3.975], "texture": "#layer0"},
				"down": {"uv": [13.525, 3.525, 13.975, 3.975], "texture": "#layer0"}
			}
		},
		{
			"name": "carrot_on_a_stick_22",
			"from": [14, 12, 7.75],
			"to": [14.5, 12.5, 8.25],
			"faces": {
				"north": {"uv": [14.025, 3.975, 14.475, 3.525], "rotation": 180, "texture": "#layer0"},
				"south": {"uv": [14.025, 3.525, 14.475, 3.975], "texture": "#layer0"},
				"down": {"uv": [14.025, 3.525, 14.475, 3.975], "texture": "#layer0"}
			}
		},
		{
			"name": "carrot_on_a_stick_23",
			"from": [14.5, 12, 7.75],
			"to": [15, 12.5, 8.25],
			"faces": {
				"north": {"uv": [14.525, 3.975, 14.975, 3.525], "rotation": 180, "texture": "#layer0"},
				"east": {"uv": [14.525, 3.525, 14.975, 3.975], "texture": "#layer0"},
				"south": {"uv": [14.525, 3.525, 14.975, 3.975], "texture": "#layer0"}
			}
		},
		{
			"name": "carrot_on_a_stick_24",
			"from": [11, 11.5, 7.75],
			"to": [11.5, 12, 8.25],
			"faces": {
				"north": {"uv": [11.025, 4.475, 11.475, 4.025], "rotation": 180, "texture": "#layer0"},
				"south": {"uv": [11.025, 4.025, 11.475, 4.475], "texture": "#layer0"},
				"west": {"uv": [11.025, 4.025, 11.475, 4.475], "texture": "#layer0"},
				"up": {"uv": [11.475, 4.025, 11.025, 4.475], "rotation": 180, "texture": "#layer0"}
			}
		},
		{
			"name": "carrot_on_a_stick_25",
			"from": [11.5, 11.5, 7.75],
			"to": [12, 12, 8.25],
			"faces": {
				"north": {"uv": [11.525, 4.475, 11.975, 4.025], "rotation": 180, "texture": "#layer0"},
				"south": {"uv": [11.525, 4.025, 11.975, 4.475], "texture": "#layer0"}
			}
		},
		{
			"name": "carrot_on_a_stick_26",
			"from": [12, 11.5, 7.55],
			"to": [12.5, 12, 8.45],
			"faces": {
				"north": {"uv": [12.025, 4.475, 12.475, 4.025], "rotation": 180, "texture": "#layer0"},
				"south": {"uv": [12.025, 4.025, 12.475, 4.475], "texture": "#layer0"},
				"west": {"uv": [12.025, 4.025, 12.475, 4.475], "texture": "#layer0"},
				"up": {"uv": [12.475, 4.025, 12.025, 4.475], "rotation": 180, "texture": "#layer0"}
			}
		},
		{
			"name": "carrot_on_a_stick_27",
			"from": [12.5, 11.5, 7.55],
			"to": [13, 12, 8.45],
			"faces": {
				"north": {"uv": [12.525, 4.475, 12.975, 4.025], "rotation": 180, "texture": "#layer0"},
				"south": {"uv": [12.525, 4.025, 12.975, 4.475], "texture": "#layer0"}
			}
		},
		{
			"name": "carrot_on_a_stick_28",
			"from": [13, 11.5, 7.55],
			"to": [13.5, 12, 8.45],
			"faces": {
				"north": {"uv": [13.025, 4.475, 13.475, 4.025], "rotation": 180, "texture": "#layer0"},
				"east": {"uv": [13.025, 4.025, 13.475, 4.475], "texture": "#layer0"},
				"south": {"uv": [13.025, 4.025, 13.475, 4.475], "texture": "#layer0"},
				"down": {"uv": [13.025, 4.025, 13.475, 4.475], "texture": "#layer0"}
			}
		},
		{
			"name": "carrot_on_a_stick_29",
			"from": [13.5, 11.5, 7.75],
			"to": [14, 12, 8.25],
			"faces": {
				"north": {"uv": [13.525, 4.475, 13.975, 4.025], "rotation": 180, "texture": "#layer0"},
				"east": {"uv": [13.525, 4.025, 13.975, 4.475], "texture": "#layer0"},
				"south": {"uv": [13.525, 4.025, 13.975, 4.475], "texture": "#layer0"},
				"down": {"uv": [13.525, 4.025, 13.975, 4.475], "texture": "#layer0"}
			}
		},
		{
			"name": "carrot_on_a_stick_30",
			"from": [14.5, 11.5, 7.75],
			"to": [15, 12, 8.25],
			"faces": {
				"north": {"uv": [14.525, 4.475, 14.975, 4.025], "rotation": 180, "texture": "#layer0"},
				"east": {"uv": [14.525, 4.025, 14.975, 4.475], "texture": "#layer0"},
				"south": {"uv": [14.525, 4.025, 14.975, 4.475], "texture": "#layer0"},
				"west": {"uv": [14.525, 4.025, 14.975, 4.475], "texture": "#layer0"}
			}
		},
		{
			"name": "carrot_on_a_stick_31",
			"from": [10.5, 11, 7.75],
			"to": [11, 11.5, 8.25],
			"faces": {
				"north": {"uv": [10.525, 4.975, 10.975, 4.525], "rotation": 180, "texture": "#layer0"},
				"south": {"uv": [10.525, 4.525, 10.975, 4.975], "texture": "#layer0"},
				"west": {"uv": [10.525, 4.525, 10.975, 4.975], "texture": "#layer0"},
				"up": {"uv": [10.975, 4.525, 10.525, 4.975], "rotation": 180, "texture": "#layer0"}
			}
		},
		{
			"name": "carrot_on_a_stick_32",
			"from": [11, 11, 7.75],
			"to": [11.5, 11.5, 8.25],
			"faces": {
				"north": {"uv": [11.025, 4.975, 11.475, 4.525], "rotation": 180, "texture": "#layer0"},
				"south": {"uv": [11.025, 4.525, 11.475, 4.975], "texture": "#layer0"}
			}
		},
		{
			"name": "carrot_on_a_stick_33",
			"from": [11.5, 11, 7.55],
			"to": [12, 11.5, 8.45],
			"faces": {
				"north": {"uv": [11.525, 4.975, 11.975, 4.525], "rotation": 180, "texture": "#layer0"},
				"south": {"uv": [11.525, 4.525, 11.975, 4.975], "texture": "#layer0"},
				"west": {"uv": [11.525, 4.525, 11.975, 4.975], "texture": "#layer0"},
				"up": {"uv": [11.975, 4.525, 11.525, 4.975], "rotation": 180, "texture": "#layer0"}
			}
		},
		{
			"name": "carrot_on_a_stick_34",
			"from": [12, 11, 7.55],
			"to": [12.5, 11.5, 8.45],
			"faces": {
				"north": {"uv": [12.025, 4.975, 12.475, 4.525], "rotation": 180, "texture": "#layer0"},
				"south": {"uv": [12.025, 4.525, 12.475, 4.975], "texture": "#layer0"}
			}
		},
		{
			"name": "carrot_on_a_stick_35",
			"from": [12.5, 11, 7.55],
			"to": [13, 11.5, 8.45],
			"faces": {
				"north": {"uv": [12.525, 4.975, 12.975, 4.525], "rotation": 180, "texture": "#layer0"},
				"east": {"uv": [12.525, 4.525, 12.975, 4.975], "texture": "#layer0"},
				"south": {"uv": [12.525, 4.525, 12.975, 4.975], "texture": "#layer0"},
				"down": {"uv": [12.525, 4.525, 12.975, 4.975], "texture": "#layer0"}
			}
		},
		{
			"name": "carrot_on_a_stick_36",
			"from": [13, 11, 7.75],
			"to": [13.5, 11.5, 8.25],
			"faces": {
				"north": {"uv": [13.025, 4.975, 13.475, 4.525], "rotation": 180, "texture": "#layer0"},
				"east": {"uv": [13.025, 4.525, 13.475, 4.975], "texture": "#layer0"},
				"south": {"uv": [13.025, 4.525, 13.475, 4.975], "texture": "#layer0"},
				"down": {"uv": [13.025, 4.525, 13.475, 4.975], "texture": "#layer0"}
			}
		},
		{
			"name": "carrot_on_a_stick_37",
			"from": [14.5, 11, 7.75],
			"to": [15, 11.5, 8.25],
			"faces": {
				"north": {"uv": [14.525, 4.975, 14.975, 4.525], "rotation": 180, "texture": "#layer0"},
				"east": {"uv": [14.525, 4.525, 14.975, 4.975], "texture": "#layer0"},
				"south": {"uv": [14.525, 4.525, 14.975, 4.975], "texture": "#layer0"},
				"west": {"uv": [14.525, 4.525, 14.975, 4.975], "texture": "#layer0"}
			}
		},
		{
			"name": "carrot_on_a_stick_38",
			"from": [10, 10.5, 7.75],
			"to": [10.5, 11, 8.25],
			"faces": {
				"north": {"uv": [10.025, 5.475, 10.475, 5.025], "rotation": 180, "texture": "#layer0"},
				"south": {"uv": [10.025, 5.025, 10.475, 5.475], "texture": "#layer0"},
				"west": {"uv": [10.025, 5.025, 10.475, 5.475], "texture": "#layer0"},
				"up": {"uv": [10.475, 5.025, 10.025, 5.475], "rotation": 180, "texture": "#layer0"}
			}
		},
		{
			"name": "carrot_on_a_stick_39",
			"from": [10.5, 10.5, 7.75],
			"to": [11, 11, 8.25],
			"faces": {
				"north": {"uv": [10.525, 5.475, 10.975, 5.025], "rotation": 180, "texture": "#layer0"},
				"south": {"uv": [10.525, 5.025, 10.975, 5.475], "texture": "#layer0"}
			}
		},
		{
			"name": "carrot_on_a_stick_40",
			"from": [11, 10.5, 7.55],
			"to": [11.5, 11, 8.45],
			"faces": {
				"north": {"uv": [11.025, 5.475, 11.475, 5.025], "rotation": 180, "texture": "#layer0"},
				"south": {"uv": [11.025, 5.025, 11.475, 5.475], "texture": "#layer0"},
				"west": {"uv": [11.025, 5.025, 11.475, 5.475], "texture": "#layer0"},
				"up": {"uv": [11.475, 5.025, 11.025, 5.475], "rotation": 180, "texture": "#layer0"}
			}
		},
		{
			"name": "carrot_on_a_stick_41",
			"from": [11.5, 10.5, 7.55],
			"to": [12, 11, 8.45],
			"faces": {
				"north": {"uv": [11.525, 5.475, 11.975, 5.025], "rotation": 180, "texture": "#layer0"},
				"south": {"uv": [11.525, 5.025, 11.975, 5.475], "texture": "#layer0"}
			}
		},
		{
			"name": "carrot_on_a_stick_42",
			"from": [12, 10.5, 7.55],
			"to": [12.5, 11, 8.45],
			"faces": {
				"north": {"uv": [12.025, 5.475, 12.475, 5.025], "rotation": 180, "texture": "#layer0"},
				"east": {"uv": [12.025, 5.025, 12.475, 5.475], "texture": "#layer0"},
				"south": {"uv": [12.025, 5.025, 12.475, 5.475], "texture": "#layer0"},
				"down": {"uv": [12.025, 5.025, 12.475, 5.475], "texture": "#layer0"}
			}
		},
		{
			"name": "carrot_on_a_stick_43",
			"from": [12.5, 10.5, 7.75],
			"to": [13, 11, 8.25],
			"faces": {
				"north": {"uv": [12.525, 5.475, 12.975, 5.025], "rotation": 180, "texture": "#layer0"},
				"east": {"uv": [12.525, 5.025, 12.975, 5.475], "texture": "#layer0"},
				"south": {"uv": [12.525, 5.025, 12.975, 5.475], "texture": "#layer0"},
				"down": {"uv": [12.525, 5.025, 12.975, 5.475], "texture": "#layer0"}
			}
		},
		{
			"name": "carrot_on_a_stick_44",
			"from": [14.5, 10.5, 7.75],
			"to": [15, 11, 8.25],
			"faces": {
				"north": {"uv": [14.525, 5.475, 14.975, 5.025], "rotation": 180, "texture": "#layer0"},
				"east": {"uv": [14.525, 5.025, 14.975, 5.475], "texture": "#layer0"},
				"south": {"uv": [14.525, 5.025, 14.975, 5.475], "texture": "#layer0"},
				"west": {"uv": [14.525, 5.025, 14.975, 5.475], "texture": "#layer0"}
			}
		},
		{
			"name": "carrot_on_a_stick_45",
			"from": [9.5, 10, 7.75],
			"to": [10, 10.5, 8.25],
			"faces": {
				"north": {"uv": [9.525, 5.975, 9.975, 5.525], "rotation": 180, "texture": "#layer0"},
				"south": {"uv": [9.525, 5.525, 9.975, 5.975], "texture": "#layer0"},
				"west": {"uv": [9.525, 5.525, 9.975, 5.975], "texture": "#layer0"},
				"up": {"uv": [9.975, 5.525, 9.525, 5.975], "rotation": 180, "texture": "#layer0"}
			}
		},
		{
			"name": "carrot_on_a_stick_46",
			"from": [10, 10, 7.75],
			"to": [10.5, 10.5, 8.25],
			"faces": {
				"north": {"uv": [10.025, 5.975, 10.475, 5.525], "rotation": 180, "texture": "#layer0"},
				"south": {"uv": [10.025, 5.525, 10.475, 5.975], "texture": "#layer0"}
			}
		},
		{
			"name": "carrot_on_a_stick_47",
			"from": [10.5, 10, 7.55],
			"to": [11, 10.5, 8.45],
			"faces": {
				"north": {"uv": [10.525, 5.975, 10.975, 5.525], "rotation": 180, "texture": "#layer0"},
				"south": {"uv": [10.525, 5.525, 10.975, 5.975], "texture": "#layer0"},
				"west": {"uv": [10.525, 5.525, 10.975, 5.975], "texture": "#layer0"},
				"up": {"uv": [10.975, 5.525, 10.525, 5.975], "rotation": 180, "texture": "#layer0"}
			}
		},
		{
			"name": "carrot_on_a_stick_48",
			"from": [11, 10, 7.55],
			"to": [11.5, 10.5, 8.45],
			"faces": {
				"north": {"uv": [11.025, 5.975, 11.475, 5.525], "rotation": 180, "texture": "#layer0"},
				"south": {"uv": [11.025, 5.525, 11.475, 5.975], "texture": "#layer0"}
			}
		},
		{
			"name": "carrot_on_a_stick_49",
			"from": [11.5, 10, 7.55],
			"to": [12, 10.5, 8.45],
			"faces": {
				"north": {"uv": [11.525, 5.975, 11.975, 5.525], "rotation": 180, "texture": "#layer0"},
				"east": {"uv": [11.525, 5.525, 11.975, 5.975], "texture": "#layer0"},
				"south": {"uv": [11.525, 5.525, 11.975, 5.975], "texture": "#layer0"},
				"down": {"uv": [11.525, 5.525, 11.975, 5.975], "texture": "#layer0"}
			}
		},
		{
			"name": "carrot_on_a_stick_50",
			"from": [12, 10, 7.75],
			"to": [12.5, 10.5, 8.25],
			"faces": {
				"north": {"uv": [12.025, 5.975, 12.475, 5.525], "rotation": 180, "texture": "#layer0"},
				"east": {"uv": [12.025, 5.525, 12.475, 5.975], "texture": "#layer0"},
				"south": {"uv": [12.025, 5.525, 12.475, 5.975], "texture": "#layer0"},
				"down": {"uv": [12.025, 5.525, 12.475, 5.975], "texture": "#layer0"}
			}
		},
		{
			"name": "carrot_on_a_stick_51",
			"from": [14.5, 10, 7.75],
			"to": [15, 10.5, 8.25],
			"faces": {
				"north": {"uv": [14.525, 5.975, 14.975, 5.525], "rotation": 180, "texture": "#layer0"},
				"east": {"uv": [14.525, 5.525, 14.975, 5.975], "texture": "#layer0"},
				"south": {"uv": [14.525, 5.525, 14.975, 5.975], "texture": "#layer0"},
				"west": {"uv": [14.525, 5.525, 14.975, 5.975], "texture": "#layer0"}
			}
		},
		{
			"name": "carrot_on_a_stick_52",
			"from": [9, 9.5, 7.75],
			"to": [9.5, 10, 8.25],
			"faces": {
				"north": {"uv": [9.025, 6.475, 9.475, 6.025], "rotation": 180, "texture": "#layer0"},
				"south": {"uv": [9.025, 6.025, 9.475, 6.475], "texture": "#layer0"},
				"west": {"uv": [9.025, 6.025, 9.475, 6.475], "texture": "#layer0"},
				"up": {"uv": [9.475, 6.025, 9.025, 6.475], "rotation": 180, "texture": "#layer0"}
			}
		},
		{
			"name": "carrot_on_a_stick_53",
			"from": [9.5, 9.5, 7.75],
			"to": [10, 10, 8.25],
			"faces": {
				"north": {"uv": [9.525, 6.475, 9.975, 6.025], "rotation": 180, "texture": "#layer0"},
				"south": {"uv": [9.525, 6.025, 9.975, 6.475], "texture": "#layer0"}
			}
		},
		{
			"name": "carrot_on_a_stick_54",
			"from": [10, 9.5, 7.55],
			"to": [10.5, 10, 8.45],
			"faces": {
				"north": {"uv": [10.025, 6.475, 10.475, 6.025], "rotation": 180, "texture": "#layer0"},
				"south": {"uv": [10.025, 6.025, 10.475, 6.475], "texture": "#layer0"},
				"west": {"uv": [10.025, 6.025, 10.475, 6.475], "texture": "#layer0"},
				"up": {"uv": [10.475, 6.025, 10.025, 6.475], "rotation": 180, "texture": "#layer0"}
			}
		},
		{
			"name": "carrot_on_a_stick_55",
			"from": [10.5, 9.5, 7.55],
			"to": [11, 10, 8.45],
			"faces": {
				"north": {"uv": [10.525, 6.475, 10.975, 6.025], "rotation": 180, "texture": "#layer0"},
				"south": {"uv": [10.525, 6.025, 10.975, 6.475], "texture": "#layer0"}
			}
		},
		{
			"name": "carrot_on_a_stick_56",
			"from": [11, 9.5, 7.55],
			"to": [11.5, 10, 8.45],
			"faces": {
				"north": {"uv": [11.025, 6.475, 11.475, 6.025], "rotation": 180, "texture": "#layer0"},
				"east": {"uv": [11.025, 6.025, 11.475, 6.475], "texture": "#layer0"},
				"south": {"uv": [11.025, 6.025, 11.475, 6.475], "texture": "#layer0"},
				"down": {"uv": [11.025, 6.025, 11.475, 6.475], "texture": "#layer0"}
			}
		},
		{
			"name": "carrot_on_a_stick_57",
			"from": [11.5, 9.5, 7.75],
			"to": [12, 10, 8.25],
			"faces": {
				"north": {"uv": [11.525, 6.475, 11.975, 6.025], "rotation": 180, "texture": "#layer0"},
				"east": {"uv": [11.525, 6.025, 11.975, 6.475], "texture": "#layer0"},
				"south": {"uv": [11.525, 6.025, 11.975, 6.475], "texture": "#layer0"},
				"down": {"uv": [11.525, 6.025, 11.975, 6.475], "texture": "#layer0"}
			}
		},
		{
			"name": "carrot_on_a_stick_58",
			"from": [14.5, 9.5, 7.75],
			"to": [15, 10, 8.25],
			"faces": {
				"north": {"uv": [14.525, 6.475, 14.975, 6.025], "rotation": 180, "texture": "#layer0"},
				"east": {"uv": [14.525, 6.025, 14.975, 6.475], "texture": "#layer0"},
				"south": {"uv": [14.525, 6.025, 14.975, 6.475], "texture": "#layer0"},
				"west": {"uv": [14.525, 6.025, 14.975, 6.475], "texture": "#layer0"}
			}
		},
		{
			"name": "carrot_on_a_stick_59",
			"from": [8.5, 9, 7.75],
			"to": [9, 9.5, 8.25],
			"faces": {
				"north": {"uv": [8.525, 6.975, 8.975, 6.525], "rotation": 180, "texture": "#layer0"},
				"south": {"uv": [8.525, 6.525, 8.975, 6.975], "texture": "#layer0"},
				"west": {"uv": [8.525, 6.525, 8.975, 6.975], "texture": "#layer0"},
				"up": {"uv": [8.975, 6.525, 8.525, 6.975], "rotation": 180, "texture": "#layer0"}
			}
		},
		{
			"name": "carrot_on_a_stick_60",
			"from": [9, 9, 7.75],
			"to": [9.5, 9.5, 8.25],
			"faces": {
				"north": {"uv": [9.025, 6.975, 9.475, 6.525], "rotation": 180, "texture": "#layer0"},
				"south": {"uv": [9.025, 6.525, 9.475, 6.975], "texture": "#layer0"}
			}
		},
		{
			"name": "carrot_on_a_stick_61",
			"from": [9.5, 9, 7.55],
			"to": [10, 9.5, 8.45],
			"faces": {
				"north": {"uv": [9.525, 6.975, 9.975, 6.525], "rotation": 180, "texture": "#layer0"},
				"south": {"uv": [9.525, 6.525, 9.975, 6.975], "texture": "#layer0"},
				"west": {"uv": [9.525, 6.525, 9.975, 6.975], "texture": "#layer0"},
				"up": {"uv": [9.975, 6.525, 9.525, 6.975], "rotation": 180, "texture": "#layer0"}
			}
		},
		{
			"name": "carrot_on_a_stick_62",
			"from": [10, 9, 7.55],
			"to": [10.5, 9.5, 8.45],
			"faces": {
				"north": {"uv": [10.025, 6.975, 10.475, 6.525], "rotation": 180, "texture": "#layer0"},
				"south": {"uv": [10.025, 6.525, 10.475, 6.975], "texture": "#layer0"}
			}
		},
		{
			"name": "carrot_on_a_stick_63",
			"from": [10.5, 9, 7.55],
			"to": [11, 9.5, 8.45],
			"faces": {
				"north": {"uv": [10.525, 6.975, 10.975, 6.525], "rotation": 180, "texture": "#layer0"},
				"east": {"uv": [10.525, 6.525, 10.975, 6.975], "texture": "#layer0"},
				"south": {"uv": [10.525, 6.525, 10.975, 6.975], "texture": "#layer0"},
				"down": {"uv": [10.525, 6.525, 10.975, 6.975], "texture": "#layer0"}
			}
		},
		{
			"name": "carrot_on_a_stick_64",
			"from": [11, 9, 7.75],
			"to": [11.5, 9.5, 8.25],
			"faces": {
				"north": {"uv": [11.025, 6.975, 11.475, 6.525], "rotation": 180, "texture": "#layer0"},
				"east": {"uv": [11.025, 6.525, 11.475, 6.975], "texture": "#layer0"},
				"south": {"uv": [11.025, 6.525, 11.475, 6.975], "texture": "#layer0"},
				"down": {"uv": [11.025, 6.525, 11.475, 6.975], "texture": "#layer0"}
			}
		},
		{
			"name": "carrot_on_a_stick_65",
			"from": [14.5, 9, 7.75],
			"to": [15, 9.5, 8.25],
			"faces": {
				"north": {"uv": [14.525, 6.975, 14.975, 6.525], "rotation": 180, "texture": "#layer0"},
				"east": {"uv": [14.525, 6.525, 14.975, 6.975], "texture": "#layer0"},
				"south": {"uv": [14.525, 6.525, 14.975, 6.975], "texture": "#layer0"},
				"west": {"uv": [14.525, 6.525, 14.975, 6.975], "texture": "#layer0"}
			}
		},
		{
			"name": "carrot_on_a_stick_66",
			"from": [8, 8.5, 7.75],
			"to": [8.5, 9, 8.25],
			"faces": {
				"north": {"uv": [8.025, 7.475, 8.475, 7.025], "rotation": 180, "texture": "#layer0"},
				"south": {"uv": [8.025, 7.025, 8.475, 7.475], "texture": "#layer0"},
				"west": {"uv": [8.025, 7.025, 8.475, 7.475], "texture": "#layer0"},
				"up": {"uv": [8.475, 7.025, 8.025, 7.475], "rotation": 180, "texture": "#layer0"}
			}
		},
		{
			"name": "carrot_on_a_stick_67",
			"from": [8.5, 8.5, 7.75],
			"to": [9, 9, 8.25],
			"faces": {
				"north": {"uv": [8.525, 7.475, 8.975, 7.025], "rotation": 180, "texture": "#layer0"},
				"south": {"uv": [8.525, 7.025, 8.975, 7.475], "texture": "#layer0"}
			}
		},
		{
			"name": "carrot_on_a_stick_68",
			"from": [9, 8.5, 7.55],
			"to": [9.5, 9, 8.45],
			"faces": {
				"north": {"uv": [9.025, 7.475, 9.475, 7.025], "rotation": 180, "texture": "#layer0"},
				"south": {"uv": [9.025, 7.025, 9.475, 7.475], "texture": "#layer0"},
				"west": {"uv": [9.025, 7.025, 9.475, 7.475], "texture": "#layer0"},
				"up": {"uv": [9.475, 7.025, 9.025, 7.475], "rotation": 180, "texture": "#layer0"}
			}
		},
		{
			"name": "carrot_on_a_stick_69",
			"from": [9.5, 8.5, 7.55],
			"to": [10, 9, 8.45],
			"faces": {
				"north": {"uv": [9.525, 7.475, 9.975, 7.025], "rotation": 180, "texture": "#layer0"},
				"south": {"uv": [9.525, 7.025, 9.975, 7.475], "texture": "#layer0"}
			}
		},
		{
			"name": "carrot_on_a_stick_70",
			"from": [10, 8.5, 7.55],
			"to": [10.5, 9, 8.45],
			"faces": {
				"north": {"uv": [10.025, 7.475, 10.475, 7.025], "rotation": 180, "texture": "#layer0"},
				"east": {"uv": [10.025, 7.025, 10.475, 7.475], "texture": "#layer0"},
				"south": {"uv": [10.025, 7.025, 10.475, 7.475], "texture": "#layer0"},
				"down": {"uv": [10.025, 7.025, 10.475, 7.475], "texture": "#layer0"}
			}
		},
		{
			"name": "carrot_on_a_stick_71",
			"from": [10.5, 8.5, 7.75],
			"to": [11, 9, 8.25],
			"faces": {
				"north": {"uv": [10.525, 7.475, 10.975, 7.025], "rotation": 180, "texture": "#layer0"},
				"east": {"uv": [10.525, 7.025, 10.975, 7.475], "texture": "#layer0"},
				"south": {"uv": [10.525, 7.025, 10.975, 7.475], "texture": "#layer0"},
				"down": {"uv": [10.525, 7.025, 10.975, 7.475], "texture": "#layer0"}
			}
		},
		{
			"name": "carrot_on_a_stick_72",
			"from": [14.5, 8.5, 7.75],
			"to": [15, 9, 8.25],
			"faces": {
				"north": {"uv": [14.525, 7.475, 14.975, 7.025], "rotation": 180, "texture": "#layer0"},
				"east": {"uv": [14.525, 7.025, 14.975, 7.475], "texture": "#layer0"},
				"south": {"uv": [14.525, 7.025, 14.975, 7.475], "texture": "#layer0"},
				"west": {"uv": [14.525, 7.025, 14.975, 7.475], "texture": "#layer0"}
			}
		},
		{
			"name": "carrot_on_a_stick_73",
			"from": [7.5, 8, 7.75],
			"to": [8, 8.5, 8.25],
			"faces": {
				"north": {"uv": [7.525, 7.975, 7.975, 7.525], "rotation": 180, "texture": "#layer0"},
				"south": {"uv": [7.525, 7.525, 7.975, 7.975], "texture": "#layer0"},
				"west": {"uv": [7.525, 7.525, 7.975, 7.975], "texture": "#layer0"},
				"up": {"uv": [7.975, 7.525, 7.525, 7.975], "rotation": 180, "texture": "#layer0"}
			}
		},
		{
			"name": "carrot_on_a_stick_74",
			"from": [8, 8, 7.75],
			"to": [8.5, 8.5, 8.25],
			"faces": {
				"north": {"uv": [8.025, 7.975, 8.475, 7.525], "rotation": 180, "texture": "#layer0"},
				"south": {"uv": [8.025, 7.525, 8.475, 7.975], "texture": "#layer0"}
			}
		},
		{
			"name": "carrot_on_a_stick_75",
			"from": [8.5, 8, 7.55],
			"to": [9, 8.5, 8.45],
			"faces": {
				"north": {"uv": [8.525, 7.975, 8.975, 7.525], "rotation": 180, "texture": "#layer0"},
				"south": {"uv": [8.525, 7.525, 8.975, 7.975], "texture": "#layer0"},
				"west": {"uv": [8.525, 7.525, 8.975, 7.975], "texture": "#layer0"},
				"up": {"uv": [8.975, 7.525, 8.525, 7.975], "rotation": 180, "texture": "#layer0"}
			}
		},
		{
			"name": "carrot_on_a_stick_76",
			"from": [9, 8, 7.55],
			"to": [9.5, 8.5, 8.45],
			"faces": {
				"north": {"uv": [9.025, 7.975, 9.475, 7.525], "rotation": 180, "texture": "#layer0"},
				"south": {"uv": [9.025, 7.525, 9.475, 7.975], "texture": "#layer0"}
			}
		},
		{
			"name": "carrot_on_a_stick_77",
			"from": [9.5, 8, 7.55],
			"to": [10, 8.5, 8.45],
			"faces": {
				"north": {"uv": [9.525, 7.975, 9.975, 7.525], "rotation": 180, "texture": "#layer0"},
				"east": {"uv": [9.525, 7.525, 9.975, 7.975], "texture": "#layer0"},
				"south": {"uv": [9.525, 7.525, 9.975, 7.975], "texture": "#layer0"},
				"down": {"uv": [9.525, 7.525, 9.975, 7.975], "texture": "#layer0"}
			}
		},
		{
			"name": "carrot_on_a_stick_78",
			"from": [10, 8, 7.75],
			"to": [10.5, 8.5, 8.25],
			"faces": {
				"north": {"uv": [10.025, 7.975, 10.475, 7.525], "rotation": 180, "texture": "#layer0"},
				"east": {"uv": [10.025, 7.525, 10.475, 7.975], "texture": "#layer0"},
				"south": {"uv": [10.025, 7.525, 10.475, 7.975], "texture": "#layer0"},
				"down": {"uv": [10.025, 7.525, 10.475, 7.975], "texture": "#layer0"}
			}
		},
		{
			"name": "carrot_on_a_stick_79",
			"from": [14.5, 8, 7.75],
			"to": [15, 8.5, 8.25],
			"faces": {
				"north": {"uv": [14.525, 7.975, 14.975, 7.525], "rotation": 180, "texture": "#layer0"},
				"east": {"uv": [14.525, 7.525, 14.975, 7.975], "texture": "#layer0"},
				"south": {"uv": [14.525, 7.525, 14.975, 7.975], "texture": "#layer0"},
				"west": {"uv": [14.525, 7.525, 14.975, 7.975], "texture": "#layer0"}
			}
		},
		{
			"name": "carrot_on_a_stick_80",
			"from": [7, 7.5, 7.75],
			"to": [7.5, 8, 8.25],
			"faces": {
				"north": {"uv": [7.025, 8.475, 7.475, 8.025], "rotation": 180, "texture": "#layer0"},
				"south": {"uv": [7.025, 8.025, 7.475, 8.475], "texture": "#layer0"},
				"west": {"uv": [7.025, 8.025, 7.475, 8.475], "texture": "#layer0"},
				"up": {"uv": [7.475, 8.025, 7.025, 8.475], "rotation": 180, "texture": "#layer0"}
			}
		},
		{
			"name": "carrot_on_a_stick_81",
			"from": [7.5, 7.5, 7.75],
			"to": [8, 8, 8.25],
			"faces": {
				"north": {"uv": [7.525, 8.475, 7.975, 8.025], "rotation": 180, "texture": "#layer0"},
				"south": {"uv": [7.525, 8.025, 7.975, 8.475], "texture": "#layer0"}
			}
		},
		{
			"name": "carrot_on_a_stick_82",
			"from": [8, 7.5, 7.55],
			"to": [8.5, 8, 8.45],
			"faces": {
				"north": {"uv": [8.025, 8.475, 8.475, 8.025], "rotation": 180, "texture": "#layer0"},
				"south": {"uv": [8.025, 8.025, 8.475, 8.475], "texture": "#layer0"},
				"west": {"uv": [8.025, 8.025, 8.475, 8.475], "texture": "#layer0"},
				"up": {"uv": [8.475, 8.025, 8.025, 8.475], "rotation": 180, "texture": "#layer0"}
			}
		},
		{
			"name": "carrot_on_a_stick_83",
			"from": [8.5, 7.5, 7.55],
			"to": [9, 8, 8.45],
			"faces": {
				"north": {"uv": [8.525, 8.475, 8.975, 8.025], "rotation": 180, "texture": "#layer0"},
				"south": {"uv": [8.525, 8.025, 8.975, 8.475], "texture": "#layer0"}
			}
		},
		{
			"name": "carrot_on_a_stick_84",
			"from": [9, 7.5, 7.55],
			"to": [9.5, 8, 8.45],
			"faces": {
				"north": {"uv": [9.025, 8.475, 9.475, 8.025], "rotation": 180, "texture": "#layer0"},
				"east": {"uv": [9.025, 8.025, 9.475, 8.475], "texture": "#layer0"},
				"south": {"uv": [9.025, 8.025, 9.475, 8.475], "texture": "#layer0"},
				"down": {"uv": [9.025, 8.025, 9.475, 8.475], "texture": "#layer0"}
			}
		},
		{
			"name": "carrot_on_a_stick_85",
			"from": [9.5, 7.5, 7.75],
			"to": [10, 8, 8.25],
			"faces": {
				"north": {"uv": [9.525, 8.475, 9.975, 8.025], "rotation": 180, "texture": "#layer0"},
				"east": {"uv": [9.525, 8.025, 9.975, 8.475], "texture": "#layer0"},
				"south": {"uv": [9.525, 8.025, 9.975, 8.475], "texture": "#layer0"},
				"down": {"uv": [9.525, 8.025, 9.975, 8.475], "texture": "#layer0"}
			}
		},
		{
			"name": "carrot_on_a_stick_86",
			"from": [14.5, 7.5, 7.75],
			"to": [15, 8, 8.25],
			"faces": {
				"north": {"uv": [14.525, 8.475, 14.975, 8.025], "rotation": 180, "texture": "#layer0"},
				"east": {"uv": [14.525, 8.025, 14.975, 8.475], "texture": "#layer0"},
				"south": {"uv": [14.525, 8.025, 14.975, 8.475], "texture": "#layer0"},
				"west": {"uv": [14.525, 8.025, 14.975, 8.475], "texture": "#layer0"}
			}
		},
		{
			"name": "carrot_on_a_stick_87",
			"from": [6.5, 7, 7.75],
			"to": [7, 7.5, 8.25],
			"faces": {
				"north": {"uv": [6.525, 8.975, 6.975, 8.525], "rotation": 180, "texture": "#layer0"},
				"south": {"uv": [6.525, 8.525, 6.975, 8.975], "texture": "#layer0"},
				"west": {"uv": [6.525, 8.525, 6.975, 8.975], "texture": "#layer0"},
				"up": {"uv": [6.975, 8.525, 6.525, 8.975], "rotation": 180, "texture": "#layer0"}
			}
		},
		{
			"name": "carrot_on_a_stick_88",
			"from": [7, 7, 7.75],
			"to": [7.5, 7.5, 8.25],
			"faces": {
				"north": {"uv": [7.025, 8.975, 7.475, 8.525], "rotation": 180, "texture": "#layer0"},
				"south": {"uv": [7.025, 8.525, 7.475, 8.975], "texture": "#layer0"}
			}
		},
		{
			"name": "carrot_on_a_stick_89",
			"from": [7.5, 7, 7.55],
			"to": [8, 7.5, 8.45],
			"faces": {
				"north": {"uv": [7.525, 8.975, 7.975, 8.525], "rotation": 180, "texture": "#layer0"},
				"south": {"uv": [7.525, 8.525, 7.975, 8.975], "texture": "#layer0"},
				"west": {"uv": [7.525, 8.525, 7.975, 8.975], "texture": "#layer0"},
				"up": {"uv": [7.975, 8.525, 7.525, 8.975], "rotation": 180, "texture": "#layer0"}
			}
		},
		{
			"name": "carrot_on_a_stick_90",
			"from": [8, 7, 7.55],
			"to": [8.5, 7.5, 8.45],
			"faces": {
				"north": {"uv": [8.025, 8.975, 8.475, 8.525], "rotation": 180, "texture": "#layer0"},
				"south": {"uv": [8.025, 8.525, 8.475, 8.975], "texture": "#layer0"}
			}
		},
		{
			"name": "carrot_on_a_stick_91",
			"from": [8.5, 7, 7.55],
			"to": [9, 7.5, 8.45],
			"faces": {
				"north": {"uv": [8.525, 8.975, 8.975, 8.525], "rotation": 180, "texture": "#layer0"},
				"east": {"uv": [8.525, 8.525, 8.975, 8.975], "texture": "#layer0"},
				"south": {"uv": [8.525, 8.525, 8.975, 8.975], "texture": "#layer0"},
				"down": {"uv": [8.525, 8.525, 8.975, 8.975], "texture": "#layer0"}
			}
		},
		{
			"name": "carrot_on_a_stick_92",
			"from": [9, 7, 7.75],
			"to": [9.5, 7.5, 8.25],
			"faces": {
				"north": {"uv": [9.025, 8.975, 9.475, 8.525], "rotation": 180, "texture": "#layer0"},
				"east": {"uv": [9.025, 8.525, 9.475, 8.975], "texture": "#layer0"},
				"south": {"uv": [9.025, 8.525, 9.475, 8.975], "texture": "#layer0"},
				"down": {"uv": [9.025, 8.525, 9.475, 8.975], "texture": "#layer0"}
			}
		},
		{
			"name": "carrot_on_a_stick_93",
			"from": [14.5, 7, 7.75],
			"to": [15, 7.5, 8.25],
			"faces": {
				"north": {"uv": [14.525, 8.975, 14.975, 8.525], "rotation": 180, "texture": "#layer0"},
				"east": {"uv": [14.525, 8.525, 14.975, 8.975], "texture": "#layer0"},
				"south": {"uv": [14.525, 8.525, 14.975, 8.975], "texture": "#layer0"},
				"west": {"uv": [14.525, 8.525, 14.975, 8.975], "texture": "#layer0"},
				"down": {"uv": [14.525, 8.525, 14.975, 8.975], "texture": "#layer0"}
			}
		},
		{
			"name": "carrot_on_a_stick_94",
			"from": [6, 6.5, 7.75],
			"to": [6.5, 7, 8.25],
			"faces": {
				"north": {"uv": [6.025, 9.475, 6.475, 9.025], "rotation": 180, "texture": "#layer0"},
				"south": {"uv": [6.025, 9.025, 6.475, 9.475], "texture": "#layer0"},
				"west": {"uv": [6.025, 9.025, 6.475, 9.475], "texture": "#layer0"},
				"up": {"uv": [6.475, 9.025, 6.025, 9.475], "rotation": 180, "texture": "#layer0"}
			}
		},
		{
			"name": "carrot_on_a_stick_95",
			"from": [6.5, 6.5, 7.75],
			"to": [7, 7, 8.25],
			"faces": {
				"north": {"uv": [6.525, 9.475, 6.975, 9.025], "rotation": 180, "texture": "#layer0"},
				"south": {"uv": [6.525, 9.025, 6.975, 9.475], "texture": "#layer0"}
			}
		},
		{
			"name": "carrot_on_a_stick_96",
			"from": [7, 6.5, 7.55],
			"to": [7.5, 7, 8.45],
			"faces": {
				"north": {"uv": [7.025, 9.475, 7.475, 9.025], "rotation": 180, "texture": "#layer0"},
				"south": {"uv": [7.025, 9.025, 7.475, 9.475], "texture": "#layer0"},
				"west": {"uv": [7.025, 9.025, 7.475, 9.475], "texture": "#layer0"},
				"up": {"uv": [7.475, 9.025, 7.025, 9.475], "rotation": 180, "texture": "#layer0"}
			}
		},
		{
			"name": "carrot_on_a_stick_97",
			"from": [7.5, 6.5, 7.55],
			"to": [8, 7, 8.45],
			"faces": {
				"north": {"uv": [7.525, 9.475, 7.975, 9.025], "rotation": 180, "texture": "#layer0"},
				"south": {"uv": [7.525, 9.025, 7.975, 9.475], "texture": "#layer0"}
			}
		},
		{
			"name": "carrot_on_a_stick_98",
			"from": [8, 6.5, 7.55],
			"to": [8.5, 7, 8.45],
			"faces": {
				"north": {"uv": [8.025, 9.475, 8.475, 9.025], "rotation": 180, "texture": "#layer0"},
				"east": {"uv": [8.025, 9.025, 8.475, 9.475], "texture": "#layer0"},
				"south": {"uv": [8.025, 9.025, 8.475, 9.475], "texture": "#layer0"},
				"down": {"uv": [8.025, 9.025, 8.475, 9.475], "texture": "#layer0"}
			}
		},
		{
			"name": "carrot_on_a_stick_99",
			"from": [8.5, 6.5, 7.75],
			"to": [9, 7, 8.25],
			"faces": {
				"north": {"uv": [8.525, 9.475, 8.975, 9.025], "rotation": 180, "texture": "#layer0"},
				"east": {"uv": [8.525, 9.025, 8.975, 9.475], "texture": "#layer0"},
				"south": {"uv": [8.525, 9.025, 8.975, 9.475], "texture": "#layer0"},
				"down": {"uv": [8.525, 9.025, 8.975, 9.475], "texture": "#layer0"}
			}
		},
		{
			"name": "carrot_on_a_stick_100",
			"from": [14, 6.5, 7.75],
			"to": [14.5, 7, 8.25],
			"faces": {
				"north": {"uv": [14.025, 9.475, 14.475, 9.025], "rotation": 180, "texture": "#layer0"},
				"east": {"uv": [14.025, 9.025, 14.475, 9.475], "texture": "#layer0"},
				"south": {"uv": [14.025, 9.025, 14.475, 9.475], "texture": "#layer0"},
				"west": {"uv": [14.025, 9.025, 14.475, 9.475], "texture": "#layer0"},
				"up": {"uv": [14.475, 9.025, 14.025, 9.475], "rotation": 180, "texture": "#layer0"}
			}
		},
		{
			"name": "carrot_on_a_stick_101",
			"from": [5.5, 6, 7.75],
			"to": [6, 6.5, 8.25],
			"faces": {
				"north": {"uv": [5.525, 9.975, 5.975, 9.525], "rotation": 180, "texture": "#layer0"},
				"south": {"uv": [5.525, 9.525, 5.975, 9.975], "texture": "#layer0"},
				"west": {"uv": [5.525, 9.525, 5.975, 9.975], "texture": "#layer0"},
				"up": {"uv": [5.975, 9.525, 5.525, 9.975], "rotation": 180, "texture": "#layer0"}
			}
		},
		{
			"name": "carrot_on_a_stick_102",
			"from": [6, 6, 7.75],
			"to": [6.5, 6.5, 8.25],
			"faces": {
				"north": {"uv": [6.025, 9.975, 6.475, 9.525], "rotation": 180, "texture": "#layer0"},
				"south": {"uv": [6.025, 9.525, 6.475, 9.975], "texture": "#layer0"}
			}
		},
		{
			"name": "carrot_on_a_stick_103",
			"from": [6.5, 6, 7.55],
			"to": [7, 6.5, 8.45],
			"faces": {
				"north": {"uv": [6.525, 9.975, 6.975, 9.525], "rotation": 180, "texture": "#layer0"},
				"south": {"uv": [6.525, 9.525, 6.975, 9.975], "texture": "#layer0"},
				"west": {"uv": [6.525, 9.525, 6.975, 9.975], "texture": "#layer0"},
				"up": {"uv": [6.975, 9.525, 6.525, 9.975], "rotation": 180, "texture": "#layer0"}
			}
		},
		{
			"name": "carrot_on_a_stick_104",
			"from": [7, 6, 7.55],
			"to": [7.5, 6.5, 8.45],
			"faces": {
				"north": {"uv": [7.025, 9.975, 7.475, 9.525], "rotation": 180, "texture": "#layer0"},
				"south": {"uv": [7.025, 9.525, 7.475, 9.975], "texture": "#layer0"}
			}
		},
		{
			"name": "carrot_on_a_stick_105",
			"from": [7.5, 6, 7.55],
			"to": [8, 6.5, 8.45],
			"faces": {
				"north": {"uv": [7.525, 9.975, 7.975, 9.525], "rotation": 180, "texture": "#layer0"},
				"east": {"uv": [7.525, 9.525, 7.975, 9.975], "texture": "#layer0"},
				"south": {"uv": [7.525, 9.525, 7.975, 9.975], "texture": "#layer0"},
				"down": {"uv": [7.525, 9.525, 7.975, 9.975], "texture": "#layer0"}
			}
		},
		{
			"name": "carrot_on_a_stick_106",
			"from": [8, 6, 7.75],
			"to": [8.5, 6.5, 8.25],
			"faces": {
				"north": {"uv": [8.025, 9.975, 8.475, 9.525], "rotation": 180, "texture": "#layer0"},
				"east": {"uv": [8.025, 9.525, 8.475, 9.975], "texture": "#layer0"},
				"south": {"uv": [8.025, 9.525, 8.475, 9.975], "texture": "#layer0"},
				"down": {"uv": [8.025, 9.525, 8.475, 9.975], "texture": "#layer0"}
			}
		},
		{
			"name": "carrot_on_a_stick_107",
			"from": [14, 6, 7.75],
			"to": [14.5, 6.5, 8.25],
			"faces": {
				"north": {"uv": [14.025, 9.975, 14.475, 9.525], "rotation": 180, "texture": "#layer0"},
				"east": {"uv": [14.025, 9.525, 14.475, 9.975], "texture": "#layer0"},
				"south": {"uv": [14.025, 9.525, 14.475, 9.975], "texture": "#layer0"},
				"west": {"uv": [14.025, 9.525, 14.475, 9.975], "texture": "#layer0"},
				"down": {"uv": [14.025, 9.525, 14.475, 9.975], "texture": "#layer0"}
			}
		},
		{
			"name": "carrot_on_a_stick_108",
			"from": [5.5, 5.5, 7.75],
			"to": [6, 6, 8.25],
			"faces": {
				"north": {"uv": [5.525, 10.475, 5.975, 10.025], "rotation": 180, "texture": "#layer0"},
				"south": {"uv": [5.525, 10.025, 5.975, 10.475], "texture": "#layer0"},
				"west": {"uv": [5.525, 10.025, 5.975, 10.475], "texture": "#layer0"}
			}
		},
		{
			"name": "carrot_on_a_stick_109",
			"from": [6, 5.5, 7.55],
			"to": [6.5, 6, 8.45],
			"faces": {
				"north": {"uv": [6.025, 10.475, 6.475, 10.025], "rotation": 180, "texture": "#layer0"},
				"south": {"uv": [6.025, 10.025, 6.475, 10.475], "texture": "#layer0"},
				"west": {"uv": [6.025, 10.025, 6.475, 10.475], "texture": "#layer0"},
				"up": {"uv": [6.475, 10.025, 6.025, 10.475], "rotation": 180, "texture": "#layer0"}
			}
		},
		{
			"name": "carrot_on_a_stick_110",
			"from": [6.5, 5.5, 7.55],
			"to": [7, 6, 8.45],
			"faces": {
				"north": {"uv": [6.525, 10.475, 6.975, 10.025], "rotation": 180, "texture": "#layer0"},
				"south": {"uv": [6.525, 10.025, 6.975, 10.475], "texture": "#layer0"}
			}
		},
		{
			"name": "carrot_on_a_stick_111",
			"from": [7, 5.5, 7.55],
			"to": [7.5, 6, 8.45],
			"faces": {
				"north": {"uv": [7.025, 10.475, 7.475, 10.025], "rotation": 180, "texture": "#layer0"},
				"east": {"uv": [7.025, 10.025, 7.475, 10.475], "texture": "#layer0"},
				"south": {"uv": [7.025, 10.025, 7.475, 10.475], "texture": "#layer0"}
			}
		},
		{
			"name": "carrot_on_a_stick_112",
			"from": [7.5, 5.5, 7.75],
			"to": [8, 6, 8.25],
			"faces": {
				"north": {"uv": [7.525, 10.475, 7.975, 10.025], "rotation": 180, "texture": "#layer0"},
				"east": {"uv": [7.525, 10.025, 7.975, 10.475], "texture": "#layer0"},
				"south": {"uv": [7.525, 10.025, 7.975, 10.475], "texture": "#layer0"}
			}
		},
		{
			"name": "carrot_on_a_stick_113",
			"from": [12, 5.5, 7.55],
			"to": [12.5, 6, 8.45],
			"faces": {
				"north": {"uv": [12.025, 10.475, 12.475, 10.025], "rotation": 180, "texture": "#layer0"},
				"east": {"uv": [12.025, 10.025, 12.475, 10.475], "texture": "#layer0"},
				"south": {"uv": [12.025, 10.025, 12.475, 10.475], "texture": "#layer0"},
				"west": {"uv": [12.025, 10.025, 12.475, 10.475], "texture": "#layer0"},
				"up": {"uv": [12.475, 10.025, 12.025, 10.475], "rotation": 180, "texture": "#layer0"}
			}
		},
		{
			"name": "carrot_on_a_stick_114",
			"from": [13.5, 5.5, 7.75],
			"to": [14, 6, 8.25],
			"faces": {
				"north": {"uv": [13.525, 10.475, 13.975, 10.025], "rotation": 180, "texture": "#layer0"},
				"east": {"uv": [13.525, 10.025, 13.975, 10.475], "texture": "#layer0"},
				"south": {"uv": [13.525, 10.025, 13.975, 10.475], "texture": "#layer0"},
				"west": {"uv": [13.525, 10.025, 13.975, 10.475], "texture": "#layer0"},
				"up": {"uv": [13.975, 10.025, 13.525, 10.475], "rotation": 180, "texture": "#layer0"},
				"down": {"uv": [13.525, 10.025, 13.975, 10.475], "texture": "#layer0"}
			}
		},
		{
			"name": "carrot_on_a_stick_115",
			"from": [5, 5, 7.75],
			"to": [5.5, 5.5, 8.25],
			"faces": {
				"north": {"uv": [5.025, 10.975, 5.475, 10.525], "rotation": 180, "texture": "#layer0"},
				"south": {"uv": [5.025, 10.525, 5.475, 10.975], "texture": "#layer0"},
				"west": {"uv": [5.025, 10.525, 5.475, 10.975], "texture": "#layer0"},
				"up": {"uv": [5.475, 10.525, 5.025, 10.975], "rotation": 180, "texture": "#layer0"}
			}
		},
		{
			"name": "carrot_on_a_stick_116",
			"from": [5.5, 5, 7.55],
			"to": [6, 5.5, 8.45],
			"faces": {
				"north": {"uv": [5.525, 10.975, 5.975, 10.525], "rotation": 180, "texture": "#layer0"},
				"south": {"uv": [5.525, 10.525, 5.975, 10.975], "texture": "#layer0"},
				"west": {"uv": [5.525, 10.525, 5.975, 10.975], "texture": "#layer0"},
				"up": {"uv": [5.975, 10.525, 5.525, 10.975], "rotation": 180, "texture": "#layer0"}
			}
		},
		{
			"name": "carrot_on_a_stick_117",
			"from": [6, 5, 7.55],
			"to": [6.5, 5.5, 8.45],
			"faces": {
				"north": {"uv": [6.025, 10.975, 6.475, 10.525], "rotation": 180, "texture": "#layer0"},
				"south": {"uv": [6.025, 10.525, 6.475, 10.975], "texture": "#layer0"}
			}
		},
		{
			"name": "carrot_on_a_stick_118",
			"from": [6.5, 5, 7.55],
			"to": [7, 5.5, 8.45],
			"faces": {
				"north": {"uv": [6.525, 10.975, 6.975, 10.525], "rotation": 180, "texture": "#layer0"},
				"south": {"uv": [6.525, 10.525, 6.975, 10.975], "texture": "#layer0"}
			}
		},
		{
			"name": "carrot_on_a_stick_119",
			"from": [7, 5, 7.35],
			"to": [7.5, 5.5, 8.65],
			"faces": {
				"north": {"uv": [7.025, 10.975, 7.475, 10.525], "rotation": 180, "texture": "#layer0"},
				"south": {"uv": [7.025, 10.525, 7.475, 10.975], "texture": "#layer0"},
				"west": {"uv": [7.025, 10.525, 7.475, 10.975], "texture": "#layer0"},
				"up": {"uv": [7.475, 10.525, 7.025, 10.975], "rotation": 180, "texture": "#layer0"},
				"down": {"uv": [7.025, 10.525, 7.475, 10.975], "texture": "#layer0"}
			}
		},
		{
			"name": "carrot_on_a_stick_120",
			"from": [7.5, 5, 7.35],
			"to": [8, 5.5, 8.65],
			"faces": {
				"north": {"uv": [7.525, 10.975, 7.975, 10.525], "rotation": 180, "texture": "#layer0"},
				"east": {"uv": [7.525, 10.525, 7.975, 10.975], "texture": "#layer0"},
				"south": {"uv": [7.525, 10.525, 7.975, 10.975], "texture": "#layer0"},
				"up": {"uv": [7.975, 10.525, 7.525, 10.975], "rotation": 180, "texture": "#layer0"},
				"down": {"uv": [7.525, 10.525, 7.975, 10.975], "texture": "#layer0"}
			}
		},
		{
			"name": "carrot_on_a_stick_121",
			"from": [12, 5, 7.55],
			"to": [12.5, 5.5, 8.45],
			"faces": {
				"north": {"uv": [12.025, 10.975, 12.475, 10.525], "rotation": 180, "texture": "#layer0"},
				"south": {"uv": [12.025, 10.525, 12.475, 10.975], "texture": "#layer0"},
				"west": {"uv": [12.025, 10.525, 12.475, 10.975], "texture": "#layer0"}
			}
		},
		{
			"name": "carrot_on_a_stick_122",
			"from": [12.5, 5, 7.55],
			"to": [13, 5.5, 8.45],
			"faces": {
				"north": {"uv": [12.525, 10.975, 12.975, 10.525], "rotation": 180, "texture": "#layer0"},
				"east": {"uv": [12.525, 10.525, 12.975, 10.975], "texture": "#layer0"},
				"south": {"uv": [12.525, 10.525, 12.975, 10.975], "texture": "#layer0"},
				"up": {"uv": [12.975, 10.525, 12.525, 10.975], "rotation": 180, "texture": "#layer0"}
			}
		},
		{
			"name": "carrot_on_a_stick_123",
			"from": [13, 5, 7.75],
			"to": [13.5, 5.5, 8.25],
			"faces": {
				"north": {"uv": [13.025, 10.975, 13.475, 10.525], "rotation": 180, "texture": "#layer0"},
				"east": {"uv": [13.025, 10.525, 13.475, 10.975], "texture": "#layer0"},
				"south": {"uv": [13.025, 10.525, 13.475, 10.975], "texture": "#layer0"},
				"up": {"uv": [13.475, 10.525, 13.025, 10.975], "rotation": 180, "texture": "#layer0"}
			}
		},
		{
			"name": "carrot_on_a_stick_124",
			"from": [4.5, 4.5, 7.75],
			"to": [5, 5, 8.25],
			"faces": {
				"north": {"uv": [4.525, 11.475, 4.975, 11.025], "rotation": 180, "texture": "#layer0"},
				"south": {"uv": [4.525, 11.025, 4.975, 11.475], "texture": "#layer0"},
				"west": {"uv": [4.525, 11.025, 4.975, 11.475], "texture": "#layer0"},
				"up": {"uv": [4.975, 11.025, 4.525, 11.475], "rotation": 180, "texture": "#layer0"}
			}
		},
		{
			"name": "carrot_on_a_stick_125",
			"from": [5, 4.5, 7.55],
			"to": [5.5, 5, 8.45],
			"faces": {
				"north": {"uv": [5.025, 11.475, 5.475, 11.025], "rotation": 180, "texture": "#layer0"},
				"south": {"uv": [5.025, 11.025, 5.475, 11.475], "texture": "#layer0"},
				"west": {"uv": [5.025, 11.025, 5.475, 11.475], "texture": "#layer0"},
				"up": {"uv": [5.475, 11.025, 5.025, 11.475], "rotation": 180, "texture": "#layer0"}
			}
		},
		{
			"name": "carrot_on_a_stick_126",
			"from": [5.5, 4.5, 7.55],
			"to": [6, 5, 8.45],
			"faces": {
				"north": {"uv": [5.525, 11.475, 5.975, 11.025], "rotation": 180, "texture": "#layer0"},
				"south": {"uv": [5.525, 11.025, 5.975, 11.475], "texture": "#layer0"}
			}
		},
		{
			"name": "carrot_on_a_stick_127",
			"from": [6, 4.5, 7.55],
			"to": [6.5, 5, 8.45],
			"faces": {
				"north": {"uv": [6.025, 11.475, 6.475, 11.025], "rotation": 180, "texture": "#layer0"},
				"south": {"uv": [6.025, 11.025, 6.475, 11.475], "texture": "#layer0"}
			}
		},
		{
			"name": "carrot_on_a_stick_128",
			"from": [6.5, 4.5, 7.55],
			"to": [7, 5, 8.45],
			"faces": {
				"north": {"uv": [6.525, 11.475, 6.975, 11.025], "rotation": 180, "texture": "#layer0"},
				"south": {"uv": [6.525, 11.025, 6.975, 11.475], "texture": "#layer0"}
			}
		},
		{
			"name": "carrot_on_a_stick_129",
			"from": [7, 4.5, 7.55],
			"to": [7.5, 5, 8.45],
			"faces": {
				"north": {"uv": [7.025, 11.475, 7.475, 11.025], "rotation": 180, "texture": "#layer0"},
				"south": {"uv": [7.025, 11.025, 7.475, 11.475], "texture": "#layer0"}
			}
		},
		{
			"name": "carrot_on_a_stick_130",
			"from": [7.5, 4.5, 7.45],
			"to": [8, 5, 8.55],
			"faces": {
				"north": {"uv": [7.525, 11.475, 7.975, 11.025], "rotation": 180, "texture": "#layer0"},
				"south": {"uv": [7.525, 11.025, 7.975, 11.475], "texture": "#layer0"},
				"west": {"uv": [7.525, 11.025, 7.975, 11.475], "texture": "#layer0"},
				"down": {"uv": [7.525, 11.025, 7.975, 11.475], "texture": "#layer0"}
			}
		},
		{
			"name": "carrot_on_a_stick_131",
			"from": [8, 4.5, 7.35],
			"to": [8.5, 5, 8.65],
			"faces": {
				"north": {"uv": [8.025, 11.475, 8.475, 11.025], "rotation": 180, "texture": "#layer0"},
				"east": {"uv": [8.025, 11.025, 8.475, 11.475], "texture": "#layer0"},
				"south": {"uv": [8.025, 11.025, 8.475, 11.475], "texture": "#layer0"},
				"west": {"uv": [8.025, 11.025, 8.475, 11.475], "texture": "#layer0"},
				"up": {"uv": [8.475, 11.025, 8.025, 11.475], "rotation": 180, "texture": "#layer0"}
			}
		},
		{
			"name": "carrot_on_a_stick_132",
			"from": [11.5, 4.5, 7.35],
			"to": [12, 5, 8.65],
			"faces": {
				"north": {"uv": [11.525, 11.475, 11.975, 11.025], "rotation": 180, "texture": "#layer0"},
				"east": {"uv": [11.525, 11.025, 11.975, 11.475], "texture": "#layer0"},
				"south": {"uv": [11.525, 11.025, 11.975, 11.475], "texture": "#layer0"},
				"west": {"uv": [11.525, 11.025, 11.975, 11.475], "texture": "#layer0"},
				"up": {"uv": [11.975, 11.025, 11.525, 11.475], "rotation": 180, "texture": "#layer0"}
			}
		},
		{
			"name": "carrot_on_a_stick_133",
			"from": [12, 4.5, 7.55],
			"to": [12.5, 5, 8.45],
			"faces": {
				"north": {"uv": [12.025, 11.475, 12.475, 11.025], "rotation": 180, "texture": "#layer0"},
				"south": {"uv": [12.025, 11.025, 12.475, 11.475], "texture": "#layer0"}
			}
		},
		{
			"name": "carrot_on_a_stick_134",
			"from": [12.5, 4.5, 7.55],
			"to": [13, 5, 8.45],
			"faces": {
				"north": {"uv": [12.525, 11.475, 12.975, 11.025], "rotation": 180, "texture": "#layer0"},
				"south": {"uv": [12.525, 11.025, 12.975, 11.475], "texture": "#layer0"}
			}
		},
		{
			"name": "carrot_on_a_stick_135",
			"from": [13, 4.5, 7.55],
			"to": [13.5, 5, 8.45],
			"faces": {
				"north": {"uv": [13.025, 11.475, 13.475, 11.025], "rotation": 180, "texture": "#layer0"},
				"east": {"uv": [13.025, 11.025, 13.475, 11.475], "texture": "#layer0"},
				"south": {"uv": [13.025, 11.025, 13.475, 11.475], "texture": "#layer0"},
				"up": {"uv": [13.475, 11.025, 13.025, 11.475], "rotation": 180, "texture": "#layer0"}
			}
		},
		{
			"name": "carrot_on_a_stick_136",
			"from": [4, 4, 7.75],
			"to": [4.5, 4.5, 8.25],
			"faces": {
				"north": {"uv": [4.025, 11.975, 4.475, 11.525], "rotation": 180, "texture": "#layer0"},
				"south": {"uv": [4.025, 11.525, 4.475, 11.975], "texture": "#layer0"},
				"west": {"uv": [4.025, 11.525, 4.475, 11.975], "texture": "#layer0"},
				"up": {"uv": [4.475, 11.525, 4.025, 11.975], "rotation": 180, "texture": "#layer0"}
			}
		},
		{
			"name": "carrot_on_a_stick_137",
			"from": [4.5, 4, 7.55],
			"to": [5, 4.5, 8.45],
			"faces": {
				"north": {"uv": [4.525, 11.975, 4.975, 11.525], "rotation": 180, "texture": "#layer0"},
				"south": {"uv": [4.525, 11.525, 4.975, 11.975], "texture": "#layer0"},
				"west": {"uv": [4.525, 11.525, 4.975, 11.975], "texture": "#layer0"},
				"up": {"uv": [4.975, 11.525, 4.525, 11.975], "rotation": 180, "texture": "#layer0"}
			}
		},
		{
			"name": "carrot_on_a_stick_138",
			"from": [5, 4, 7.55],
			"to": [5.5, 4.5, 8.45],
			"faces": {
				"north": {"uv": [5.025, 11.975, 5.475, 11.525], "rotation": 180, "texture": "#layer0"},
				"south": {"uv": [5.025, 11.525, 5.475, 11.975], "texture": "#layer0"}
			}
		},
		{
			"name": "carrot_on_a_stick_139",
			"from": [5.5, 4, 7.55],
			"to": [6, 4.5, 8.45],
			"faces": {
				"north": {"uv": [5.525, 11.975, 5.975, 11.525], "rotation": 180, "texture": "#layer0"},
				"south": {"uv": [5.525, 11.525, 5.975, 11.975], "texture": "#layer0"}
			}
		},
		{
			"name": "carrot_on_a_stick_140",
			"from": [6, 4, 7.55],
			"to": [6.5, 4.5, 8.45],
			"faces": {
				"north": {"uv": [6.025, 11.975, 6.475, 11.525], "rotation": 180, "texture": "#layer0"},
				"south": {"uv": [6.025, 11.525, 6.475, 11.975], "texture": "#layer0"}
			}
		},
		{
			"name": "carrot_on_a_stick_141",
			"from": [6.5, 4, 7.55],
			"to": [7, 4.5, 8.45],
			"faces": {
				"north": {"uv": [6.525, 11.975, 6.975, 11.525], "rotation": 180, "texture": "#layer0"},
				"south": {"uv": [6.525, 11.525, 6.975, 11.975], "texture": "#layer0"}
			}
		},
		{
			"name": "carrot_on_a_stick_142",
			"from": [7, 4, 7.55],
			"to": [7.5, 4.5, 8.45],
			"faces": {
				"north": {"uv": [7.025, 11.975, 7.475, 11.525], "rotation": 180, "texture": "#layer0"},
				"south": {"uv": [7.025, 11.525, 7.475, 11.975], "texture": "#layer0"}
			}
		},
		{
			"name": "carrot_on_a_stick_143",
			"from": [7.5, 4, 7.55],
			"to": [8, 4.5, 8.45],
			"faces": {
				"north": {"uv": [7.525, 11.975, 7.975, 11.525], "rotation": 180, "texture": "#layer0"},
				"south": {"uv": [7.525, 11.525, 7.975, 11.975], "texture": "#layer0"}
			}
		},
		{
			"name": "carrot_on_a_stick_144",
			"from": [8, 4, 7.35],
			"to": [8.5, 4.5, 8.65],
			"faces": {
				"north": {"uv": [8.025, 11.975, 8.475, 11.525], "rotation": 180, "texture": "#layer0"},
				"east": {"uv": [8.025, 11.525, 8.475, 11.975], "texture": "#layer0"},
				"south": {"uv": [8.025, 11.525, 8.475, 11.975], "texture": "#layer0"},
				"west": {"uv": [8.025, 11.525, 8.475, 11.975], "texture": "#layer0"}
			}
		},
		{
			"name": "carrot_on_a_stick_145",
			"from": [11, 4, 7.35],
			"to": [11.5, 4.5, 8.65],
			"faces": {
				"north": {"uv": [11.025, 11.975, 11.475, 11.525], "rotation": 180, "texture": "#layer0"},
				"south": {"uv": [11.025, 11.525, 11.475, 11.975], "texture": "#layer0"},
				"west": {"uv": [11.025, 11.525, 11.475, 11.975], "texture": "#layer0"},
				"up": {"uv": [11.475, 11.525, 11.025, 11.975], "rotation": 180, "texture": "#layer0"}
			}
		},
		{
			"name": "carrot_on_a_stick_146",
			"from": [11.5, 4, 7.35],
			"to": [12, 4.5, 8.65],
			"faces": {
				"north": {"uv": [11.525, 11.975, 11.975, 11.525], "rotation": 180, "texture": "#layer0"},
				"south": {"uv": [11.525, 11.525, 11.975, 11.975], "texture": "#layer0"}
			}
		},
		{
			"name": "carrot_on_a_stick_147",
			"from": [12, 4, 7.35],
			"to": [12.5, 4.5, 8.65],
			"faces": {
				"north": {"uv": [12.025, 11.975, 12.475, 11.525], "rotation": 180, "texture": "#layer0"},
				"east": {"uv": [12.025, 11.525, 12.475, 11.975], "texture": "#layer0"},
				"south": {"uv": [12.025, 11.525, 12.475, 11.975], "texture": "#layer0"},
				"up": {"uv": [12.475, 11.525, 12.025, 11.975], "rotation": 180, "texture": "#layer0"}
			}
		},
		{
			"name": "carrot_on_a_stick_148",
			"from": [12.5, 4, 7.55],
			"to": [13, 4.5, 8.45],
			"faces": {
				"north": {"uv": [12.525, 11.975, 12.975, 11.525], "rotation": 180, "texture": "#layer0"},
				"south": {"uv": [12.525, 11.525, 12.975, 11.975], "texture": "#layer0"}
			}
		},
		{
			"name": "carrot_on_a_stick_149",
			"from": [13, 4, 7.55],
			"to": [13.5, 4.5, 8.45],
			"faces": {
				"north": {"uv": [13.025, 11.975, 13.475, 11.525], "rotation": 180, "texture": "#layer0"},
				"south": {"uv": [13.025, 11.525, 13.475, 11.975], "texture": "#layer0"},
				"down": {"uv": [13.025, 11.525, 13.475, 11.975], "texture": "#layer0"}
			}
		},
		{
			"name": "carrot_on_a_stick_150",
			"from": [13.5, 4, 7.55],
			"to": [14, 4.5, 8.45],
			"faces": {
				"north": {"uv": [13.525, 11.975, 13.975, 11.525], "rotation": 180, "texture": "#layer0"},
				"east": {"uv": [13.525, 11.525, 13.975, 11.975], "texture": "#layer0"},
				"south": {"uv": [13.525, 11.525, 13.975, 11.975], "texture": "#layer0"},
				"up": {"uv": [13.975, 11.525, 13.525, 11.975], "rotation": 180, "texture": "#layer0"},
				"down": {"uv": [13.525, 11.525, 13.975, 11.975], "texture": "#layer0"}
			}
		},
		{
			"name": "carrot_on_a_stick_151",
			"from": [3.5, 3.5, 7.75],
			"to": [4, 4, 8.25],
			"faces": {
				"north": {"uv": [3.525, 12.475, 3.975, 12.025], "rotation": 180, "texture": "#layer0"},
				"south": {"uv": [3.525, 12.025, 3.975, 12.475], "texture": "#layer0"},
				"west": {"uv": [3.525, 12.025, 3.975, 12.475], "texture": "#layer0"},
				"up": {"uv": [3.975, 12.025, 3.525, 12.475], "rotation": 180, "texture": "#layer0"}
			}
		},
		{
			"name": "carrot_on_a_stick_152",
			"from": [4, 3.5, 7.55],
			"to": [4.5, 4, 8.45],
			"faces": {
				"north": {"uv": [4.025, 12.475, 4.475, 12.025], "rotation": 180, "texture": "#layer0"},
				"south": {"uv": [4.025, 12.025, 4.475, 12.475], "texture": "#layer0"},
				"west": {"uv": [4.025, 12.025, 4.475, 12.475], "texture": "#layer0"},
				"up": {"uv": [4.475, 12.025, 4.025, 12.475], "rotation": 180, "texture": "#layer0"}
			}
		},
		{
			"name": "carrot_on_a_stick_153",
			"from": [4.5, 3.5, 7.55],
			"to": [5, 4, 8.45],
			"faces": {
				"north": {"uv": [4.525, 12.475, 4.975, 12.025], "rotation": 180, "texture": "#layer0"},
				"south": {"uv": [4.525, 12.025, 4.975, 12.475], "texture": "#layer0"}
			}
		},
		{
			"name": "carrot_on_a_stick_154",
			"from": [5, 3.5, 7.55],
			"to": [5.5, 4, 8.45],
			"faces": {
				"north": {"uv": [5.025, 12.475, 5.475, 12.025], "rotation": 180, "texture": "#layer0"},
				"south": {"uv": [5.025, 12.025, 5.475, 12.475], "texture": "#layer0"},
				"down": {"uv": [5.025, 12.025, 5.475, 12.475], "texture": "#layer0"}
			}
		},
		{
			"name": "carrot_on_a_stick_155",
			"from": [5.5, 3.5, 7.35],
			"to": [6, 4, 8.65],
			"faces": {
				"north": {"uv": [5.525, 12.475, 5.975, 12.025], "rotation": 180, "texture": "#layer0"},
				"east": {"uv": [5.525, 12.025, 5.975, 12.475], "texture": "#layer0"},
				"south": {"uv": [5.525, 12.025, 5.975, 12.475], "texture": "#layer0"},
				"west": {"uv": [5.525, 12.025, 5.975, 12.475], "texture": "#layer0"},
				"up": {"uv": [5.975, 12.025, 5.525, 12.475], "rotation": 180, "texture": "#layer0"}
			}
		},
		{
			"name": "carrot_on_a_stick_156",
			"from": [6, 3.5, 7.55],
			"to": [6.5, 4, 8.45],
			"faces": {
				"north": {"uv": [6.025, 12.475, 6.475, 12.025], "rotation": 180, "texture": "#layer0"},
				"south": {"uv": [6.025, 12.025, 6.475, 12.475], "texture": "#layer0"}
			}
		},
		{
			"name": "carrot_on_a_stick_157",
			"from": [6.5, 3.5, 7.55],
			"to": [7, 4, 8.45],
			"faces": {
				"north": {"uv": [6.525, 12.475, 6.975, 12.025], "rotation": 180, "texture": "#layer0"},
				"south": {"uv": [6.525, 12.025, 6.975, 12.475], "texture": "#layer0"}
			}
		},
		{
			"name": "carrot_on_a_stick_158",
			"from": [7, 3.5, 7.55],
			"to": [7.5, 4, 8.45],
			"faces": {
				"north": {"uv": [7.025, 12.475, 7.475, 12.025], "rotation": 180, "texture": "#layer0"},
				"south": {"uv": [7.025, 12.025, 7.475, 12.475], "texture": "#layer0"}
			}
		},
		{
			"name": "carrot_on_a_stick_159",
			"from": [7.5, 3.5, 7.55],
			"to": [8, 4, 8.45],
			"faces": {
				"north": {"uv": [7.525, 12.475, 7.975, 12.025], "rotation": 180, "texture": "#layer0"},
				"south": {"uv": [7.525, 12.025, 7.975, 12.475], "texture": "#layer0"}
			}
		},
		{
			"name": "carrot_on_a_stick_160",
			"from": [8, 3.5, 7.35],
			"to": [8.5, 4, 8.65],
			"faces": {
				"north": {"uv": [8.025, 12.475, 8.475, 12.025], "rotation": 180, "texture": "#layer0"},
				"east": {"uv": [8.025, 12.025, 8.475, 12.475], "texture": "#layer0"},
				"south": {"uv": [8.025, 12.025, 8.475, 12.475], "texture": "#layer0"},
				"west": {"uv": [8.025, 12.025, 8.475, 12.475], "texture": "#layer0"}
			}
		},
		{
			"name": "carrot_on_a_stick_161",
			"from": [10.5, 3.5, 7.35],
			"to": [11, 4, 8.65],
			"faces": {
				"north": {"uv": [10.525, 12.475, 10.975, 12.025], "rotation": 180, "texture": "#layer0"},
				"south": {"uv": [10.525, 12.025, 10.975, 12.475], "texture": "#layer0"},
				"west": {"uv": [10.525, 12.025, 10.975, 12.475], "texture": "#layer0"},
				"up": {"uv": [10.975, 12.025, 10.525, 12.475], "rotation": 180, "texture": "#layer0"},
				"down": {"uv": [10.525, 12.025, 10.975, 12.475], "texture": "#layer0"}
			}
		},
		{
			"name": "carrot_on_a_stick_162",
			"from": [11, 3.5, 7.35],
			"to": [11.5, 4, 8.65],
			"faces": {
				"north": {"uv": [11.025, 12.475, 11.475, 12.025], "rotation": 180, "texture": "#layer0"},
				"south": {"uv": [11.025, 12.025, 11.475, 12.475], "texture": "#layer0"}
			}
		},
		{
			"name": "carrot_on_a_stick_163",
			"from": [11.5, 3.5, 7.35],
			"to": [12, 4, 8.65],
			"faces": {
				"north": {"uv": [11.525, 12.475, 11.975, 12.025], "rotation": 180, "texture": "#layer0"},
				"south": {"uv": [11.525, 12.025, 11.975, 12.475], "texture": "#layer0"}
			}
		},
		{
			"name": "carrot_on_a_stick_164",
			"from": [12, 3.5, 7.35],
			"to": [12.5, 4, 8.65],
			"faces": {
				"north": {"uv": [12.025, 12.475, 12.475, 12.025], "rotation": 180, "texture": "#layer0"},
				"south": {"uv": [12.025, 12.025, 12.475, 12.475], "texture": "#layer0"}
			}
		},
		{
			"name": "carrot_on_a_stick_165",
			"from": [12.5, 3.5, 7.35],
			"to": [13, 4, 8.65],
			"faces": {
				"north": {"uv": [12.525, 12.475, 12.975, 12.025], "rotation": 180, "texture": "#layer0"},
				"east": {"uv": [12.525, 12.025, 12.975, 12.475], "texture": "#layer0"},
				"south": {"uv": [12.525, 12.025, 12.975, 12.475], "texture": "#layer0"},
				"up": {"uv": [12.975, 12.025, 12.525, 12.475], "rotation": 180, "texture": "#layer0"},
				"down": {"uv": [12.525, 12.025, 12.975, 12.475], "texture": "#layer0"}
			}
		},
		{
			"name": "carrot_on_a_stick_166",
			"from": [3, 3, 7.75],
			"to": [3.5, 3.5, 8.25],
			"faces": {
				"north": {"uv": [3.025, 12.975, 3.475, 12.525], "rotation": 180, "texture": "#layer0"},
				"south": {"uv": [3.025, 12.525, 3.475, 12.975], "texture": "#layer0"},
				"west": {"uv": [3.025, 12.525, 3.475, 12.975], "texture": "#layer0"},
				"up": {"uv": [3.475, 12.525, 3.025, 12.975], "rotation": 180, "texture": "#layer0"}
			}
		},
		{
			"name": "carrot_on_a_stick_167",
			"from": [3.5, 3, 7.55],
			"to": [4, 3.5, 8.45],
			"faces": {
				"north": {"uv": [3.525, 12.975, 3.975, 12.525], "rotation": 180, "texture": "#layer0"},
				"south": {"uv": [3.525, 12.525, 3.975, 12.975], "texture": "#layer0"},
				"west": {"uv": [3.525, 12.525, 3.975, 12.975], "texture": "#layer0"},
				"up": {"uv": [3.975, 12.525, 3.525, 12.975], "rotation": 180, "texture": "#layer0"}
			}
		},
		{
			"name": "carrot_on_a_stick_168",
			"from": [4, 3, 7.55],
			"to": [4.5, 3.5, 8.45],
			"faces": {
				"north": {"uv": [4.025, 12.975, 4.475, 12.525], "rotation": 180, "texture": "#layer0"},
				"south": {"uv": [4.025, 12.525, 4.475, 12.975], "texture": "#layer0"}
			}
		},
		{
			"name": "carrot_on_a_stick_169",
			"from": [4.5, 3, 7.55],
			"to": [5, 3.5, 8.45],
			"faces": {
				"north": {"uv": [4.525, 12.975, 4.975, 12.525], "rotation": 180, "texture": "#layer0"},
				"east": {"uv": [4.525, 12.525, 4.975, 12.975], "texture": "#layer0"},
				"south": {"uv": [4.525, 12.525, 4.975, 12.975], "texture": "#layer0"},
				"down": {"uv": [4.525, 12.525, 4.975, 12.975], "texture": "#layer0"}
			}
		},
		{
			"name": "carrot_on_a_stick_170",
			"from": [5, 3, 7.75],
			"to": [5.5, 3.5, 8.25],
			"faces": {
				"north": {"uv": [5.025, 12.975, 5.475, 12.525], "rotation": 180, "texture": "#layer0"},
				"south": {"uv": [5.025, 12.525, 5.475, 12.975], "texture": "#layer0"},
				"down": {"uv": [5.025, 12.525, 5.475, 12.975], "texture": "#layer0"}
			}
		},
		{
			"name": "carrot_on_a_stick_171",
			"from": [5.5, 3, 7.35],
			"to": [6, 3.5, 8.65],
			"faces": {
				"north": {"uv": [5.525, 12.975, 5.975, 12.525], "rotation": 180, "texture": "#layer0"},
				"east": {"uv": [5.525, 12.525, 5.975, 12.975], "texture": "#layer0"},
				"south": {"uv": [5.525, 12.525, 5.975, 12.975], "texture": "#layer0"},
				"west": {"uv": [5.525, 12.525, 5.975, 12.975], "texture": "#layer0"},
				"down": {"uv": [5.525, 12.525, 5.975, 12.975], "texture": "#layer0"}
			}
		},
		{
			"name": "carrot_on_a_stick_172",
			"from": [6, 3, 7.45],
			"to": [6.5, 3.5, 8.55],
			"faces": {
				"north": {"uv": [6.025, 12.975, 6.475, 12.525], "rotation": 180, "texture": "#layer0"},
				"east": {"uv": [6.025, 12.525, 6.475, 12.975], "texture": "#layer0"},
				"south": {"uv": [6.025, 12.525, 6.475, 12.975], "texture": "#layer0"},
				"up": {"uv": [6.475, 12.525, 6.025, 12.975], "rotation": 180, "texture": "#layer0"}
			}
		},
		{
			"name": "carrot_on_a_stick_173",
			"from": [6.5, 3, 7.55],
			"to": [7, 3.5, 8.45],
			"faces": {
				"north": {"uv": [6.525, 12.975, 6.975, 12.525], "rotation": 180, "texture": "#layer0"},
				"south": {"uv": [6.525, 12.525, 6.975, 12.975], "texture": "#layer0"}
			}
		},
		{
			"name": "carrot_on_a_stick_174",
			"from": [7, 3, 7.55],
			"to": [7.5, 3.5, 8.45],
			"faces": {
				"north": {"uv": [7.025, 12.975, 7.475, 12.525], "rotation": 180, "texture": "#layer0"},
				"south": {"uv": [7.025, 12.525, 7.475, 12.975], "texture": "#layer0"}
			}
		},
		{
			"name": "carrot_on_a_stick_175",
			"from": [7.5, 3, 7.45],
			"to": [8, 3.5, 8.55],
			"faces": {
				"north": {"uv": [7.525, 12.975, 7.975, 12.525], "rotation": 180, "texture": "#layer0"},
				"south": {"uv": [7.525, 12.525, 7.975, 12.975], "texture": "#layer0"},
				"west": {"uv": [7.525, 12.525, 7.975, 12.975], "texture": "#layer0"},
				"up": {"uv": [7.975, 12.525, 7.525, 12.975], "rotation": 180, "texture": "#layer0"}
			}
		},
		{
			"name": "carrot_on_a_stick_176",
			"from": [8, 3, 7.35],
			"to": [8.5, 3.5, 8.65],
			"faces": {
				"north": {"uv": [8.025, 12.975, 8.475, 12.525], "rotation": 180, "texture": "#layer0"},
				"east": {"uv": [8.025, 12.525, 8.475, 12.975], "texture": "#layer0"},
				"south": {"uv": [8.025, 12.525, 8.475, 12.975], "texture": "#layer0"},
				"west": {"uv": [8.025, 12.525, 8.475, 12.975], "texture": "#layer0"},
				"down": {"uv": [8.025, 12.525, 8.475, 12.975], "texture": "#layer0"}
			}
		},
		{
			"name": "carrot_on_a_stick_177",
			"from": [10, 3, 7.55],
			"to": [10.5, 3.5, 8.45],
			"faces": {
				"north": {"uv": [10.025, 12.975, 10.475, 12.525], "rotation": 180, "texture": "#layer0"},
				"south": {"uv": [10.025, 12.525, 10.475, 12.975], "texture": "#layer0"},
				"west": {"uv": [10.025, 12.525, 10.475, 12.975], "texture": "#layer0"},
				"up": {"uv": [10.475, 12.525, 10.025, 12.975], "rotation": 180, "texture": "#layer0"}
			}
		},
		{
			"name": "carrot_on_a_stick_178",
			"from": [10.5, 3, 7.45],
			"to": [11, 3.5, 8.55],
			"faces": {
				"north": {"uv": [10.525, 12.975, 10.975, 12.525], "rotation": 180, "texture": "#layer0"},
				"south": {"uv": [10.525, 12.525, 10.975, 12.975], "texture": "#layer0"},
				"west": {"uv": [10.525, 12.525, 10.975, 12.975], "texture": "#layer0"},
				"down": {"uv": [10.525, 12.525, 10.975, 12.975], "texture": "#layer0"}
			}
		},
		{
			"name": "carrot_on_a_stick_179",
			"from": [11, 3, 7.35],
			"to": [11.5, 3.5, 8.65],
			"faces": {
				"north": {"uv": [11.025, 12.975, 11.475, 12.525], "rotation": 180, "texture": "#layer0"},
				"south": {"uv": [11.025, 12.525, 11.475, 12.975], "texture": "#layer0"},
				"west": {"uv": [11.025, 12.525, 11.475, 12.975], "texture": "#layer0"},
				"down": {"uv": [11.025, 12.525, 11.475, 12.975], "texture": "#layer0"}
			}
		},
		{
			"name": "carrot_on_a_stick_180",
			"from": [11.5, 3, 7.35],
			"to": [12, 3.5, 8.65],
			"faces": {
				"north": {"uv": [11.525, 12.975, 11.975, 12.525], "rotation": 180, "texture": "#layer0"},
				"south": {"uv": [11.525, 12.525, 11.975, 12.975], "texture": "#layer0"}
			}
		},
		{
			"name": "carrot_on_a_stick_181",
			"from": [12, 3, 7.35],
			"to": [12.5, 3.5, 8.65],
			"faces": {
				"north": {"uv": [12.025, 12.975, 12.475, 12.525], "rotation": 180, "texture": "#layer0"},
				"east": {"uv": [12.025, 12.525, 12.475, 12.975], "texture": "#layer0"},
				"south": {"uv": [12.025, 12.525, 12.475, 12.975], "texture": "#layer0"},
				"down": {"uv": [12.025, 12.525, 12.475, 12.975], "texture": "#layer0"}
			}
		},
		{
			"name": "carrot_on_a_stick_182",
			"from": [2.5, 2.5, 7.75],
			"to": [3, 3, 8.25],
			"faces": {
				"north": {"uv": [2.525, 13.475, 2.975, 13.025], "rotation": 180, "texture": "#layer0"},
				"south": {"uv": [2.525, 13.025, 2.975, 13.475], "texture": "#layer0"},
				"west": {"uv": [2.525, 13.025, 2.975, 13.475], "texture": "#layer0"},
				"up": {"uv": [2.975, 13.025, 2.525, 13.475], "rotation": 180, "texture": "#layer0"}
			}
		},
		{
			"name": "carrot_on_a_stick_183",
			"from": [3, 2.5, 7.55],
			"to": [3.5, 3, 8.45],
			"faces": {
				"north": {"uv": [3.025, 13.475, 3.475, 13.025], "rotation": 180, "texture": "#layer0"},
				"south": {"uv": [3.025, 13.025, 3.475, 13.475], "texture": "#layer0"},
				"west": {"uv": [3.025, 13.025, 3.475, 13.475], "texture": "#layer0"},
				"up": {"uv": [3.475, 13.025, 3.025, 13.475], "rotation": 180, "texture": "#layer0"}
			}
		},
		{
			"name": "carrot_on_a_stick_184",
			"from": [3.5, 2.5, 7.55],
			"to": [4, 3, 8.45],
			"faces": {
				"north": {"uv": [3.525, 13.475, 3.975, 13.025], "rotation": 180, "texture": "#layer0"},
				"south": {"uv": [3.525, 13.025, 3.975, 13.475], "texture": "#layer0"}
			}
		},
		{
			"name": "carrot_on_a_stick_185",
			"from": [4, 2.5, 7.55],
			"to": [4.5, 3, 8.45],
			"faces": {
				"north": {"uv": [4.025, 13.475, 4.475, 13.025], "rotation": 180, "texture": "#layer0"},
				"east": {"uv": [4.025, 13.025, 4.475, 13.475], "texture": "#layer0"},
				"south": {"uv": [4.025, 13.025, 4.475, 13.475], "texture": "#layer0"},
				"down": {"uv": [4.025, 13.025, 4.475, 13.475], "texture": "#layer0"}
			}
		},
		{
			"name": "carrot_on_a_stick_186",
			"from": [4.5, 2.5, 7.75],
			"to": [5, 3, 8.25],
			"faces": {
				"north": {"uv": [4.525, 13.475, 4.975, 13.025], "rotation": 180, "texture": "#layer0"},
				"east": {"uv": [4.525, 13.025, 4.975, 13.475], "texture": "#layer0"},
				"south": {"uv": [4.525, 13.025, 4.975, 13.475], "texture": "#layer0"},
				"down": {"uv": [4.525, 13.025, 4.975, 13.475], "texture": "#layer0"}
			}
		},
		{
			"name": "carrot_on_a_stick_187",
			"from": [6, 2.5, 7.35],
			"to": [6.5, 3, 8.65],
			"faces": {
				"north": {"uv": [6.025, 13.475, 6.475, 13.025], "rotation": 180, "texture": "#layer0"},
				"south": {"uv": [6.025, 13.025, 6.475, 13.475], "texture": "#layer0"},
				"west": {"uv": [6.025, 13.025, 6.475, 13.475], "texture": "#layer0"},
				"up": {"uv": [6.475, 13.025, 6.025, 13.475], "rotation": 180, "texture": "#layer0"},
				"down": {"uv": [6.025, 13.025, 6.475, 13.475], "texture": "#layer0"}
			}
		},
		{
			"name": "carrot_on_a_stick_188",
			"from": [6.5, 2.5, 7.35],
			"to": [7, 3, 8.65],
			"faces": {
				"north": {"uv": [6.525, 13.475, 6.975, 13.025], "rotation": 180, "texture": "#layer0"},
				"south": {"uv": [6.525, 13.025, 6.975, 13.475], "texture": "#layer0"},
				"up": {"uv": [6.975, 13.025, 6.525, 13.475], "rotation": 180, "texture": "#layer0"},
				"down": {"uv": [6.525, 13.025, 6.975, 13.475], "texture": "#layer0"}
			}
		},
		{
			"name": "carrot_on_a_stick_189",
			"from": [7, 2.5, 7.35],
			"to": [7.5, 3, 8.65],
			"faces": {
				"north": {"uv": [7.025, 13.475, 7.475, 13.025], "rotation": 180, "texture": "#layer0"},
				"south": {"uv": [7.025, 13.025, 7.475, 13.475], "texture": "#layer0"},
				"up": {"uv": [7.475, 13.025, 7.025, 13.475], "rotation": 180, "texture": "#layer0"},
				"down": {"uv": [7.025, 13.025, 7.475, 13.475], "texture": "#layer0"}
			}
		},
		{
			"name": "carrot_on_a_stick_190",
			"from": [7.5, 2.5, 7.35],
			"to": [8, 3, 8.65],
			"faces": {
				"north": {"uv": [7.525, 13.475, 7.975, 13.025], "rotation": 180, "texture": "#layer0"},
				"east": {"uv": [7.525, 13.025, 7.975, 13.475], "texture": "#layer0"},
				"south": {"uv": [7.525, 13.025, 7.975, 13.475], "texture": "#layer0"},
				"up": {"uv": [7.975, 13.025, 7.525, 13.475], "rotation": 180, "texture": "#layer0"},
				"down": {"uv": [7.525, 13.025, 7.975, 13.475], "texture": "#layer0"}
			}
		},
		{
			"name": "carrot_on_a_stick_191",
			"from": [9.5, 2.5, 7.55],
			"to": [10, 3, 8.45],
			"faces": {
				"north": {"uv": [9.525, 13.475, 9.975, 13.025], "rotation": 180, "texture": "#layer0"},
				"south": {"uv": [9.525, 13.025, 9.975, 13.475], "texture": "#layer0"},
				"west": {"uv": [9.525, 13.025, 9.975, 13.475], "texture": "#layer0"},
				"up": {"uv": [9.975, 13.025, 9.525, 13.475], "rotation": 180, "texture": "#layer0"}
			}
		},
		{
			"name": "carrot_on_a_stick_192",
			"from": [10, 2.5, 7.55],
			"to": [10.5, 3, 8.45],
			"faces": {
				"north": {"uv": [10.025, 13.475, 10.475, 13.025], "rotation": 180, "texture": "#layer0"},
				"south": {"uv": [10.025, 13.025, 10.475, 13.475], "texture": "#layer0"}
			}
		},
		{
			"name": "carrot_on_a_stick_193",
			"from": [10.5, 2.5, 7.55],
			"to": [11, 3, 8.45],
			"faces": {
				"north": {"uv": [10.525, 13.475, 10.975, 13.025], "rotation": 180, "texture": "#layer0"},
				"south": {"uv": [10.525, 13.025, 10.975, 13.475], "texture": "#layer0"}
			}
		},
		{
			"name": "carrot_on_a_stick_194",
			"from": [11, 2.5, 7.45],
			"to": [11.5, 3, 8.55],
			"faces": {
				"north": {"uv": [11.025, 13.475, 11.475, 13.025], "rotation": 180, "texture": "#layer0"},
				"south": {"uv": [11.025, 13.025, 11.475, 13.475], "texture": "#layer0"},
				"west": {"uv": [11.025, 13.025, 11.475, 13.475], "texture": "#layer0"},
				"down": {"uv": [11.025, 13.025, 11.475, 13.475], "texture": "#layer0"}
			}
		},
		{
			"name": "carrot_on_a_stick_195",
			"from": [11.5, 2.5, 7.35],
			"to": [12, 3, 8.65],
			"faces": {
				"north": {"uv": [11.525, 13.475, 11.975, 13.025], "rotation": 180, "texture": "#layer0"},
				"east": {"uv": [11.525, 13.025, 11.975, 13.475], "texture": "#layer0"},
				"south": {"uv": [11.525, 13.025, 11.975, 13.475], "texture": "#layer0"},
				"west": {"uv": [11.525, 13.025, 11.975, 13.475], "texture": "#layer0"},
				"down": {"uv": [11.525, 13.025, 11.975, 13.475], "texture": "#layer0"}
			}
		},
		{
			"name": "carrot_on_a_stick_196",
			"from": [2, 2, 7.75],
			"to": [2.5, 2.5, 8.25],
			"faces": {
				"north": {"uv": [2.025, 13.975, 2.475, 13.525], "rotation": 180, "texture": "#layer0"},
				"south": {"uv": [2.025, 13.525, 2.475, 13.975], "texture": "#layer0"},
				"west": {"uv": [2.025, 13.525, 2.475, 13.975], "texture": "#layer0"},
				"up": {"uv": [2.475, 13.525, 2.025, 13.975], "rotation": 180, "texture": "#layer0"}
			}
		},
		{
			"name": "carrot_on_a_stick_197",
			"from": [2.5, 2, 7.55],
			"to": [3, 2.5, 8.45],
			"faces": {
				"north": {"uv": [2.525, 13.975, 2.975, 13.525], "rotation": 180, "texture": "#layer0"},
				"south": {"uv": [2.525, 13.525, 2.975, 13.975], "texture": "#layer0"},
				"west": {"uv": [2.525, 13.525, 2.975, 13.975], "texture": "#layer0"},
				"up": {"uv": [2.975, 13.525, 2.525, 13.975], "rotation": 180, "texture": "#layer0"}
			}
		},
		{
			"name": "carrot_on_a_stick_198",
			"from": [3, 2, 7.55],
			"to": [3.5, 2.5, 8.45],
			"faces": {
				"north": {"uv": [3.025, 13.975, 3.475, 13.525], "rotation": 180, "texture": "#layer0"},
				"south": {"uv": [3.025, 13.525, 3.475, 13.975], "texture": "#layer0"}
			}
		},
		{
			"name": "carrot_on_a_stick_199",
			"from": [3.5, 2, 7.55],
			"to": [4, 2.5, 8.45],
			"faces": {
				"north": {"uv": [3.525, 13.975, 3.975, 13.525], "rotation": 180, "texture": "#layer0"},
				"east": {"uv": [3.525, 13.525, 3.975, 13.975], "texture": "#layer0"},
				"south": {"uv": [3.525, 13.525, 3.975, 13.975], "texture": "#layer0"},
				"down": {"uv": [3.525, 13.525, 3.975, 13.975], "texture": "#layer0"}
			}
		},
		{
			"name": "carrot_on_a_stick_200",
			"from": [4, 2, 7.75],
			"to": [4.5, 2.5, 8.25],
			"faces": {
				"north": {"uv": [4.025, 13.975, 4.475, 13.525], "rotation": 180, "texture": "#layer0"},
				"east": {"uv": [4.025, 13.525, 4.475, 13.975], "texture": "#layer0"},
				"south": {"uv": [4.025, 13.525, 4.475, 13.975], "texture": "#layer0"},
				"down": {"uv": [4.025, 13.525, 4.475, 13.975], "texture": "#layer0"}
			}
		},
		{
			"name": "carrot_on_a_stick_201",
			"from": [9, 2, 7.55],
			"to": [9.5, 2.5, 8.45],
			"faces": {
				"north": {"uv": [9.025, 13.975, 9.475, 13.525], "rotation": 180, "texture": "#layer0"},
				"south": {"uv": [9.025, 13.525, 9.475, 13.975], "texture": "#layer0"},
				"west": {"uv": [9.025, 13.525, 9.475, 13.975], "texture": "#layer0"},
				"up": {"uv": [9.475, 13.525, 9.025, 13.975], "rotation": 180, "texture": "#layer0"},
				"down": {"uv": [9.025, 13.525, 9.475, 13.975], "texture": "#layer0"}
			}
		},
		{
			"name": "carrot_on_a_stick_202",
			"from": [9.5, 2, 7.55],
			"to": [10, 2.5, 8.45],
			"faces": {
				"north": {"uv": [9.525, 13.975, 9.975, 13.525], "rotation": 180, "texture": "#layer0"},
				"south": {"uv": [9.525, 13.525, 9.975, 13.975], "texture": "#layer0"}
			}
		},
		{
			"name": "carrot_on_a_stick_203",
			"from": [10, 2, 7.55],
			"to": [10.5, 2.5, 8.45],
			"faces": {
				"north": {"uv": [10.025, 13.975, 10.475, 13.525], "rotation": 180, "texture": "#layer0"},
				"south": {"uv": [10.025, 13.525, 10.475, 13.975], "texture": "#layer0"}
			}
		},
		{
			"name": "carrot_on_a_stick_204",
			"from": [10.5, 2, 7.55],
			"to": [11, 2.5, 8.45],
			"faces": {
				"north": {"uv": [10.525, 13.975, 10.975, 13.525], "rotation": 180, "texture": "#layer0"},
				"south": {"uv": [10.525, 13.525, 10.975, 13.975], "texture": "#layer0"}
			}
		},
		{
			"name": "carrot_on_a_stick_205",
			"from": [11, 2, 7.55],
			"to": [11.5, 2.5, 8.45],
			"faces": {
				"north": {"uv": [11.025, 13.975, 11.475, 13.525], "rotation": 180, "texture": "#layer0"},
				"east": {"uv": [11.025, 13.525, 11.475, 13.975], "texture": "#layer0"},
				"south": {"uv": [11.025, 13.525, 11.475, 13.975], "texture": "#layer0"},
				"down": {"uv": [11.025, 13.525, 11.475, 13.975], "texture": "#layer0"}
			}
		},
		{
			"name": "carrot_on_a_stick_206",
			"from": [2, 1.5, 7.75],
			"to": [2.5, 2, 8.25],
			"faces": {
				"north": {"uv": [2.025, 14.475, 2.475, 14.025], "rotation": 180, "texture": "#layer0"},
				"south": {"uv": [2.025, 14.025, 2.475, 14.475], "texture": "#layer0"},
				"west": {"uv": [2.025, 14.025, 2.475, 14.475], "texture": "#layer0"},
				"down": {"uv": [2.025, 14.025, 2.475, 14.475], "texture": "#layer0"}
			}
		},
		{
			"name": "carrot_on_a_stick_207",
			"from": [2.5, 1.5, 7.55],
			"to": [3, 2, 8.45],
			"faces": {
				"north": {"uv": [2.525, 14.475, 2.975, 14.025], "rotation": 180, "texture": "#layer0"},
				"south": {"uv": [2.525, 14.025, 2.975, 14.475], "texture": "#layer0"},
				"west": {"uv": [2.525, 14.025, 2.975, 14.475], "texture": "#layer0"},
				"down": {"uv": [2.525, 14.025, 2.975, 14.475], "texture": "#layer0"}
			}
		},
		{
			"name": "carrot_on_a_stick_208",
			"from": [3, 1.5, 7.55],
			"to": [3.5, 2, 8.45],
			"faces": {
				"north": {"uv": [3.025, 14.475, 3.475, 14.025], "rotation": 180, "texture": "#layer0"},
				"east": {"uv": [3.025, 14.025, 3.475, 14.475], "texture": "#layer0"},
				"south": {"uv": [3.025, 14.025, 3.475, 14.475], "texture": "#layer0"},
				"down": {"uv": [3.025, 14.025, 3.475, 14.475], "texture": "#layer0"}
			}
		},
		{
			"name": "carrot_on_a_stick_209",
			"from": [3.5, 1.5, 7.75],
			"to": [4, 2, 8.25],
			"faces": {
				"north": {"uv": [3.525, 14.475, 3.975, 14.025], "rotation": 180, "texture": "#layer0"},
				"east": {"uv": [3.525, 14.025, 3.975, 14.475], "texture": "#layer0"},
				"south": {"uv": [3.525, 14.025, 3.975, 14.475], "texture": "#layer0"},
				"down": {"uv": [3.525, 14.025, 3.975, 14.475], "texture": "#layer0"}
			}
		},
		{
			"name": "carrot_on_a_stick_210",
			"from": [8.5, 1.5, 7.75],
			"to": [9, 2, 8.25],
			"faces": {
				"north": {"uv": [8.525, 14.475, 8.975, 14.025], "rotation": 180, "texture": "#layer0"},
				"south": {"uv": [8.525, 14.025, 8.975, 14.475], "texture": "#layer0"},
				"west": {"uv": [8.525, 14.025, 8.975, 14.475], "texture": "#layer0"},
				"up": {"uv": [8.975, 14.025, 8.525, 14.475], "rotation": 180, "texture": "#layer0"}
			}
		},
		{
			"name": "carrot_on_a_stick_211",
			"from": [9, 1.5, 7.65],
			"to": [9.5, 2, 8.35],
			"faces": {
				"north": {"uv": [9.025, 14.475, 9.475, 14.025], "rotation": 180, "texture": "#layer0"},
				"south": {"uv": [9.025, 14.025, 9.475, 14.475], "texture": "#layer0"},
				"west": {"uv": [9.025, 14.025, 9.475, 14.475], "texture": "#layer0"},
				"down": {"uv": [9.025, 14.025, 9.475, 14.475], "texture": "#layer0"}
			}
		},
		{
			"name": "carrot_on_a_stick_212",
			"from": [9.5, 1.5, 7.55],
			"to": [10, 2, 8.45],
			"faces": {
				"north": {"uv": [9.525, 14.475, 9.975, 14.025], "rotation": 180, "texture": "#layer0"},
				"south": {"uv": [9.525, 14.025, 9.975, 14.475], "texture": "#layer0"},
				"west": {"uv": [9.525, 14.025, 9.975, 14.475], "texture": "#layer0"},
				"down": {"uv": [9.525, 14.025, 9.975, 14.475], "texture": "#layer0"}
			}
		},
		{
			"name": "carrot_on_a_stick_213",
			"from": [10, 1.5, 7.55],
			"to": [10.5, 2, 8.45],
			"faces": {
				"north": {"uv": [10.025, 14.475, 10.475, 14.025], "rotation": 180, "texture": "#layer0"},
				"south": {"uv": [10.025, 14.025, 10.475, 14.475], "texture": "#layer0"}
			}
		},
		{
			"name": "carrot_on_a_stick_214",
			"from": [10.5, 1.5, 7.55],
			"to": [11, 2, 8.45],
			"faces": {
				"north": {"uv": [10.525, 14.475, 10.975, 14.025], "rotation": 180, "texture": "#layer0"},
				"east": {"uv": [10.525, 14.025, 10.975, 14.475], "texture": "#layer0"},
				"south": {"uv": [10.525, 14.025, 10.975, 14.475], "texture": "#layer0"},
				"down": {"uv": [10.525, 14.025, 10.975, 14.475], "texture": "#layer0"}
			}
		},
		{
			"name": "carrot_on_a_stick_215",
			"from": [2.5, 1, 7.75],
			"to": [3, 1.5, 8.25],
			"faces": {
				"north": {"uv": [2.525, 14.975, 2.975, 14.525], "rotation": 180, "texture": "#layer0"},
				"south": {"uv": [2.525, 14.525, 2.975, 14.975], "texture": "#layer0"},
				"west": {"uv": [2.525, 14.525, 2.975, 14.975], "texture": "#layer0"},
				"down": {"uv": [2.525, 14.525, 2.975, 14.975], "texture": "#layer0"}
			}
		},
		{
			"name": "carrot_on_a_stick_216",
			"from": [3, 1, 7.75],
			"to": [3.5, 1.5, 8.25],
			"faces": {
				"north": {"uv": [3.025, 14.975, 3.475, 14.525], "rotation": 180, "texture": "#layer0"},
				"east": {"uv": [3.025, 14.525, 3.475, 14.975], "texture": "#layer0"},
				"south": {"uv": [3.025, 14.525, 3.475, 14.975], "texture": "#layer0"},
				"down": {"uv": [3.025, 14.525, 3.475, 14.975], "texture": "#layer0"}
			}
		},
		{
			"name": "carrot_on_a_stick_217",
			"from": [8, 1, 7.75],
			"to": [8.5, 1.5, 8.25],
			"faces": {
				"north": {"uv": [8.025, 14.975, 8.475, 14.525], "rotation": 180, "texture": "#layer0"},
				"south": {"uv": [8.025, 14.525, 8.475, 14.975], "texture": "#layer0"},
				"west": {"uv": [8.025, 14.525, 8.475, 14.975], "texture": "#layer0"},
				"up": {"uv": [8.475, 14.525, 8.025, 14.975], "rotation": 180, "texture": "#layer0"}
			}
		},
		{
			"name": "carrot_on_a_stick_218",
			"from": [8.5, 1, 7.75],
			"to": [9, 1.5, 8.25],
			"faces": {
				"north": {"uv": [8.525, 14.975, 8.975, 14.525], "rotation": 180, "texture": "#layer0"},
				"south": {"uv": [8.525, 14.525, 8.975, 14.975], "texture": "#layer0"}
			}
		},
		{
			"name": "carrot_on_a_stick_219",
			"from": [9, 1, 7.75],
			"to": [9.5, 1.5, 8.25],
			"faces": {
				"north": {"uv": [9.025, 14.975, 9.475, 14.525], "rotation": 180, "texture": "#layer0"},
				"south": {"uv": [9.025, 14.525, 9.475, 14.975], "texture": "#layer0"}
			}
		},
		{
			"name": "carrot_on_a_stick_220",
			"from": [9.5, 1, 7.65],
			"to": [10, 1.5, 8.35],
			"faces": {
				"north": {"uv": [9.525, 14.975, 9.975, 14.525], "rotation": 180, "texture": "#layer0"},
				"south": {"uv": [9.525, 14.525, 9.975, 14.975], "texture": "#layer0"},
				"west": {"uv": [9.525, 14.525, 9.975, 14.975], "texture": "#layer0"},
				"down": {"uv": [9.525, 14.525, 9.975, 14.975], "texture": "#layer0"}
			}
		},
		{
			"name": "carrot_on_a_stick_221",
			"from": [10, 1, 7.55],
			"to": [10.5, 1.5, 8.45],
			"faces": {
				"north": {"uv": [10.025, 14.975, 10.475, 14.525], "rotation": 180, "texture": "#layer0"},
				"east": {"uv": [10.025, 14.525, 10.475, 14.975], "texture": "#layer0"},
				"south": {"uv": [10.025, 14.525, 10.475, 14.975], "texture": "#layer0"},
				"west": {"uv": [10.025, 14.525, 10.475, 14.975], "texture": "#layer0"},
				"down": {"uv": [10.025, 14.525, 10.475, 14.975], "texture": "#layer0"}
			}
		},
		{
			"name": "carrot_on_a_stick_222",
			"from": [8, 0.5, 7.75],
			"to": [8.5, 1, 8.25],
			"faces": {
				"north": {"uv": [8.025, 15.475, 8.475, 15.025], "rotation": 180, "texture": "#layer0"},
				"south": {"uv": [8.025, 15.025, 8.475, 15.475], "texture": "#layer0"},
				"west": {"uv": [8.025, 15.025, 8.475, 15.475], "texture": "#layer0"}
			}
		},
		{
			"name": "carrot_on_a_stick_223",
			"from": [8.5, 0.5, 7.75],
			"to": [9, 1, 8.25],
			"faces": {
				"north": {"uv": [8.525, 15.475, 8.975, 15.025], "rotation": 180, "texture": "#layer0"},
				"south": {"uv": [8.525, 15.025, 8.975, 15.475], "texture": "#layer0"}
			}
		},
		{
			"name": "carrot_on_a_stick_224",
			"from": [9, 0.5, 7.75],
			"to": [9.5, 1, 8.25],
			"faces": {
				"north": {"uv": [9.025, 15.475, 9.475, 15.025], "rotation": 180, "texture": "#layer0"},
				"south": {"uv": [9.025, 15.025, 9.475, 15.475], "texture": "#layer0"}
			}
		},
		{
			"name": "carrot_on_a_stick_225",
			"from": [9.5, 0.5, 7.75],
			"to": [10, 1, 8.25],
			"faces": {
				"north": {"uv": [9.525, 15.475, 9.975, 15.025], "rotation": 180, "texture": "#layer0"},
				"east": {"uv": [9.525, 15.025, 9.975, 15.475], "texture": "#layer0"},
				"south": {"uv": [9.525, 15.025, 9.975, 15.475], "texture": "#layer0"},
				"down": {"uv": [9.525, 15.025, 9.975, 15.475], "texture": "#layer0"}
			}
		},
		{
			"name": "carrot_on_a_stick_226",
			"from": [8, 0, 7.75],
			"to": [8.5, 0.5, 8.25],
			"faces": {
				"north": {"uv": [8.025, 15.975, 8.475, 15.525], "rotation": 180, "texture": "#layer0"},
				"south": {"uv": [8.025, 15.525, 8.475, 15.975], "texture": "#layer0"},
				"west": {"uv": [8.025, 15.525, 8.475, 15.975], "texture": "#layer0"},
				"down": {"uv": [8.025, 15.525, 8.475, 15.975], "texture": "#layer0"}
			}
		},
		{
			"name": "carrot_on_a_stick_227",
			"from": [8.5, 0, 7.75],
			"to": [9, 0.5, 8.25],
			"faces": {
				"north": {"uv": [8.525, 15.975, 8.975, 15.525], "rotation": 180, "texture": "#layer0"},
				"south": {"uv": [8.525, 15.525, 8.975, 15.975], "texture": "#layer0"},
				"down": {"uv": [8.525, 15.525, 8.975, 15.975], "texture": "#layer0"}
			}
		},
		{
			"name": "carrot_on_a_stick_228",
			"from": [9, 0, 7.75],
			"to": [9.5, 0.5, 8.25],
			"faces": {
				"north": {"uv": [9.025, 15.975, 9.475, 15.525], "rotation": 180, "texture": "#layer0"},
				"east": {"uv": [9.025, 15.525, 9.475, 15.975], "texture": "#layer0"},
				"south": {"uv": [9.025, 15.525, 9.475, 15.975], "texture": "#layer0"},
				"down": {"uv": [9.025, 15.525, 9.475, 15.975], "texture": "#layer0"}
			}
		}
	],
	"groups": [
		{
			"name": "carrot_on_a_stick",
			"origin": [8, 8, 8],
			"children": [0, 1, 2, 3, 4, 5, 6, 7, 8, 9, 10, 11, 12, 13, 14, 15, 16, 17, 18, 19, 20, 21, 22, 23, 24, 25, 26, 27, 28, 29, 30, 31, 32, 33, 34, 35, 36, 37, 38, 39, 40, 41, 42, 43, 44, 45, 46, 47, 48, 49, 50, 51, 52, 53, 54, 55, 56, 57, 58, 59, 60, 61, 62, 63, 64, 65, 66, 67, 68, 69, 70, 71, 72, 73, 74, 75, 76, 77, 78, 79, 80, 81, 82, 83, 84, 85, 86, 87, 88, 89, 90, 91, 92, 93, 94, 95, 96, 97, 98, 99, 100, 101, 102, 103, 104, 105, 106, 107, 108, 109, 110, 111, 112, 113, 114, 115, 116, 117, 118, 119, 120, 121, 122, 123, 124, 125, 126, 127, 128, 129, 130, 131, 132, 133, 134, 135, 136, 137, 138, 139, 140, 141, 142, 143, 144, 145, 146, 147, 148, 149, 150, 151, 152, 153, 154, 155, 156, 157, 158, 159, 160, 161, 162, 163, 164, 165, 166, 167, 168, 169, 170, 171, 172, 173, 174, 175, 176, 177, 178, 179, 180, 181, 182, 183, 184, 185, 186, 187, 188, 189, 190, 191, 192, 193, 194, 195, 196, 197, 198, 199, 200, 201, 202, 203, 204, 205, 206, 207, 208, 209, 210, 211, 212, 213, 214, 215, 216, 217, 218, 219, 220, 221, 222, 223, 224, 225, 226, 227, 228]
		}
	]
}