{
	"credit": "Made by Juknum",
	"textures": {
		"texture": "blocks/minecart",
		"down": "blocks/chest"
	},
	"elements": [
		{
			"from": [2, 2, 2],
			"to": [14, 11, 14],
			"faces": {
				"north": {"uv": [7, 8.25, 10.5, 10.75], "texture": "#down", "cullface": "north"},
				"east": {"uv": [3.5, 8.25, 7, 10.75], "texture": "#down", "cullface": "north"},
				"south": {"uv": [0, 8.25, 3.5, 10.75], "texture": "#down", "cullface": "north"},
				"west": {"uv": [10.5, 8.25, 14, 10.75], "texture": "#down", "cullface": "north"},
				"up": {"uv": [3.5, 4.75, 7, 8.25], "rotation": 270, "texture": "#down", "cullface": "up"}
			}
		},
		{
			"from": [14, 7.95, 7],
			"to": [15, 11.95, 9],
			"faces": {
				"north": {"uv": [0, 0.25, 0.25, 1.25], "texture": "#down", "cullface": "north"},
				"east": {"uv": [0.25, 0.25, 0.75, 1.25], "texture": "#down", "cullface": "north"},
				"south": {"uv": [0.75, 0.25, 1, 1.25], "texture": "#down", "cullface": "north"},
				"west": {"uv": [1, 0.25, 1.5, 1.25], "texture": "#down", "cullface": "north"},
				"up": {"uv": [0.25, 0, 0.75, 0.25], "rotation": 180, "texture": "#down", "cullface": "north"},
				"down": {"uv": [0.75, 0, 1.25, 0.25], "texture": "#down", "cullface": "north"}
			}
		},
		{
			"from": [2, 10.2, 2],
			"to": [14, 14.2, 14],
			"faces": {
				"north": {"uv": [7, 3.5, 10.5, 4.75], "texture": "#down", "cullface": "north"},
				"east": {"uv": [3.5, 3.5, 7, 4.75], "texture": "#down", "cullface": "north"},
				"south": {"uv": [0, 3.5, 3.5, 4.75], "texture": "#down", "cullface": "north"},
				"west": {"uv": [10.5, 3.5, 14, 4.75], "texture": "#down", "cullface": "north"},
				"up": {"uv": [7, 4.75, 10.5, 8.25], "rotation": 270, "texture": "#down", "cullface": "up"},
				"down": {"uv": [3.5, 4.75, 7, 8.25], "rotation": 180, "texture": "#down"}
			}
		},
		{
			"name": "minecart bottom",
			"from": [-2, 0, 0],
			"to": [18, 2, 16],
			"faces": {
				"north": {"uv": [0.5, 2.5, 5.5, 3], "texture": "#texture"},
				"east": {"uv": [0, 3, 0.5, 7], "rotation": 90, "texture": "#texture"},
				"south": {"uv": [0.5, 2.5, 5.5, 3], "texture": "#texture"},
				"west": {"uv": [5.5, 3, 6, 7], "rotation": 90, "texture": "#texture"},
				"up": {"uv": [6, 3, 11, 7], "texture": "#texture"},
				"down": {"uv": [0.5, 3, 5.5, 7], "texture": "#texture"}
			}
		},
		{
			"name": "minecart side left",
			"from": [-2, 2, 0],
			"to": [18, 10, 2],
			"faces": {
				"north": {"uv": [4.5, 0.5, 9.5, 2.5], "texture": "#texture"},
				"south": {"uv": [0, 0.5, 5, 2.5], "texture": "#texture"},
				"up": {"uv": [0, 0, 5, 0.5], "texture": "#texture"}
			}
		},
		{
			"name": "minecart side bottom",
			"from": [-2, 2, 0],
			"to": [0, 10, 16],
			"faces": {
				"north": {"uv": [0, 0.5, 0.5, 2.5], "texture": "#texture"},
				"east": {"uv": [0.75, 0.5, 4.25, 2.5], "texture": "#texture"},
				"west": {"uv": [5.25, 0.5, 8.75, 2.5], "texture": "#texture"},
				"up": {"uv": [0, 0.5, 0.5, 2.5], "texture": "#texture"}
			}
		},
		{
			"name": "minecart side bottom",
			"from": [16, 2, 0],
			"to": [18, 10, 16],
			"faces": {
				"east": {"uv": [5.25, 0.5, 8.75, 2.5], "texture": "#texture"},
				"south": {"uv": [0, 0.5, 0.5, 2.5], "texture": "#texture"},
				"west": {"uv": [0.75, 0.5, 4.25, 2.5], "texture": "#texture"},
				"up": {"uv": [4.5, 0.5, 5, 2.5], "rotation": 180, "texture": "#texture"}
			}
		},
		{
			"name": "minecart side right",
			"from": [-2, 2, 14],
			"to": [18, 10, 16],
			"faces": {
				"north": {"uv": [0, 0.5, 5, 2.5], "texture": "#texture"},
				"south": {"uv": [4.5, 0.5, 9.5, 2.5], "texture": "#texture"},
				"up": {"uv": [0, 0, 5, 0.5], "rotation": 180, "texture": "#texture"}
			}
		}
	],
	"display": {
		"thirdperson_righthand": {
			"rotation": [0, 90, 45],
			"translation": [0, 3, 1],
			"scale": [0.325, 0.325, 0.325]
		},
		"thirdperson_lefthand": {
			"rotation": [0, 90, 45],
			"translation": [0, 3, 1],
			"scale": [0.325, 0.325, 0.325]
		},
		"firstperson_righthand": {
			"rotation": [0, 45, 0],
			"translation": [0, 1, 0],
			"scale": [0.4, 0.4, 0.4]
		},
		"firstperson_lefthand": {
			"rotation": [0, 45, 0],
			"translation": [0, 1, 0],
			"scale": [0.4, 0.4, 0.4]
		},
		"ground": {
			"translation": [0, -1, 0],
			"scale": [0.25, 0.25, 0.25]
		},
		"gui": {
			"rotation": [30, 225, 0],
			"scale": [0.585, 0.585, 0.585]
		},
		"fixed": {
			"scale": [0.5, 0.5, 0.5]
		}
	}
}
