{
	"credit": "Made with Blockbench",
	"parent": "item/generic_display",
	"textures": {
		"2": "items/experience_bottle_top",
		"3": "items/experience_bottle_bottom",
		"4": "items/experience_bottle_extra",
		"texture": "items/experience_bottle_overlay",
		"particle": "items/experience_bottle",
		"potion_overlay": "items/experience_bottle"
	},
	"elements": [
		{
			"name": "up",
			"from": [6.5, 11.21, 6.5],
			"to": [9.5, 13.7, 9.5],
			"faces": {
				"north": {"uv": [6.525, 2.525, 9.475, 3.475], "texture": "#potion_overlay"},
				"east": {"uv": [6.525, 2.525, 9.475, 3.475], "texture": "#potion_overlay"},
				"south": {"uv": [6.525, 2.525, 9.475, 3.475], "texture": "#potion_overlay"},
				"west": {"uv": [6.525, 2.525, 9.475, 3.475], "texture": "#potion_overlay"},
				"up": {"uv": [6.525, 2.525, 9.475, 3.475], "texture": "#potion_overlay"},
				"down": {"uv": [6.525, 2.525, 9.475, 3.475], "texture": "#potion_overlay"}
			}
		},
		{
			"name": "glass",
			"from": [6, 1.7, 6],
			"to": [10, 2.2, 10],
			"faces": {
				"north": {"uv": [6.025, 14.025, 9.975, 14.475], "texture": "#potion_overlay"},
				"east": {"uv": [6.025, 14.025, 9.975, 14.475], "texture": "#potion_overlay"},
				"south": {"uv": [6.025, 14.025, 9.975, 14.475], "texture": "#potion_overlay"},
				"west": {"uv": [6.025, 14.025, 9.975, 14.475], "texture": "#potion_overlay"},
				"down": {"uv": [6.025, 8.025, 9.975, 11.975], "rotation": 180, "texture": "#3"}
			}
		},
		{
			"name": "glass",
			"from": [6, 12.2, 6],
			"to": [10, 12.7, 10],
			"faces": {
				"north": {"uv": [6.025, 3.525, 9.975, 3.975], "texture": "#potion_overlay"},
				"east": {"uv": [6.025, 3.525, 9.975, 3.975], "texture": "#potion_overlay"},
				"south": {"uv": [6.025, 3.525, 9.975, 3.975], "texture": "#potion_overlay"},
				"west": {"uv": [6.025, 3.525, 9.975, 3.975], "texture": "#potion_overlay"},
				"up": {"uv": [4.025, 0.025, 7.975, 3.975], "texture": "#4"}
			}
		},
		{
			"name": "glass",
			"from": [6, 11.2, 6],
			"to": [10, 12.2, 10],
			"faces": {
				"north": {"uv": [0.025, 0.025, 3.975, 0.975], "texture": "#4"},
				"east": {"uv": [0.025, 0.025, 3.975, 0.975], "texture": "#4"},
				"south": {"uv": [0.025, 0.025, 3.975, 0.975], "texture": "#4"},
				"west": {"uv": [0.025, 0.025, 3.975, 0.975], "texture": "#4"},
				"down": {"uv": [8.025, 0.025, 11.975, 3.975], "texture": "#4"}
			}
		},
		{
			"name": "glass",
			"from": [6.5, 10.7, 6.5],
			"to": [9.5, 11.2, 9.5],
			"faces": {
				"north": {"uv": [6.525, 5.025, 9.475, 5.475], "texture": "#potion_overlay"},
				"east": {"uv": [6.525, 5.025, 9.475, 5.475], "texture": "#potion_overlay"},
				"south": {"uv": [6.525, 5.025, 9.475, 5.475], "texture": "#potion_overlay"},
				"west": {"uv": [6.525, 5.025, 9.475, 5.475], "texture": "#potion_overlay"},
				"up": {"uv": [6.525, 5.025, 9.475, 5.475], "texture": "#potion_overlay"},
				"down": {"uv": [0.525, 1.025, 3.475, 3.975], "texture": "#4"}
			}
		},
		{
			"name": "glass",
			"from": [6.5, 9.2, 6.5],
			"to": [9.5, 9.7, 9.5],
			"faces": {
				"north": {"uv": [6.525, 6.525, 9.475, 6.975], "texture": "#potion_overlay"},
				"east": {"uv": [6.525, 6.525, 9.475, 6.975], "texture": "#potion_overlay"},
				"south": {"uv": [6.525, 6.525, 9.475, 6.975], "texture": "#potion_overlay"},
				"west": {"uv": [6.525, 6.525, 9.475, 6.975], "texture": "#potion_overlay"},
				"up": {"uv": [6.025, 13.025, 8.975, 15.975], "texture": "#2"}
			}
		},
		{
			"name": "glass",
			"from": [6, 8.7, 6],
			"to": [10, 9.2, 10],
			"faces": {
				"north": {"uv": [6.025, 7.025, 9.975, 7.475], "texture": "#potion_overlay"},
				"east": {"uv": [6.025, 7.025, 9.975, 7.475], "texture": "#potion_overlay"},
				"south": {"uv": [6.025, 7.025, 9.975, 7.475], "texture": "#potion_overlay"},
				"west": {"uv": [6.025, 7.025, 9.975, 7.475], "texture": "#potion_overlay"},
				"up": {"uv": [11.025, 8.025, 14.975, 11.975], "texture": "#2"}
			}
		},
		{
			"name": "glass",
			"from": [5.5, 8.2, 5.5],
			"to": [10.5, 8.7, 10.5],
			"faces": {
				"north": {"uv": [5.525, 7.525, 10.475, 7.975], "texture": "#potion_overlay"},
				"east": {"uv": [5.525, 7.525, 10.475, 7.975], "texture": "#potion_overlay"},
				"south": {"uv": [5.525, 7.525, 10.475, 7.975], "texture": "#potion_overlay"},
				"west": {"uv": [5.525, 7.525, 10.475, 7.975], "texture": "#potion_overlay"},
				"up": {"uv": [6.025, 8.025, 10.975, 12.975], "texture": "#2"}
			}
		},
		{
			"name": "glass",
			"from": [5, 2.2, 5],
			"to": [11, 2.7, 11],
			"faces": {
				"north": {"uv": [5.025, 13.525, 10.975, 13.975], "texture": "#potion_overlay"},
				"east": {"uv": [5.025, 13.525, 10.975, 13.975], "texture": "#potion_overlay"},
				"south": {"uv": [5.025, 13.525, 10.975, 13.975], "texture": "#potion_overlay"},
				"west": {"uv": [5.025, 13.525, 10.975, 13.975], "texture": "#potion_overlay"},
				"down": {"uv": [0.025, 8.025, 5.975, 13.975], "texture": "#3"}
			}
		},
		{
			"name": "glass",
			"from": [5, 7.7, 5],
			"to": [11, 8.2, 11],
			"faces": {
				"north": {"uv": [5.025, 8.025, 10.975, 8.475], "texture": "#potion_overlay"},
				"east": {"uv": [5.025, 8.025, 10.975, 8.475], "texture": "#potion_overlay"},
				"south": {"uv": [5.025, 8.025, 10.975, 8.475], "texture": "#potion_overlay"},
				"west": {"uv": [5.025, 8.025, 10.975, 8.475], "texture": "#potion_overlay"},
				"up": {"uv": [0.025, 8.025, 5.975, 13.975], "texture": "#2"}
			}
		},
		{
			"name": "glass",
			"from": [4.5, 6.7, 4.5],
			"to": [11.5, 7.7, 11.5],
			"faces": {
				"north": {"uv": [4.525, 8.525, 11.475, 9.475], "texture": "#potion_overlay"},
				"east": {"uv": [4.525, 8.525, 11.475, 9.475], "texture": "#potion_overlay"},
				"south": {"uv": [11.475, 8.525, 4.525, 9.475], "texture": "#potion_overlay"},
				"west": {"uv": [11.475, 8.525, 4.525, 9.475], "texture": "#potion_overlay"},
				"up": {"uv": [8.025, 0.025, 14.975, 6.975], "texture": "#2"}
			}
		},
		{
			"name": "glass",
			"from": [4.5, 2.7, 4.5],
			"to": [11.5, 3.2, 11.5],
			"faces": {
				"north": {"uv": [4.525, 13.025, 11.475, 13.475], "texture": "#potion_overlay"},
				"east": {"uv": [4.525, 13.025, 11.475, 13.475], "texture": "#potion_overlay"},
				"south": {"uv": [4.525, 13.025, 11.475, 13.475], "texture": "#potion_overlay"},
				"west": {"uv": [4.525, 13.025, 11.475, 13.475], "texture": "#potion_overlay"},
				"down": {"uv": [8.025, 0.025, 14.975, 6.975], "texture": "#3"}
			}
		},
		{
			"name": "glass",
			"from": [4, 3.2, 4],
			"to": [12, 6.7, 12],
			"faces": {
				"north": {"uv": [4.025, 9.525, 11.975, 12.975], "texture": "#potion_overlay"},
				"east": {"uv": [4.025, 9.525, 11.975, 12.975], "texture": "#potion_overlay"},
				"south": {"uv": [4.025, 9.525, 11.975, 12.975], "texture": "#potion_overlay"},
				"west": {"uv": [4.025, 9.525, 11.975, 12.975], "texture": "#potion_overlay"},
				"up": {"uv": [0.025, 0.025, 7.975, 7.975], "texture": "#2"},
				"down": {"uv": [0.025, 0.025, 7.975, 7.975], "texture": "#3"}
			}
		},
		{
			"name": "glass",
			"from": [7, 9.7, 7],
			"to": [9, 10.7, 9],
			"faces": {
				"north": {"uv": [7.025, 5.525, 8.975, 6.475], "texture": "#potion_overlay"},
				"east": {"uv": [7.025, 5.525, 8.975, 6.475], "texture": "#potion_overlay"},
				"south": {"uv": [7.025, 5.525, 8.975, 6.475], "texture": "#potion_overlay"},
				"west": {"uv": [7.025, 5.525, 8.975, 6.475], "texture": "#potion_overlay"}
			}
		},
		{
			"name": "content",
			"from": [7, 10.71, 7],
			"to": [9, 11.2, 9],
			"faces": {
				"north": {"uv": [7.025, 5.025, 8.975, 5.475], "texture": "#texture", "tintindex": 0},
				"east": {"uv": [7.025, 5.025, 8.975, 5.475], "texture": "#texture", "tintindex": 0},
				"south": {"uv": [7.025, 5.025, 8.975, 5.475], "texture": "#texture", "tintindex": 0},
				"west": {"uv": [7.025, 5.025, 8.975, 5.475], "texture": "#texture", "tintindex": 0},
				"down": {"uv": [7.025, 5.025, 8.975, 5.475], "rotation": 180, "texture": "#texture", "tintindex": 0}
			}
		},
		{
			"name": "content",
			"from": [7.5, 9.7, 7.5],
			"to": [8.5, 10.7, 8.5],
			"faces": {
				"north": {"uv": [7.525, 5.525, 8.475, 6.475], "texture": "#texture", "tintindex": 0},
				"east": {"uv": [7.525, 5.525, 8.475, 6.475], "texture": "#texture", "tintindex": 0},
				"south": {"uv": [7.525, 5.525, 8.475, 6.475], "texture": "#texture", "tintindex": 0},
				"west": {"uv": [7.525, 5.525, 8.475, 6.475], "texture": "#texture", "tintindex": 0}
			}
		},
		{
			"name": "content",
			"from": [7, 9.2, 7],
			"to": [9, 9.69, 9],
			"faces": {
				"north": {"uv": [7.025, 6.525, 8.975, 6.975], "texture": "#texture", "tintindex": 0},
				"east": {"uv": [7.025, 6.525, 8.975, 6.975], "texture": "#texture", "tintindex": 0},
				"south": {"uv": [7.025, 6.525, 8.975, 6.975], "texture": "#texture", "tintindex": 0},
				"west": {"uv": [7.025, 6.525, 8.975, 6.975], "texture": "#texture", "tintindex": 0},
				"up": {"uv": [7.025, 6.525, 8.975, 6.975], "rotation": 180, "texture": "#texture", "tintindex": 0},
				"down": {"uv": [7.025, 6.525, 8.975, 6.975], "texture": "#texture", "tintindex": 0}
			}
		},
		{
			"name": "content",
			"from": [6.5, 8.69, 6.5],
			"to": [9.5, 9.18, 9.5],
			"faces": {
				"north": {"uv": [6.525, 7.025, 9.475, 7.475], "texture": "#texture", "tintindex": 0},
				"east": {"uv": [6.525, 7.025, 9.475, 7.475], "texture": "#texture", "tintindex": 0},
				"south": {"uv": [6.525, 7.025, 9.475, 7.475], "texture": "#texture", "tintindex": 0},
				"west": {"uv": [6.525, 7.025, 9.475, 7.475], "texture": "#texture", "tintindex": 0},
				"up": {"uv": [6.525, 7.025, 9.475, 7.475], "rotation": 180, "texture": "#texture", "tintindex": 0},
				"down": {"uv": [6.525, 7.025, 9.475, 7.475], "texture": "#texture", "tintindex": 0}
			}
		},
		{
			"name": "content",
			"from": [6, 8.2, 6],
			"to": [10, 8.69, 10],
			"faces": {
				"north": {"uv": [6.025, 7.525, 9.975, 7.975], "texture": "#texture", "tintindex": 0},
				"east": {"uv": [6.025, 7.525, 9.975, 7.975], "texture": "#texture", "tintindex": 0},
				"south": {"uv": [6.025, 7.525, 9.975, 7.975], "texture": "#texture", "tintindex": 0},
				"west": {"uv": [6.025, 7.525, 9.975, 7.975], "texture": "#texture", "tintindex": 0},
				"up": {"uv": [6.025, 7.525, 9.975, 7.975], "rotation": 180, "texture": "#texture", "tintindex": 0},
				"down": {"uv": [6.025, 7.525, 9.975, 7.975], "texture": "#texture", "tintindex": 0}
			}
		},
		{
			"name": "content",
			"from": [5.5, 7.69, 5.5],
			"to": [10.5, 8.18, 10.5],
			"faces": {
				"north": {"uv": [5.525, 8.025, 10.475, 8.475], "texture": "#texture", "tintindex": 0},
				"east": {"uv": [5.525, 8.025, 10.475, 8.475], "texture": "#texture", "tintindex": 0},
				"south": {"uv": [5.525, 8.025, 10.475, 8.475], "texture": "#texture", "tintindex": 0},
				"west": {"uv": [5.525, 8.025, 10.475, 8.475], "texture": "#texture", "tintindex": 0},
				"up": {"uv": [5.525, 8.025, 10.475, 8.475], "rotation": 180, "texture": "#texture", "tintindex": 0},
				"down": {"uv": [5.525, 8.025, 10.475, 8.475], "texture": "#texture", "tintindex": 0}
			}
		},
		{
			"name": "content",
			"from": [5, 6.69, 5],
			"to": [11, 7.68, 11],
			"faces": {
				"north": {"uv": [5.025, 8.525, 10.975, 9.475], "texture": "#texture", "tintindex": 0},
				"east": {"uv": [5.025, 8.525, 10.975, 9.475], "texture": "#texture", "tintindex": 0},
				"south": {"uv": [5.025, 8.525, 10.975, 9.475], "texture": "#texture", "tintindex": 0},
				"west": {"uv": [5.025, 8.525, 10.975, 9.475], "texture": "#texture", "tintindex": 0},
				"up": {"uv": [5.025, 8.525, 10.975, 8.975], "rotation": 180, "texture": "#texture", "tintindex": 0},
				"down": {"uv": [5.025, 8.525, 10.975, 9.475], "texture": "#texture", "tintindex": 0}
			}
		},
		{
			"name": "content",
			"from": [4.5, 3.21, 4.5],
			"to": [11.5, 6.69, 11.5],
			"faces": {
				"north": {"uv": [4.525, 9.525, 11.475, 12.975], "texture": "#texture", "tintindex": 0},
				"east": {"uv": [4.525, 9.525, 11.475, 12.975], "texture": "#texture", "tintindex": 0},
				"south": {"uv": [4.525, 9.525, 11.475, 12.975], "texture": "#texture", "tintindex": 0},
				"west": {"uv": [4.525, 9.525, 11.475, 12.975], "texture": "#texture", "tintindex": 0},
				"up": {"uv": [4.525, 9.525, 11.475, 9.975], "rotation": 180, "texture": "#texture", "tintindex": 0},
				"down": {"uv": [4.525, 12.525, 11.475, 12.975], "rotation": 180, "texture": "#texture", "tintindex": 0}
			}
		},
		{
			"name": "content",
			"from": [5, 2.71, 5],
			"to": [11, 3.2, 11],
			"faces": {
				"north": {"uv": [5.025, 13.025, 10.975, 13.475], "texture": "#texture", "tintindex": 0},
				"east": {"uv": [5.025, 13.025, 10.975, 13.475], "texture": "#texture", "tintindex": 0},
				"south": {"uv": [5.025, 13.025, 10.975, 13.475], "texture": "#texture", "tintindex": 0},
				"west": {"uv": [5.025, 13.025, 10.975, 13.475], "texture": "#texture", "tintindex": 0},
				"up": {"uv": [5.025, 13.025, 10.975, 13.475], "texture": "#texture", "tintindex": 0},
				"down": {"uv": [5.025, 13.025, 10.975, 13.475], "rotation": 180, "texture": "#texture", "tintindex": 0}
			}
		},
		{
			"name": "content",
			"from": [6, 2.21, 6],
			"to": [10, 2.7, 10],
			"faces": {
				"north": {"uv": [6.025, 13.525, 9.975, 13.975], "texture": "#texture", "tintindex": 0},
				"east": {"uv": [6.025, 13.525, 9.975, 13.975], "texture": "#texture", "tintindex": 0},
				"south": {"uv": [6.025, 13.525, 9.975, 13.975], "texture": "#texture", "tintindex": 0},
				"west": {"uv": [6.025, 13.525, 9.975, 13.975], "texture": "#texture", "tintindex": 0},
				"up": {"uv": [6.025, 13.525, 9.975, 13.975], "texture": "#texture", "tintindex": 0},
				"down": {"uv": [6.025, 13.525, 9.975, 13.975], "texture": "#texture", "tintindex": 0}
			}
		}
	]
}