{
	"credit": "Made with Blockbench",
	"parent": "item/fishing_rod",
	"textures": {
		"layer0": "items/fishing_rod_cast",
		"particle": "items/fishing_rod_cast"
	},
	"elements": [
		{
			"name": "fishing_rod_cast_0",
			"from": [13.5, 14, 7.75],
			"to": [14, 14.5, 8.25],
			"faces": {
				"north": {"uv": [13.525, 1.975, 13.975, 1.525], "rotation": 180, "texture": "#layer0"},
				"south": {"uv": [13.525, 1.525, 13.975, 1.975], "texture": "#layer0"},
				"west": {"uv": [13.525, 1.525, 13.975, 1.975], "texture": "#layer0"},
				"up": {"uv": [13.975, 1.525, 13.525, 1.975], "rotation": 180, "texture": "#layer0"}
			}
		},
		{
			"name": "fishing_rod_cast_1",
			"from": [14, 14, 7.75],
			"to": [14.5, 14.5, 8.25],
			"faces": {
				"north": {"uv": [14.025, 1.975, 14.475, 1.525], "rotation": 180, "texture": "#layer0"},
				"east": {"uv": [14.025, 1.525, 14.475, 1.975], "texture": "#layer0"},
				"south": {"uv": [14.025, 1.525, 14.475, 1.975], "texture": "#layer0"},
				"up": {"uv": [14.475, 1.525, 14.025, 1.975], "rotation": 180, "texture": "#layer0"}
			}
		},
		{
			"name": "fishing_rod_cast_2",
			"from": [13, 13.5, 7.75],
			"to": [13.5, 14, 8.25],
			"faces": {
				"north": {"uv": [13.025, 2.475, 13.475, 2.025], "rotation": 180, "texture": "#layer0"},
				"south": {"uv": [13.025, 2.025, 13.475, 2.475], "texture": "#layer0"},
				"west": {"uv": [13.025, 2.025, 13.475, 2.475], "texture": "#layer0"},
				"up": {"uv": [13.475, 2.025, 13.025, 2.475], "rotation": 180, "texture": "#layer0"}
			}
		},
		{
			"name": "fishing_rod_cast_3",
			"from": [13.5, 13.5, 7.75],
			"to": [14, 14, 8.25],
			"faces": {
				"north": {"uv": [13.525, 2.475, 13.975, 2.025], "rotation": 180, "texture": "#layer0"},
				"south": {"uv": [13.525, 2.025, 13.975, 2.475], "texture": "#layer0"}
			}
		},
		{
			"name": "fishing_rod_cast_4",
			"from": [14, 13.5, 7.75],
			"to": [14.5, 14, 8.25],
			"faces": {
				"north": {"uv": [14.025, 2.475, 14.475, 2.025], "rotation": 180, "texture": "#layer0"},
				"south": {"uv": [14.025, 2.025, 14.475, 2.475], "texture": "#layer0"}
			}
		},
		{
			"name": "fishing_rod_cast_5",
			"from": [14.5, 13.5, 7.75],
			"to": [15, 14, 8.25],
			"faces": {
				"north": {"uv": [14.525, 2.475, 14.975, 2.025], "rotation": 180, "texture": "#layer0"},
				"east": {"uv": [14.525, 2.025, 14.975, 2.475], "texture": "#layer0"},
				"south": {"uv": [14.525, 2.025, 14.975, 2.475], "texture": "#layer0"},
				"up": {"uv": [14.975, 2.025, 14.525, 2.475], "rotation": 180, "texture": "#layer0"}
			}
		},
		{
			"name": "fishing_rod_cast_6",
			"from": [12.5, 13, 7.75],
			"to": [13, 13.5, 8.25],
			"faces": {
				"north": {"uv": [12.525, 2.975, 12.975, 2.525], "rotation": 180, "texture": "#layer0"},
				"south": {"uv": [12.525, 2.525, 12.975, 2.975], "texture": "#layer0"},
				"west": {"uv": [12.525, 2.525, 12.975, 2.975], "texture": "#layer0"},
				"up": {"uv": [12.975, 2.525, 12.525, 2.975], "rotation": 180, "texture": "#layer0"}
			}
		},
		{
			"name": "fishing_rod_cast_7",
			"from": [13, 13, 7.75],
			"to": [13.5, 13.5, 8.25],
			"faces": {
				"north": {"uv": [13.025, 2.975, 13.475, 2.525], "rotation": 180, "texture": "#layer0"},
				"south": {"uv": [13.025, 2.525, 13.475, 2.975], "texture": "#layer0"}
			}
		},
		{
			"name": "fishing_rod_cast_8",
			"from": [13.5, 13, 7.55],
			"to": [14, 13.5, 8.45],
			"faces": {
				"north": {"uv": [13.525, 2.975, 13.975, 2.525], "rotation": 180, "texture": "#layer0"},
				"south": {"uv": [13.525, 2.525, 13.975, 2.975], "texture": "#layer0"},
				"west": {"uv": [13.525, 2.525, 13.975, 2.975], "texture": "#layer0"},
				"up": {"uv": [13.975, 2.525, 13.525, 2.975], "rotation": 180, "texture": "#layer0"}
			}
		},
		{
			"name": "fishing_rod_cast_9",
			"from": [14, 13, 7.55],
			"to": [14.5, 13.5, 8.45],
			"faces": {
				"north": {"uv": [14.025, 2.975, 14.475, 2.525], "rotation": 180, "texture": "#layer0"},
				"east": {"uv": [14.025, 2.525, 14.475, 2.975], "texture": "#layer0"},
				"south": {"uv": [14.025, 2.525, 14.475, 2.975], "texture": "#layer0"},
				"up": {"uv": [14.475, 2.525, 14.025, 2.975], "rotation": 180, "texture": "#layer0"}
			}
		},
		{
			"name": "fishing_rod_cast_10",
			"from": [14.5, 13, 7.75],
			"to": [15, 13.5, 8.25],
			"faces": {
				"north": {"uv": [14.525, 2.975, 14.975, 2.525], "rotation": 180, "texture": "#layer0"},
				"east": {"uv": [14.525, 2.525, 14.975, 2.975], "texture": "#layer0"},
				"south": {"uv": [14.525, 2.525, 14.975, 2.975], "texture": "#layer0"}
			}
		},
		{
			"name": "fishing_rod_cast_11",
			"from": [12, 12.5, 7.75],
			"to": [12.5, 13, 8.25],
			"faces": {
				"north": {"uv": [12.025, 3.475, 12.475, 3.025], "rotation": 180, "texture": "#layer0"},
				"south": {"uv": [12.025, 3.025, 12.475, 3.475], "texture": "#layer0"},
				"west": {"uv": [12.025, 3.025, 12.475, 3.475], "texture": "#layer0"},
				"up": {"uv": [12.475, 3.025, 12.025, 3.475], "rotation": 180, "texture": "#layer0"}
			}
		},
		{
			"name": "fishing_rod_cast_12",
			"from": [12.5, 12.5, 7.75],
			"to": [13, 13, 8.25],
			"faces": {
				"north": {"uv": [12.525, 3.475, 12.975, 3.025], "rotation": 180, "texture": "#layer0"},
				"south": {"uv": [12.525, 3.025, 12.975, 3.475], "texture": "#layer0"}
			}
		},
		{
			"name": "fishing_rod_cast_13",
			"from": [13, 12.5, 7.55],
			"to": [13.5, 13, 8.45],
			"faces": {
				"north": {"uv": [13.025, 3.475, 13.475, 3.025], "rotation": 180, "texture": "#layer0"},
				"south": {"uv": [13.025, 3.025, 13.475, 3.475], "texture": "#layer0"},
				"west": {"uv": [13.025, 3.025, 13.475, 3.475], "texture": "#layer0"},
				"up": {"uv": [13.475, 3.025, 13.025, 3.475], "rotation": 180, "texture": "#layer0"}
			}
		},
		{
			"name": "fishing_rod_cast_14",
			"from": [13.5, 12.5, 7.55],
			"to": [14, 13, 8.45],
			"faces": {
				"north": {"uv": [13.525, 3.475, 13.975, 3.025], "rotation": 180, "texture": "#layer0"},
				"south": {"uv": [13.525, 3.025, 13.975, 3.475], "texture": "#layer0"}
			}
		},
		{
			"name": "fishing_rod_cast_15",
			"from": [14, 12.5, 7.55],
			"to": [14.5, 13, 8.45],
			"faces": {
				"north": {"uv": [14.025, 3.475, 14.475, 3.025], "rotation": 180, "texture": "#layer0"},
				"east": {"uv": [14.025, 3.025, 14.475, 3.475], "texture": "#layer0"},
				"south": {"uv": [14.025, 3.025, 14.475, 3.475], "texture": "#layer0"},
				"down": {"uv": [14.025, 3.025, 14.475, 3.475], "texture": "#layer0"}
			}
		},
		{
			"name": "fishing_rod_cast_16",
			"from": [14.5, 12.5, 7.75],
			"to": [15, 13, 8.25],
			"faces": {
				"north": {"uv": [14.525, 3.475, 14.975, 3.025], "rotation": 180, "texture": "#layer0"},
				"east": {"uv": [14.525, 3.025, 14.975, 3.475], "texture": "#layer0"},
				"south": {"uv": [14.525, 3.025, 14.975, 3.475], "texture": "#layer0"},
				"down": {"uv": [14.525, 3.025, 14.975, 3.475], "texture": "#layer0"}
			}
		},
		{
			"name": "fishing_rod_cast_17",
			"from": [11.5, 12, 7.75],
			"to": [12, 12.5, 8.25],
			"faces": {
				"north": {"uv": [11.525, 3.975, 11.975, 3.525], "rotation": 180, "texture": "#layer0"},
				"south": {"uv": [11.525, 3.525, 11.975, 3.975], "texture": "#layer0"},
				"west": {"uv": [11.525, 3.525, 11.975, 3.975], "texture": "#layer0"},
				"up": {"uv": [11.975, 3.525, 11.525, 3.975], "rotation": 180, "texture": "#layer0"}
			}
		},
		{
			"name": "fishing_rod_cast_18",
			"from": [12, 12, 7.75],
			"to": [12.5, 12.5, 8.25],
			"faces": {
				"north": {"uv": [12.025, 3.975, 12.475, 3.525], "rotation": 180, "texture": "#layer0"},
				"south": {"uv": [12.025, 3.525, 12.475, 3.975], "texture": "#layer0"}
			}
		},
		{
			"name": "fishing_rod_cast_19",
			"from": [12.5, 12, 7.55],
			"to": [13, 12.5, 8.45],
			"faces": {
				"north": {"uv": [12.525, 3.975, 12.975, 3.525], "rotation": 180, "texture": "#layer0"},
				"south": {"uv": [12.525, 3.525, 12.975, 3.975], "texture": "#layer0"},
				"west": {"uv": [12.525, 3.525, 12.975, 3.975], "texture": "#layer0"},
				"up": {"uv": [12.975, 3.525, 12.525, 3.975], "rotation": 180, "texture": "#layer0"}
			}
		},
		{
			"name": "fishing_rod_cast_20",
			"from": [13, 12, 7.55],
			"to": [13.5, 12.5, 8.45],
			"faces": {
				"north": {"uv": [13.025, 3.975, 13.475, 3.525], "rotation": 180, "texture": "#layer0"},
				"south": {"uv": [13.025, 3.525, 13.475, 3.975], "texture": "#layer0"}
			}
		},
		{
			"name": "fishing_rod_cast_21",
			"from": [13.5, 12, 7.55],
			"to": [14, 12.5, 8.45],
			"faces": {
				"north": {"uv": [13.525, 3.975, 13.975, 3.525], "rotation": 180, "texture": "#layer0"},
				"east": {"uv": [13.525, 3.525, 13.975, 3.975], "texture": "#layer0"},
				"south": {"uv": [13.525, 3.525, 13.975, 3.975], "texture": "#layer0"},
				"down": {"uv": [13.525, 3.525, 13.975, 3.975], "texture": "#layer0"}
			}
		},
		{
			"name": "fishing_rod_cast_22",
			"from": [14, 12, 7.75],
			"to": [14.5, 12.5, 8.25],
			"faces": {
				"north": {"uv": [14.025, 3.975, 14.475, 3.525], "rotation": 180, "texture": "#layer0"},
				"east": {"uv": [14.025, 3.525, 14.475, 3.975], "texture": "#layer0"},
				"south": {"uv": [14.025, 3.525, 14.475, 3.975], "texture": "#layer0"},
				"down": {"uv": [14.025, 3.525, 14.475, 3.975], "texture": "#layer0"}
			}
		},
		{
			"name": "fishing_rod_cast_23",
			"from": [11, 11.5, 7.75],
			"to": [11.5, 12, 8.25],
			"faces": {
				"north": {"uv": [11.025, 4.475, 11.475, 4.025], "rotation": 180, "texture": "#layer0"},
				"south": {"uv": [11.025, 4.025, 11.475, 4.475], "texture": "#layer0"},
				"west": {"uv": [11.025, 4.025, 11.475, 4.475], "texture": "#layer0"},
				"up": {"uv": [11.475, 4.025, 11.025, 4.475], "rotation": 180, "texture": "#layer0"}
			}
		},
		{
			"name": "fishing_rod_cast_24",
			"from": [11.5, 11.5, 7.75],
			"to": [12, 12, 8.25],
			"faces": {
				"north": {"uv": [11.525, 4.475, 11.975, 4.025], "rotation": 180, "texture": "#layer0"},
				"south": {"uv": [11.525, 4.025, 11.975, 4.475], "texture": "#layer0"}
			}
		},
		{
			"name": "fishing_rod_cast_25",
			"from": [12, 11.5, 7.55],
			"to": [12.5, 12, 8.45],
			"faces": {
				"north": {"uv": [12.025, 4.475, 12.475, 4.025], "rotation": 180, "texture": "#layer0"},
				"south": {"uv": [12.025, 4.025, 12.475, 4.475], "texture": "#layer0"},
				"west": {"uv": [12.025, 4.025, 12.475, 4.475], "texture": "#layer0"},
				"up": {"uv": [12.475, 4.025, 12.025, 4.475], "rotation": 180, "texture": "#layer0"}
			}
		},
		{
			"name": "fishing_rod_cast_26",
			"from": [12.5, 11.5, 7.55],
			"to": [13, 12, 8.45],
			"faces": {
				"north": {"uv": [12.525, 4.475, 12.975, 4.025], "rotation": 180, "texture": "#layer0"},
				"south": {"uv": [12.525, 4.025, 12.975, 4.475], "texture": "#layer0"}
			}
		},
		{
			"name": "fishing_rod_cast_27",
			"from": [13, 11.5, 7.55],
			"to": [13.5, 12, 8.45],
			"faces": {
				"north": {"uv": [13.025, 4.475, 13.475, 4.025], "rotation": 180, "texture": "#layer0"},
				"east": {"uv": [13.025, 4.025, 13.475, 4.475], "texture": "#layer0"},
				"south": {"uv": [13.025, 4.025, 13.475, 4.475], "texture": "#layer0"},
				"down": {"uv": [13.025, 4.025, 13.475, 4.475], "texture": "#layer0"}
			}
		},
		{
			"name": "fishing_rod_cast_28",
			"from": [13.5, 11.5, 7.75],
			"to": [14, 12, 8.25],
			"faces": {
				"north": {"uv": [13.525, 4.475, 13.975, 4.025], "rotation": 180, "texture": "#layer0"},
				"east": {"uv": [13.525, 4.025, 13.975, 4.475], "texture": "#layer0"},
				"south": {"uv": [13.525, 4.025, 13.975, 4.475], "texture": "#layer0"},
				"down": {"uv": [13.525, 4.025, 13.975, 4.475], "texture": "#layer0"}
			}
		},
		{
			"name": "fishing_rod_cast_29",
			"from": [10.5, 11, 7.75],
			"to": [11, 11.5, 8.25],
			"faces": {
				"north": {"uv": [10.525, 4.975, 10.975, 4.525], "rotation": 180, "texture": "#layer0"},
				"south": {"uv": [10.525, 4.525, 10.975, 4.975], "texture": "#layer0"},
				"west": {"uv": [10.525, 4.525, 10.975, 4.975], "texture": "#layer0"},
				"up": {"uv": [10.975, 4.525, 10.525, 4.975], "rotation": 180, "texture": "#layer0"}
			}
		},
		{
			"name": "fishing_rod_cast_30",
			"from": [11, 11, 7.75],
			"to": [11.5, 11.5, 8.25],
			"faces": {
				"north": {"uv": [11.025, 4.975, 11.475, 4.525], "rotation": 180, "texture": "#layer0"},
				"south": {"uv": [11.025, 4.525, 11.475, 4.975], "texture": "#layer0"}
			}
		},
		{
			"name": "fishing_rod_cast_31",
			"from": [11.5, 11, 7.55],
			"to": [12, 11.5, 8.45],
			"faces": {
				"north": {"uv": [11.525, 4.975, 11.975, 4.525], "rotation": 180, "texture": "#layer0"},
				"south": {"uv": [11.525, 4.525, 11.975, 4.975], "texture": "#layer0"},
				"west": {"uv": [11.525, 4.525, 11.975, 4.975], "texture": "#layer0"},
				"up": {"uv": [11.975, 4.525, 11.525, 4.975], "rotation": 180, "texture": "#layer0"}
			}
		},
		{
			"name": "fishing_rod_cast_32",
			"from": [12, 11, 7.55],
			"to": [12.5, 11.5, 8.45],
			"faces": {
				"north": {"uv": [12.025, 4.975, 12.475, 4.525], "rotation": 180, "texture": "#layer0"},
				"south": {"uv": [12.025, 4.525, 12.475, 4.975], "texture": "#layer0"}
			}
		},
		{
			"name": "fishing_rod_cast_33",
			"from": [12.5, 11, 7.55],
			"to": [13, 11.5, 8.45],
			"faces": {
				"north": {"uv": [12.525, 4.975, 12.975, 4.525], "rotation": 180, "texture": "#layer0"},
				"east": {"uv": [12.525, 4.525, 12.975, 4.975], "texture": "#layer0"},
				"south": {"uv": [12.525, 4.525, 12.975, 4.975], "texture": "#layer0"},
				"down": {"uv": [12.525, 4.525, 12.975, 4.975], "texture": "#layer0"}
			}
		},
		{
			"name": "fishing_rod_cast_34",
			"from": [13, 11, 7.75],
			"to": [13.5, 11.5, 8.25],
			"faces": {
				"north": {"uv": [13.025, 4.975, 13.475, 4.525], "rotation": 180, "texture": "#layer0"},
				"east": {"uv": [13.025, 4.525, 13.475, 4.975], "texture": "#layer0"},
				"south": {"uv": [13.025, 4.525, 13.475, 4.975], "texture": "#layer0"},
				"down": {"uv": [13.025, 4.525, 13.475, 4.975], "texture": "#layer0"}
			}
		},
		{
			"name": "fishing_rod_cast_35",
			"from": [10, 10.5, 7.75],
			"to": [10.5, 11, 8.25],
			"faces": {
				"north": {"uv": [10.025, 5.475, 10.475, 5.025], "rotation": 180, "texture": "#layer0"},
				"south": {"uv": [10.025, 5.025, 10.475, 5.475], "texture": "#layer0"},
				"west": {"uv": [10.025, 5.025, 10.475, 5.475], "texture": "#layer0"},
				"up": {"uv": [10.475, 5.025, 10.025, 5.475], "rotation": 180, "texture": "#layer0"}
			}
		},
		{
			"name": "fishing_rod_cast_36",
			"from": [10.5, 10.5, 7.75],
			"to": [11, 11, 8.25],
			"faces": {
				"north": {"uv": [10.525, 5.475, 10.975, 5.025], "rotation": 180, "texture": "#layer0"},
				"south": {"uv": [10.525, 5.025, 10.975, 5.475], "texture": "#layer0"}
			}
		},
		{
			"name": "fishing_rod_cast_37",
			"from": [11, 10.5, 7.55],
			"to": [11.5, 11, 8.45],
			"faces": {
				"north": {"uv": [11.025, 5.475, 11.475, 5.025], "rotation": 180, "texture": "#layer0"},
				"south": {"uv": [11.025, 5.025, 11.475, 5.475], "texture": "#layer0"},
				"west": {"uv": [11.025, 5.025, 11.475, 5.475], "texture": "#layer0"},
				"up": {"uv": [11.475, 5.025, 11.025, 5.475], "rotation": 180, "texture": "#layer0"}
			}
		},
		{
			"name": "fishing_rod_cast_38",
			"from": [11.5, 10.5, 7.55],
			"to": [12, 11, 8.45],
			"faces": {
				"north": {"uv": [11.525, 5.475, 11.975, 5.025], "rotation": 180, "texture": "#layer0"},
				"south": {"uv": [11.525, 5.025, 11.975, 5.475], "texture": "#layer0"}
			}
		},
		{
			"name": "fishing_rod_cast_39",
			"from": [12, 10.5, 7.55],
			"to": [12.5, 11, 8.45],
			"faces": {
				"north": {"uv": [12.025, 5.475, 12.475, 5.025], "rotation": 180, "texture": "#layer0"},
				"east": {"uv": [12.025, 5.025, 12.475, 5.475], "texture": "#layer0"},
				"south": {"uv": [12.025, 5.025, 12.475, 5.475], "texture": "#layer0"},
				"down": {"uv": [12.025, 5.025, 12.475, 5.475], "texture": "#layer0"}
			}
		},
		{
			"name": "fishing_rod_cast_40",
			"from": [12.5, 10.5, 7.75],
			"to": [13, 11, 8.25],
			"faces": {
				"north": {"uv": [12.525, 5.475, 12.975, 5.025], "rotation": 180, "texture": "#layer0"},
				"east": {"uv": [12.525, 5.025, 12.975, 5.475], "texture": "#layer0"},
				"south": {"uv": [12.525, 5.025, 12.975, 5.475], "texture": "#layer0"},
				"down": {"uv": [12.525, 5.025, 12.975, 5.475], "texture": "#layer0"}
			}
		},
		{
			"name": "fishing_rod_cast_41",
			"from": [9.5, 10, 7.75],
			"to": [10, 10.5, 8.25],
			"faces": {
				"north": {"uv": [9.525, 5.975, 9.975, 5.525], "rotation": 180, "texture": "#layer0"},
				"south": {"uv": [9.525, 5.525, 9.975, 5.975], "texture": "#layer0"},
				"west": {"uv": [9.525, 5.525, 9.975, 5.975], "texture": "#layer0"},
				"up": {"uv": [9.975, 5.525, 9.525, 5.975], "rotation": 180, "texture": "#layer0"}
			}
		},
		{
			"name": "fishing_rod_cast_42",
			"from": [10, 10, 7.75],
			"to": [10.5, 10.5, 8.25],
			"faces": {
				"north": {"uv": [10.025, 5.975, 10.475, 5.525], "rotation": 180, "texture": "#layer0"},
				"south": {"uv": [10.025, 5.525, 10.475, 5.975], "texture": "#layer0"}
			}
		},
		{
			"name": "fishing_rod_cast_43",
			"from": [10.5, 10, 7.55],
			"to": [11, 10.5, 8.45],
			"faces": {
				"north": {"uv": [10.525, 5.975, 10.975, 5.525], "rotation": 180, "texture": "#layer0"},
				"south": {"uv": [10.525, 5.525, 10.975, 5.975], "texture": "#layer0"},
				"west": {"uv": [10.525, 5.525, 10.975, 5.975], "texture": "#layer0"},
				"up": {"uv": [10.975, 5.525, 10.525, 5.975], "rotation": 180, "texture": "#layer0"}
			}
		},
		{
			"name": "fishing_rod_cast_44",
			"from": [11, 10, 7.55],
			"to": [11.5, 10.5, 8.45],
			"faces": {
				"north": {"uv": [11.025, 5.975, 11.475, 5.525], "rotation": 180, "texture": "#layer0"},
				"south": {"uv": [11.025, 5.525, 11.475, 5.975], "texture": "#layer0"}
			}
		},
		{
			"name": "fishing_rod_cast_45",
			"from": [11.5, 10, 7.55],
			"to": [12, 10.5, 8.45],
			"faces": {
				"north": {"uv": [11.525, 5.975, 11.975, 5.525], "rotation": 180, "texture": "#layer0"},
				"east": {"uv": [11.525, 5.525, 11.975, 5.975], "texture": "#layer0"},
				"south": {"uv": [11.525, 5.525, 11.975, 5.975], "texture": "#layer0"},
				"down": {"uv": [11.525, 5.525, 11.975, 5.975], "texture": "#layer0"}
			}
		},
		{
			"name": "fishing_rod_cast_46",
			"from": [12, 10, 7.75],
			"to": [12.5, 10.5, 8.25],
			"faces": {
				"north": {"uv": [12.025, 5.975, 12.475, 5.525], "rotation": 180, "texture": "#layer0"},
				"east": {"uv": [12.025, 5.525, 12.475, 5.975], "texture": "#layer0"},
				"south": {"uv": [12.025, 5.525, 12.475, 5.975], "texture": "#layer0"},
				"down": {"uv": [12.025, 5.525, 12.475, 5.975], "texture": "#layer0"}
			}
		},
		{
			"name": "fishing_rod_cast_47",
			"from": [9, 9.5, 7.75],
			"to": [9.5, 10, 8.25],
			"faces": {
				"north": {"uv": [9.025, 6.475, 9.475, 6.025], "rotation": 180, "texture": "#layer0"},
				"south": {"uv": [9.025, 6.025, 9.475, 6.475], "texture": "#layer0"},
				"west": {"uv": [9.025, 6.025, 9.475, 6.475], "texture": "#layer0"},
				"up": {"uv": [9.475, 6.025, 9.025, 6.475], "rotation": 180, "texture": "#layer0"}
			}
		},
		{
			"name": "fishing_rod_cast_48",
			"from": [9.5, 9.5, 7.75],
			"to": [10, 10, 8.25],
			"faces": {
				"north": {"uv": [9.525, 6.475, 9.975, 6.025], "rotation": 180, "texture": "#layer0"},
				"south": {"uv": [9.525, 6.025, 9.975, 6.475], "texture": "#layer0"}
			}
		},
		{
			"name": "fishing_rod_cast_49",
			"from": [10, 9.5, 7.55],
			"to": [10.5, 10, 8.45],
			"faces": {
				"north": {"uv": [10.025, 6.475, 10.475, 6.025], "rotation": 180, "texture": "#layer0"},
				"south": {"uv": [10.025, 6.025, 10.475, 6.475], "texture": "#layer0"},
				"west": {"uv": [10.025, 6.025, 10.475, 6.475], "texture": "#layer0"},
				"up": {"uv": [10.475, 6.025, 10.025, 6.475], "rotation": 180, "texture": "#layer0"}
			}
		},
		{
			"name": "fishing_rod_cast_50",
			"from": [10.5, 9.5, 7.55],
			"to": [11, 10, 8.45],
			"faces": {
				"north": {"uv": [10.525, 6.475, 10.975, 6.025], "rotation": 180, "texture": "#layer0"},
				"south": {"uv": [10.525, 6.025, 10.975, 6.475], "texture": "#layer0"}
			}
		},
		{
			"name": "fishing_rod_cast_51",
			"from": [11, 9.5, 7.55],
			"to": [11.5, 10, 8.45],
			"faces": {
				"north": {"uv": [11.025, 6.475, 11.475, 6.025], "rotation": 180, "texture": "#layer0"},
				"east": {"uv": [11.025, 6.025, 11.475, 6.475], "texture": "#layer0"},
				"south": {"uv": [11.025, 6.025, 11.475, 6.475], "texture": "#layer0"},
				"down": {"uv": [11.025, 6.025, 11.475, 6.475], "texture": "#layer0"}
			}
		},
		{
			"name": "fishing_rod_cast_52",
			"from": [11.5, 9.5, 7.75],
			"to": [12, 10, 8.25],
			"faces": {
				"north": {"uv": [11.525, 6.475, 11.975, 6.025], "rotation": 180, "texture": "#layer0"},
				"east": {"uv": [11.525, 6.025, 11.975, 6.475], "texture": "#layer0"},
				"south": {"uv": [11.525, 6.025, 11.975, 6.475], "texture": "#layer0"},
				"down": {"uv": [11.525, 6.025, 11.975, 6.475], "texture": "#layer0"}
			}
		},
		{
			"name": "fishing_rod_cast_53",
			"from": [8.5, 9, 7.75],
			"to": [9, 9.5, 8.25],
			"faces": {
				"north": {"uv": [8.525, 6.975, 8.975, 6.525], "rotation": 180, "texture": "#layer0"},
				"south": {"uv": [8.525, 6.525, 8.975, 6.975], "texture": "#layer0"},
				"west": {"uv": [8.525, 6.525, 8.975, 6.975], "texture": "#layer0"},
				"up": {"uv": [8.975, 6.525, 8.525, 6.975], "rotation": 180, "texture": "#layer0"}
			}
		},
		{
			"name": "fishing_rod_cast_54",
			"from": [9, 9, 7.75],
			"to": [9.5, 9.5, 8.25],
			"faces": {
				"north": {"uv": [9.025, 6.975, 9.475, 6.525], "rotation": 180, "texture": "#layer0"},
				"south": {"uv": [9.025, 6.525, 9.475, 6.975], "texture": "#layer0"}
			}
		},
		{
			"name": "fishing_rod_cast_55",
			"from": [9.5, 9, 7.55],
			"to": [10, 9.5, 8.45],
			"faces": {
				"north": {"uv": [9.525, 6.975, 9.975, 6.525], "rotation": 180, "texture": "#layer0"},
				"south": {"uv": [9.525, 6.525, 9.975, 6.975], "texture": "#layer0"},
				"west": {"uv": [9.525, 6.525, 9.975, 6.975], "texture": "#layer0"},
				"up": {"uv": [9.975, 6.525, 9.525, 6.975], "rotation": 180, "texture": "#layer0"}
			}
		},
		{
			"name": "fishing_rod_cast_56",
			"from": [10, 9, 7.55],
			"to": [10.5, 9.5, 8.45],
			"faces": {
				"north": {"uv": [10.025, 6.975, 10.475, 6.525], "rotation": 180, "texture": "#layer0"},
				"south": {"uv": [10.025, 6.525, 10.475, 6.975], "texture": "#layer0"}
			}
		},
		{
			"name": "fishing_rod_cast_57",
			"from": [10.5, 9, 7.55],
			"to": [11, 9.5, 8.45],
			"faces": {
				"north": {"uv": [10.525, 6.975, 10.975, 6.525], "rotation": 180, "texture": "#layer0"},
				"east": {"uv": [10.525, 6.525, 10.975, 6.975], "texture": "#layer0"},
				"south": {"uv": [10.525, 6.525, 10.975, 6.975], "texture": "#layer0"},
				"down": {"uv": [10.525, 6.525, 10.975, 6.975], "texture": "#layer0"}
			}
		},
		{
			"name": "fishing_rod_cast_58",
			"from": [11, 9, 7.75],
			"to": [11.5, 9.5, 8.25],
			"faces": {
				"north": {"uv": [11.025, 6.975, 11.475, 6.525], "rotation": 180, "texture": "#layer0"},
				"east": {"uv": [11.025, 6.525, 11.475, 6.975], "texture": "#layer0"},
				"south": {"uv": [11.025, 6.525, 11.475, 6.975], "texture": "#layer0"},
				"down": {"uv": [11.025, 6.525, 11.475, 6.975], "texture": "#layer0"}
			}
		},
		{
			"name": "fishing_rod_cast_59",
			"from": [8, 8.5, 7.75],
			"to": [8.5, 9, 8.25],
			"faces": {
				"north": {"uv": [8.025, 7.475, 8.475, 7.025], "rotation": 180, "texture": "#layer0"},
				"south": {"uv": [8.025, 7.025, 8.475, 7.475], "texture": "#layer0"},
				"west": {"uv": [8.025, 7.025, 8.475, 7.475], "texture": "#layer0"},
				"up": {"uv": [8.475, 7.025, 8.025, 7.475], "rotation": 180, "texture": "#layer0"}
			}
		},
		{
			"name": "fishing_rod_cast_60",
			"from": [8.5, 8.5, 7.75],
			"to": [9, 9, 8.25],
			"faces": {
				"north": {"uv": [8.525, 7.475, 8.975, 7.025], "rotation": 180, "texture": "#layer0"},
				"south": {"uv": [8.525, 7.025, 8.975, 7.475], "texture": "#layer0"}
			}
		},
		{
			"name": "fishing_rod_cast_61",
			"from": [9, 8.5, 7.55],
			"to": [9.5, 9, 8.45],
			"faces": {
				"north": {"uv": [9.025, 7.475, 9.475, 7.025], "rotation": 180, "texture": "#layer0"},
				"south": {"uv": [9.025, 7.025, 9.475, 7.475], "texture": "#layer0"},
				"west": {"uv": [9.025, 7.025, 9.475, 7.475], "texture": "#layer0"},
				"up": {"uv": [9.475, 7.025, 9.025, 7.475], "rotation": 180, "texture": "#layer0"}
			}
		},
		{
			"name": "fishing_rod_cast_62",
			"from": [9.5, 8.5, 7.55],
			"to": [10, 9, 8.45],
			"faces": {
				"north": {"uv": [9.525, 7.475, 9.975, 7.025], "rotation": 180, "texture": "#layer0"},
				"south": {"uv": [9.525, 7.025, 9.975, 7.475], "texture": "#layer0"}
			}
		},
		{
			"name": "fishing_rod_cast_63",
			"from": [10, 8.5, 7.55],
			"to": [10.5, 9, 8.45],
			"faces": {
				"north": {"uv": [10.025, 7.475, 10.475, 7.025], "rotation": 180, "texture": "#layer0"},
				"east": {"uv": [10.025, 7.025, 10.475, 7.475], "texture": "#layer0"},
				"south": {"uv": [10.025, 7.025, 10.475, 7.475], "texture": "#layer0"},
				"down": {"uv": [10.025, 7.025, 10.475, 7.475], "texture": "#layer0"}
			}
		},
		{
			"name": "fishing_rod_cast_64",
			"from": [10.5, 8.5, 7.75],
			"to": [11, 9, 8.25],
			"faces": {
				"north": {"uv": [10.525, 7.475, 10.975, 7.025], "rotation": 180, "texture": "#layer0"},
				"east": {"uv": [10.525, 7.025, 10.975, 7.475], "texture": "#layer0"},
				"south": {"uv": [10.525, 7.025, 10.975, 7.475], "texture": "#layer0"},
				"down": {"uv": [10.525, 7.025, 10.975, 7.475], "texture": "#layer0"}
			}
		},
		{
			"name": "fishing_rod_cast_65",
			"from": [7.5, 8, 7.75],
			"to": [8, 8.5, 8.25],
			"faces": {
				"north": {"uv": [7.525, 7.975, 7.975, 7.525], "rotation": 180, "texture": "#layer0"},
				"south": {"uv": [7.525, 7.525, 7.975, 7.975], "texture": "#layer0"},
				"west": {"uv": [7.525, 7.525, 7.975, 7.975], "texture": "#layer0"},
				"up": {"uv": [7.975, 7.525, 7.525, 7.975], "rotation": 180, "texture": "#layer0"}
			}
		},
		{
			"name": "fishing_rod_cast_66",
			"from": [8, 8, 7.75],
			"to": [8.5, 8.5, 8.25],
			"faces": {
				"north": {"uv": [8.025, 7.975, 8.475, 7.525], "rotation": 180, "texture": "#layer0"},
				"south": {"uv": [8.025, 7.525, 8.475, 7.975], "texture": "#layer0"}
			}
		},
		{
			"name": "fishing_rod_cast_67",
			"from": [8.5, 8, 7.55],
			"to": [9, 8.5, 8.45],
			"faces": {
				"north": {"uv": [8.525, 7.975, 8.975, 7.525], "rotation": 180, "texture": "#layer0"},
				"south": {"uv": [8.525, 7.525, 8.975, 7.975], "texture": "#layer0"},
				"west": {"uv": [8.525, 7.525, 8.975, 7.975], "texture": "#layer0"},
				"up": {"uv": [8.975, 7.525, 8.525, 7.975], "rotation": 180, "texture": "#layer0"}
			}
		},
		{
			"name": "fishing_rod_cast_68",
			"from": [9, 8, 7.55],
			"to": [9.5, 8.5, 8.45],
			"faces": {
				"north": {"uv": [9.025, 7.975, 9.475, 7.525], "rotation": 180, "texture": "#layer0"},
				"south": {"uv": [9.025, 7.525, 9.475, 7.975], "texture": "#layer0"}
			}
		},
		{
			"name": "fishing_rod_cast_69",
			"from": [9.5, 8, 7.55],
			"to": [10, 8.5, 8.45],
			"faces": {
				"north": {"uv": [9.525, 7.975, 9.975, 7.525], "rotation": 180, "texture": "#layer0"},
				"east": {"uv": [9.525, 7.525, 9.975, 7.975], "texture": "#layer0"},
				"south": {"uv": [9.525, 7.525, 9.975, 7.975], "texture": "#layer0"},
				"down": {"uv": [9.525, 7.525, 9.975, 7.975], "texture": "#layer0"}
			}
		},
		{
			"name": "fishing_rod_cast_70",
			"from": [10, 8, 7.75],
			"to": [10.5, 8.5, 8.25],
			"faces": {
				"north": {"uv": [10.025, 7.975, 10.475, 7.525], "rotation": 180, "texture": "#layer0"},
				"east": {"uv": [10.025, 7.525, 10.475, 7.975], "texture": "#layer0"},
				"south": {"uv": [10.025, 7.525, 10.475, 7.975], "texture": "#layer0"},
				"down": {"uv": [10.025, 7.525, 10.475, 7.975], "texture": "#layer0"}
			}
		},
		{
			"name": "fishing_rod_cast_71",
			"from": [7, 7.5, 7.75],
			"to": [7.5, 8, 8.25],
			"faces": {
				"north": {"uv": [7.025, 8.475, 7.475, 8.025], "rotation": 180, "texture": "#layer0"},
				"south": {"uv": [7.025, 8.025, 7.475, 8.475], "texture": "#layer0"},
				"west": {"uv": [7.025, 8.025, 7.475, 8.475], "texture": "#layer0"},
				"up": {"uv": [7.475, 8.025, 7.025, 8.475], "rotation": 180, "texture": "#layer0"}
			}
		},
		{
			"name": "fishing_rod_cast_72",
			"from": [7.5, 7.5, 7.75],
			"to": [8, 8, 8.25],
			"faces": {
				"north": {"uv": [7.525, 8.475, 7.975, 8.025], "rotation": 180, "texture": "#layer0"},
				"south": {"uv": [7.525, 8.025, 7.975, 8.475], "texture": "#layer0"}
			}
		},
		{
			"name": "fishing_rod_cast_73",
			"from": [8, 7.5, 7.55],
			"to": [8.5, 8, 8.45],
			"faces": {
				"north": {"uv": [8.025, 8.475, 8.475, 8.025], "rotation": 180, "texture": "#layer0"},
				"south": {"uv": [8.025, 8.025, 8.475, 8.475], "texture": "#layer0"},
				"west": {"uv": [8.025, 8.025, 8.475, 8.475], "texture": "#layer0"},
				"up": {"uv": [8.475, 8.025, 8.025, 8.475], "rotation": 180, "texture": "#layer0"}
			}
		},
		{
			"name": "fishing_rod_cast_74",
			"from": [8.5, 7.5, 7.55],
			"to": [9, 8, 8.45],
			"faces": {
				"north": {"uv": [8.525, 8.475, 8.975, 8.025], "rotation": 180, "texture": "#layer0"},
				"south": {"uv": [8.525, 8.025, 8.975, 8.475], "texture": "#layer0"}
			}
		},
		{
			"name": "fishing_rod_cast_75",
			"from": [9, 7.5, 7.55],
			"to": [9.5, 8, 8.45],
			"faces": {
				"north": {"uv": [9.025, 8.475, 9.475, 8.025], "rotation": 180, "texture": "#layer0"},
				"east": {"uv": [9.025, 8.025, 9.475, 8.475], "texture": "#layer0"},
				"south": {"uv": [9.025, 8.025, 9.475, 8.475], "texture": "#layer0"},
				"down": {"uv": [9.025, 8.025, 9.475, 8.475], "texture": "#layer0"}
			}
		},
		{
			"name": "fishing_rod_cast_76",
			"from": [9.5, 7.5, 7.75],
			"to": [10, 8, 8.25],
			"faces": {
				"north": {"uv": [9.525, 8.475, 9.975, 8.025], "rotation": 180, "texture": "#layer0"},
				"east": {"uv": [9.525, 8.025, 9.975, 8.475], "texture": "#layer0"},
				"south": {"uv": [9.525, 8.025, 9.975, 8.475], "texture": "#layer0"},
				"down": {"uv": [9.525, 8.025, 9.975, 8.475], "texture": "#layer0"}
			}
		},
		{
			"name": "fishing_rod_cast_77",
			"from": [6.5, 7, 7.75],
			"to": [7, 7.5, 8.25],
			"faces": {
				"north": {"uv": [6.525, 8.975, 6.975, 8.525], "rotation": 180, "texture": "#layer0"},
				"south": {"uv": [6.525, 8.525, 6.975, 8.975], "texture": "#layer0"},
				"west": {"uv": [6.525, 8.525, 6.975, 8.975], "texture": "#layer0"},
				"up": {"uv": [6.975, 8.525, 6.525, 8.975], "rotation": 180, "texture": "#layer0"}
			}
		},
		{
			"name": "fishing_rod_cast_78",
			"from": [7, 7, 7.75],
			"to": [7.5, 7.5, 8.25],
			"faces": {
				"north": {"uv": [7.025, 8.975, 7.475, 8.525], "rotation": 180, "texture": "#layer0"},
				"south": {"uv": [7.025, 8.525, 7.475, 8.975], "texture": "#layer0"}
			}
		},
		{
			"name": "fishing_rod_cast_79",
			"from": [7.5, 7, 7.55],
			"to": [8, 7.5, 8.45],
			"faces": {
				"north": {"uv": [7.525, 8.975, 7.975, 8.525], "rotation": 180, "texture": "#layer0"},
				"south": {"uv": [7.525, 8.525, 7.975, 8.975], "texture": "#layer0"},
				"west": {"uv": [7.525, 8.525, 7.975, 8.975], "texture": "#layer0"},
				"up": {"uv": [7.975, 8.525, 7.525, 8.975], "rotation": 180, "texture": "#layer0"}
			}
		},
		{
			"name": "fishing_rod_cast_80",
			"from": [8, 7, 7.55],
			"to": [8.5, 7.5, 8.45],
			"faces": {
				"north": {"uv": [8.025, 8.975, 8.475, 8.525], "rotation": 180, "texture": "#layer0"},
				"south": {"uv": [8.025, 8.525, 8.475, 8.975], "texture": "#layer0"}
			}
		},
		{
			"name": "fishing_rod_cast_81",
			"from": [8.5, 7, 7.55],
			"to": [9, 7.5, 8.45],
			"faces": {
				"north": {"uv": [8.525, 8.975, 8.975, 8.525], "rotation": 180, "texture": "#layer0"},
				"east": {"uv": [8.525, 8.525, 8.975, 8.975], "texture": "#layer0"},
				"south": {"uv": [8.525, 8.525, 8.975, 8.975], "texture": "#layer0"},
				"down": {"uv": [8.525, 8.525, 8.975, 8.975], "texture": "#layer0"}
			}
		},
		{
			"name": "fishing_rod_cast_82",
			"from": [9, 7, 7.75],
			"to": [9.5, 7.5, 8.25],
			"faces": {
				"north": {"uv": [9.025, 8.975, 9.475, 8.525], "rotation": 180, "texture": "#layer0"},
				"east": {"uv": [9.025, 8.525, 9.475, 8.975], "texture": "#layer0"},
				"south": {"uv": [9.025, 8.525, 9.475, 8.975], "texture": "#layer0"},
				"down": {"uv": [9.025, 8.525, 9.475, 8.975], "texture": "#layer0"}
			}
		},
		{
			"name": "fishing_rod_cast_83",
			"from": [6, 6.5, 7.75],
			"to": [6.5, 7, 8.25],
			"faces": {
				"north": {"uv": [6.025, 9.475, 6.475, 9.025], "rotation": 180, "texture": "#layer0"},
				"south": {"uv": [6.025, 9.025, 6.475, 9.475], "texture": "#layer0"},
				"west": {"uv": [6.025, 9.025, 6.475, 9.475], "texture": "#layer0"},
				"up": {"uv": [6.475, 9.025, 6.025, 9.475], "rotation": 180, "texture": "#layer0"}
			}
		},
		{
			"name": "fishing_rod_cast_84",
			"from": [6.5, 6.5, 7.75],
			"to": [7, 7, 8.25],
			"faces": {
				"north": {"uv": [6.525, 9.475, 6.975, 9.025], "rotation": 180, "texture": "#layer0"},
				"south": {"uv": [6.525, 9.025, 6.975, 9.475], "texture": "#layer0"}
			}
		},
		{
			"name": "fishing_rod_cast_85",
			"from": [7, 6.5, 7.55],
			"to": [7.5, 7, 8.45],
			"faces": {
				"north": {"uv": [7.025, 9.475, 7.475, 9.025], "rotation": 180, "texture": "#layer0"},
				"south": {"uv": [7.025, 9.025, 7.475, 9.475], "texture": "#layer0"},
				"west": {"uv": [7.025, 9.025, 7.475, 9.475], "texture": "#layer0"},
				"up": {"uv": [7.475, 9.025, 7.025, 9.475], "rotation": 180, "texture": "#layer0"}
			}
		},
		{
			"name": "fishing_rod_cast_86",
			"from": [7.5, 6.5, 7.55],
			"to": [8, 7, 8.45],
			"faces": {
				"north": {"uv": [7.525, 9.475, 7.975, 9.025], "rotation": 180, "texture": "#layer0"},
				"south": {"uv": [7.525, 9.025, 7.975, 9.475], "texture": "#layer0"}
			}
		},
		{
			"name": "fishing_rod_cast_87",
			"from": [8, 6.5, 7.55],
			"to": [8.5, 7, 8.45],
			"faces": {
				"north": {"uv": [8.025, 9.475, 8.475, 9.025], "rotation": 180, "texture": "#layer0"},
				"east": {"uv": [8.025, 9.025, 8.475, 9.475], "texture": "#layer0"},
				"south": {"uv": [8.025, 9.025, 8.475, 9.475], "texture": "#layer0"},
				"down": {"uv": [8.025, 9.025, 8.475, 9.475], "texture": "#layer0"}
			}
		},
		{
			"name": "fishing_rod_cast_88",
			"from": [8.5, 6.5, 7.75],
			"to": [9, 7, 8.25],
			"faces": {
				"north": {"uv": [8.525, 9.475, 8.975, 9.025], "rotation": 180, "texture": "#layer0"},
				"east": {"uv": [8.525, 9.025, 8.975, 9.475], "texture": "#layer0"},
				"south": {"uv": [8.525, 9.025, 8.975, 9.475], "texture": "#layer0"},
				"down": {"uv": [8.525, 9.025, 8.975, 9.475], "texture": "#layer0"}
			}
		},
		{
			"name": "fishing_rod_cast_89",
			"from": [5.5, 6, 7.75],
			"to": [6, 6.5, 8.25],
			"faces": {
				"north": {"uv": [5.525, 9.975, 5.975, 9.525], "rotation": 180, "texture": "#layer0"},
				"south": {"uv": [5.525, 9.525, 5.975, 9.975], "texture": "#layer0"},
				"west": {"uv": [5.525, 9.525, 5.975, 9.975], "texture": "#layer0"},
				"up": {"uv": [5.975, 9.525, 5.525, 9.975], "rotation": 180, "texture": "#layer0"}
			}
		},
		{
			"name": "fishing_rod_cast_90",
			"from": [6, 6, 7.75],
			"to": [6.5, 6.5, 8.25],
			"faces": {
				"north": {"uv": [6.025, 9.975, 6.475, 9.525], "rotation": 180, "texture": "#layer0"},
				"south": {"uv": [6.025, 9.525, 6.475, 9.975], "texture": "#layer0"}
			}
		},
		{
			"name": "fishing_rod_cast_91",
			"from": [6.5, 6, 7.55],
			"to": [7, 6.5, 8.45],
			"faces": {
				"north": {"uv": [6.525, 9.975, 6.975, 9.525], "rotation": 180, "texture": "#layer0"},
				"south": {"uv": [6.525, 9.525, 6.975, 9.975], "texture": "#layer0"},
				"west": {"uv": [6.525, 9.525, 6.975, 9.975], "texture": "#layer0"},
				"up": {"uv": [6.975, 9.525, 6.525, 9.975], "rotation": 180, "texture": "#layer0"}
			}
		},
		{
			"name": "fishing_rod_cast_92",
			"from": [7, 6, 7.55],
			"to": [7.5, 6.5, 8.45],
			"faces": {
				"north": {"uv": [7.025, 9.975, 7.475, 9.525], "rotation": 180, "texture": "#layer0"},
				"south": {"uv": [7.025, 9.525, 7.475, 9.975], "texture": "#layer0"}
			}
		},
		{
			"name": "fishing_rod_cast_93",
			"from": [7.5, 6, 7.55],
			"to": [8, 6.5, 8.45],
			"faces": {
				"north": {"uv": [7.525, 9.975, 7.975, 9.525], "rotation": 180, "texture": "#layer0"},
				"east": {"uv": [7.525, 9.525, 7.975, 9.975], "texture": "#layer0"},
				"south": {"uv": [7.525, 9.525, 7.975, 9.975], "texture": "#layer0"},
				"down": {"uv": [7.525, 9.525, 7.975, 9.975], "texture": "#layer0"}
			}
		},
		{
			"name": "fishing_rod_cast_94",
			"from": [8, 6, 7.75],
			"to": [8.5, 6.5, 8.25],
			"faces": {
				"north": {"uv": [8.025, 9.975, 8.475, 9.525], "rotation": 180, "texture": "#layer0"},
				"east": {"uv": [8.025, 9.525, 8.475, 9.975], "texture": "#layer0"},
				"south": {"uv": [8.025, 9.525, 8.475, 9.975], "texture": "#layer0"},
				"down": {"uv": [8.025, 9.525, 8.475, 9.975], "texture": "#layer0"}
			}
		},
		{
			"name": "fishing_rod_cast_95",
			"from": [5.5, 5.5, 7.75],
			"to": [6, 6, 8.25],
			"faces": {
				"north": {"uv": [5.525, 10.475, 5.975, 10.025], "rotation": 180, "texture": "#layer0"},
				"south": {"uv": [5.525, 10.025, 5.975, 10.475], "texture": "#layer0"},
				"west": {"uv": [5.525, 10.025, 5.975, 10.475], "texture": "#layer0"}
			}
		},
		{
			"name": "fishing_rod_cast_96",
			"from": [6, 5.5, 7.55],
			"to": [6.5, 6, 8.45],
			"faces": {
				"north": {"uv": [6.025, 10.475, 6.475, 10.025], "rotation": 180, "texture": "#layer0"},
				"south": {"uv": [6.025, 10.025, 6.475, 10.475], "texture": "#layer0"},
				"west": {"uv": [6.025, 10.025, 6.475, 10.475], "texture": "#layer0"},
				"up": {"uv": [6.475, 10.025, 6.025, 10.475], "rotation": 180, "texture": "#layer0"}
			}
		},
		{
			"name": "fishing_rod_cast_97",
			"from": [6.5, 5.5, 7.55],
			"to": [7, 6, 8.45],
			"faces": {
				"north": {"uv": [6.525, 10.475, 6.975, 10.025], "rotation": 180, "texture": "#layer0"},
				"south": {"uv": [6.525, 10.025, 6.975, 10.475], "texture": "#layer0"}
			}
		},
		{
			"name": "fishing_rod_cast_98",
			"from": [7, 5.5, 7.55],
			"to": [7.5, 6, 8.45],
			"faces": {
				"north": {"uv": [7.025, 10.475, 7.475, 10.025], "rotation": 180, "texture": "#layer0"},
				"east": {"uv": [7.025, 10.025, 7.475, 10.475], "texture": "#layer0"},
				"south": {"uv": [7.025, 10.025, 7.475, 10.475], "texture": "#layer0"}
			}
		},
		{
			"name": "fishing_rod_cast_99",
			"from": [7.5, 5.5, 7.75],
			"to": [8, 6, 8.25],
			"faces": {
				"north": {"uv": [7.525, 10.475, 7.975, 10.025], "rotation": 180, "texture": "#layer0"},
				"east": {"uv": [7.525, 10.025, 7.975, 10.475], "texture": "#layer0"},
				"south": {"uv": [7.525, 10.025, 7.975, 10.475], "texture": "#layer0"}
			}
		},
		{
			"name": "fishing_rod_cast_100",
			"from": [5, 5, 7.75],
			"to": [5.5, 5.5, 8.25],
			"faces": {
				"north": {"uv": [5.025, 10.975, 5.475, 10.525], "rotation": 180, "texture": "#layer0"},
				"south": {"uv": [5.025, 10.525, 5.475, 10.975], "texture": "#layer0"},
				"west": {"uv": [5.025, 10.525, 5.475, 10.975], "texture": "#layer0"},
				"up": {"uv": [5.475, 10.525, 5.025, 10.975], "rotation": 180, "texture": "#layer0"}
			}
		},
		{
			"name": "fishing_rod_cast_101",
			"from": [5.5, 5, 7.55],
			"to": [6, 5.5, 8.45],
			"faces": {
				"north": {"uv": [5.525, 10.975, 5.975, 10.525], "rotation": 180, "texture": "#layer0"},
				"south": {"uv": [5.525, 10.525, 5.975, 10.975], "texture": "#layer0"},
				"west": {"uv": [5.525, 10.525, 5.975, 10.975], "texture": "#layer0"},
				"up": {"uv": [5.975, 10.525, 5.525, 10.975], "rotation": 180, "texture": "#layer0"}
			}
		},
		{
			"name": "fishing_rod_cast_102",
			"from": [6, 5, 7.55],
			"to": [6.5, 5.5, 8.45],
			"faces": {
				"north": {"uv": [6.025, 10.975, 6.475, 10.525], "rotation": 180, "texture": "#layer0"},
				"south": {"uv": [6.025, 10.525, 6.475, 10.975], "texture": "#layer0"}
			}
		},
		{
			"name": "fishing_rod_cast_103",
			"from": [6.5, 5, 7.55],
			"to": [7, 5.5, 8.45],
			"faces": {
				"north": {"uv": [6.525, 10.975, 6.975, 10.525], "rotation": 180, "texture": "#layer0"},
				"south": {"uv": [6.525, 10.525, 6.975, 10.975], "texture": "#layer0"}
			}
		},
		{
			"name": "fishing_rod_cast_104",
			"from": [7, 5, 7.35],
			"to": [7.5, 5.5, 8.65],
			"faces": {
				"north": {"uv": [7.025, 10.975, 7.475, 10.525], "rotation": 180, "texture": "#layer0"},
				"south": {"uv": [7.025, 10.525, 7.475, 10.975], "texture": "#layer0"},
				"west": {"uv": [7.025, 10.525, 7.475, 10.975], "texture": "#layer0"},
				"up": {"uv": [7.475, 10.525, 7.025, 10.975], "rotation": 180, "texture": "#layer0"},
				"down": {"uv": [7.025, 10.525, 7.475, 10.975], "texture": "#layer0"}
			}
		},
		{
			"name": "fishing_rod_cast_105",
			"from": [7.5, 5, 7.35],
			"to": [8, 5.5, 8.65],
			"faces": {
				"north": {"uv": [7.525, 10.975, 7.975, 10.525], "rotation": 180, "texture": "#layer0"},
				"east": {"uv": [7.525, 10.525, 7.975, 10.975], "texture": "#layer0"},
				"south": {"uv": [7.525, 10.525, 7.975, 10.975], "texture": "#layer0"},
				"up": {"uv": [7.975, 10.525, 7.525, 10.975], "rotation": 180, "texture": "#layer0"},
				"down": {"uv": [7.525, 10.525, 7.975, 10.975], "texture": "#layer0"}
			}
		},
		{
			"name": "fishing_rod_cast_106",
			"from": [4.5, 4.5, 7.75],
			"to": [5, 5, 8.25],
			"faces": {
				"north": {"uv": [4.525, 11.475, 4.975, 11.025], "rotation": 180, "texture": "#layer0"},
				"south": {"uv": [4.525, 11.025, 4.975, 11.475], "texture": "#layer0"},
				"west": {"uv": [4.525, 11.025, 4.975, 11.475], "texture": "#layer0"},
				"up": {"uv": [4.975, 11.025, 4.525, 11.475], "rotation": 180, "texture": "#layer0"}
			}
		},
		{
			"name": "fishing_rod_cast_107",
			"from": [5, 4.5, 7.55],
			"to": [5.5, 5, 8.45],
			"faces": {
				"north": {"uv": [5.025, 11.475, 5.475, 11.025], "rotation": 180, "texture": "#layer0"},
				"south": {"uv": [5.025, 11.025, 5.475, 11.475], "texture": "#layer0"},
				"west": {"uv": [5.025, 11.025, 5.475, 11.475], "texture": "#layer0"},
				"up": {"uv": [5.475, 11.025, 5.025, 11.475], "rotation": 180, "texture": "#layer0"}
			}
		},
		{
			"name": "fishing_rod_cast_108",
			"from": [5.5, 4.5, 7.55],
			"to": [6, 5, 8.45],
			"faces": {
				"north": {"uv": [5.525, 11.475, 5.975, 11.025], "rotation": 180, "texture": "#layer0"},
				"south": {"uv": [5.525, 11.025, 5.975, 11.475], "texture": "#layer0"}
			}
		},
		{
			"name": "fishing_rod_cast_109",
			"from": [6, 4.5, 7.55],
			"to": [6.5, 5, 8.45],
			"faces": {
				"north": {"uv": [6.025, 11.475, 6.475, 11.025], "rotation": 180, "texture": "#layer0"},
				"south": {"uv": [6.025, 11.025, 6.475, 11.475], "texture": "#layer0"}
			}
		},
		{
			"name": "fishing_rod_cast_110",
			"from": [6.5, 4.5, 7.55],
			"to": [7, 5, 8.45],
			"faces": {
				"north": {"uv": [6.525, 11.475, 6.975, 11.025], "rotation": 180, "texture": "#layer0"},
				"south": {"uv": [6.525, 11.025, 6.975, 11.475], "texture": "#layer0"}
			}
		},
		{
			"name": "fishing_rod_cast_111",
			"from": [7, 4.5, 7.55],
			"to": [7.5, 5, 8.45],
			"faces": {
				"north": {"uv": [7.025, 11.475, 7.475, 11.025], "rotation": 180, "texture": "#layer0"},
				"south": {"uv": [7.025, 11.025, 7.475, 11.475], "texture": "#layer0"}
			}
		},
		{
			"name": "fishing_rod_cast_112",
			"from": [7.5, 4.5, 7.45],
			"to": [8, 5, 8.55],
			"faces": {
				"north": {"uv": [7.525, 11.475, 7.975, 11.025], "rotation": 180, "texture": "#layer0"},
				"south": {"uv": [7.525, 11.025, 7.975, 11.475], "texture": "#layer0"},
				"west": {"uv": [7.525, 11.025, 7.975, 11.475], "texture": "#layer0"},
				"down": {"uv": [7.525, 11.025, 7.975, 11.475], "texture": "#layer0"}
			}
		},
		{
			"name": "fishing_rod_cast_113",
			"from": [8, 4.5, 7.35],
			"to": [8.5, 5, 8.65],
			"faces": {
				"north": {"uv": [8.025, 11.475, 8.475, 11.025], "rotation": 180, "texture": "#layer0"},
				"east": {"uv": [8.025, 11.025, 8.475, 11.475], "texture": "#layer0"},
				"south": {"uv": [8.025, 11.025, 8.475, 11.475], "texture": "#layer0"},
				"west": {"uv": [8.025, 11.025, 8.475, 11.475], "texture": "#layer0"},
				"up": {"uv": [8.475, 11.025, 8.025, 11.475], "rotation": 180, "texture": "#layer0"}
			}
		},
		{
			"name": "fishing_rod_cast_114",
			"from": [4, 4, 7.75],
			"to": [4.5, 4.5, 8.25],
			"faces": {
				"north": {"uv": [4.025, 11.975, 4.475, 11.525], "rotation": 180, "texture": "#layer0"},
				"south": {"uv": [4.025, 11.525, 4.475, 11.975], "texture": "#layer0"},
				"west": {"uv": [4.025, 11.525, 4.475, 11.975], "texture": "#layer0"},
				"up": {"uv": [4.475, 11.525, 4.025, 11.975], "rotation": 180, "texture": "#layer0"}
			}
		},
		{
			"name": "fishing_rod_cast_115",
			"from": [4.5, 4, 7.55],
			"to": [5, 4.5, 8.45],
			"faces": {
				"north": {"uv": [4.525, 11.975, 4.975, 11.525], "rotation": 180, "texture": "#layer0"},
				"south": {"uv": [4.525, 11.525, 4.975, 11.975], "texture": "#layer0"},
				"west": {"uv": [4.525, 11.525, 4.975, 11.975], "texture": "#layer0"},
				"up": {"uv": [4.975, 11.525, 4.525, 11.975], "rotation": 180, "texture": "#layer0"}
			}
		},
		{
			"name": "fishing_rod_cast_116",
			"from": [5, 4, 7.55],
			"to": [5.5, 4.5, 8.45],
			"faces": {
				"north": {"uv": [5.025, 11.975, 5.475, 11.525], "rotation": 180, "texture": "#layer0"},
				"south": {"uv": [5.025, 11.525, 5.475, 11.975], "texture": "#layer0"}
			}
		},
		{
			"name": "fishing_rod_cast_117",
			"from": [5.5, 4, 7.55],
			"to": [6, 4.5, 8.45],
			"faces": {
				"north": {"uv": [5.525, 11.975, 5.975, 11.525], "rotation": 180, "texture": "#layer0"},
				"south": {"uv": [5.525, 11.525, 5.975, 11.975], "texture": "#layer0"}
			}
		},
		{
			"name": "fishing_rod_cast_118",
			"from": [6, 4, 7.55],
			"to": [6.5, 4.5, 8.45],
			"faces": {
				"north": {"uv": [6.025, 11.975, 6.475, 11.525], "rotation": 180, "texture": "#layer0"},
				"south": {"uv": [6.025, 11.525, 6.475, 11.975], "texture": "#layer0"}
			}
		},
		{
			"name": "fishing_rod_cast_119",
			"from": [6.5, 4, 7.55],
			"to": [7, 4.5, 8.45],
			"faces": {
				"north": {"uv": [6.525, 11.975, 6.975, 11.525], "rotation": 180, "texture": "#layer0"},
				"south": {"uv": [6.525, 11.525, 6.975, 11.975], "texture": "#layer0"}
			}
		},
		{
			"name": "fishing_rod_cast_120",
			"from": [7, 4, 7.55],
			"to": [7.5, 4.5, 8.45],
			"faces": {
				"north": {"uv": [7.025, 11.975, 7.475, 11.525], "rotation": 180, "texture": "#layer0"},
				"south": {"uv": [7.025, 11.525, 7.475, 11.975], "texture": "#layer0"}
			}
		},
		{
			"name": "fishing_rod_cast_121",
			"from": [7.5, 4, 7.55],
			"to": [8, 4.5, 8.45],
			"faces": {
				"north": {"uv": [7.525, 11.975, 7.975, 11.525], "rotation": 180, "texture": "#layer0"},
				"south": {"uv": [7.525, 11.525, 7.975, 11.975], "texture": "#layer0"}
			}
		},
		{
			"name": "fishing_rod_cast_122",
			"from": [8, 4, 7.35],
			"to": [8.5, 4.5, 8.65],
			"faces": {
				"north": {"uv": [8.025, 11.975, 8.475, 11.525], "rotation": 180, "texture": "#layer0"},
				"east": {"uv": [8.025, 11.525, 8.475, 11.975], "texture": "#layer0"},
				"south": {"uv": [8.025, 11.525, 8.475, 11.975], "texture": "#layer0"},
				"west": {"uv": [8.025, 11.525, 8.475, 11.975], "texture": "#layer0"}
			}
		},
		{
			"name": "fishing_rod_cast_123",
			"from": [3.5, 3.5, 7.75],
			"to": [4, 4, 8.25],
			"faces": {
				"north": {"uv": [3.525, 12.475, 3.975, 12.025], "rotation": 180, "texture": "#layer0"},
				"south": {"uv": [3.525, 12.025, 3.975, 12.475], "texture": "#layer0"},
				"west": {"uv": [3.525, 12.025, 3.975, 12.475], "texture": "#layer0"},
				"up": {"uv": [3.975, 12.025, 3.525, 12.475], "rotation": 180, "texture": "#layer0"}
			}
		},
		{
			"name": "fishing_rod_cast_124",
			"from": [4, 3.5, 7.55],
			"to": [4.5, 4, 8.45],
			"faces": {
				"north": {"uv": [4.025, 12.475, 4.475, 12.025], "rotation": 180, "texture": "#layer0"},
				"south": {"uv": [4.025, 12.025, 4.475, 12.475], "texture": "#layer0"},
				"west": {"uv": [4.025, 12.025, 4.475, 12.475], "texture": "#layer0"},
				"up": {"uv": [4.475, 12.025, 4.025, 12.475], "rotation": 180, "texture": "#layer0"}
			}
		},
		{
			"name": "fishing_rod_cast_125",
			"from": [4.5, 3.5, 7.55],
			"to": [5, 4, 8.45],
			"faces": {
				"north": {"uv": [4.525, 12.475, 4.975, 12.025], "rotation": 180, "texture": "#layer0"},
				"south": {"uv": [4.525, 12.025, 4.975, 12.475], "texture": "#layer0"}
			}
		},
		{
			"name": "fishing_rod_cast_126",
			"from": [5, 3.5, 7.55],
			"to": [5.5, 4, 8.45],
			"faces": {
				"north": {"uv": [5.025, 12.475, 5.475, 12.025], "rotation": 180, "texture": "#layer0"},
				"south": {"uv": [5.025, 12.025, 5.475, 12.475], "texture": "#layer0"},
				"down": {"uv": [5.025, 12.025, 5.475, 12.475], "texture": "#layer0"}
			}
		},
		{
			"name": "fishing_rod_cast_127",
			"from": [5.5, 3.5, 7.35],
			"to": [6, 4, 8.65],
			"faces": {
				"north": {"uv": [5.525, 12.475, 5.975, 12.025], "rotation": 180, "texture": "#layer0"},
				"east": {"uv": [5.525, 12.025, 5.975, 12.475], "texture": "#layer0"},
				"south": {"uv": [5.525, 12.025, 5.975, 12.475], "texture": "#layer0"},
				"west": {"uv": [5.525, 12.025, 5.975, 12.475], "texture": "#layer0"},
				"up": {"uv": [5.975, 12.025, 5.525, 12.475], "rotation": 180, "texture": "#layer0"}
			}
		},
		{
			"name": "fishing_rod_cast_128",
			"from": [6, 3.5, 7.55],
			"to": [6.5, 4, 8.45],
			"faces": {
				"north": {"uv": [6.025, 12.475, 6.475, 12.025], "rotation": 180, "texture": "#layer0"},
				"south": {"uv": [6.025, 12.025, 6.475, 12.475], "texture": "#layer0"}
			}
		},
		{
			"name": "fishing_rod_cast_129",
			"from": [6.5, 3.5, 7.55],
			"to": [7, 4, 8.45],
			"faces": {
				"north": {"uv": [6.525, 12.475, 6.975, 12.025], "rotation": 180, "texture": "#layer0"},
				"south": {"uv": [6.525, 12.025, 6.975, 12.475], "texture": "#layer0"}
			}
		},
		{
			"name": "fishing_rod_cast_130",
			"from": [7, 3.5, 7.55],
			"to": [7.5, 4, 8.45],
			"faces": {
				"north": {"uv": [7.025, 12.475, 7.475, 12.025], "rotation": 180, "texture": "#layer0"},
				"south": {"uv": [7.025, 12.025, 7.475, 12.475], "texture": "#layer0"}
			}
		},
		{
			"name": "fishing_rod_cast_131",
			"from": [7.5, 3.5, 7.55],
			"to": [8, 4, 8.45],
			"faces": {
				"north": {"uv": [7.525, 12.475, 7.975, 12.025], "rotation": 180, "texture": "#layer0"},
				"south": {"uv": [7.525, 12.025, 7.975, 12.475], "texture": "#layer0"}
			}
		},
		{
			"name": "fishing_rod_cast_132",
			"from": [8, 3.5, 7.35],
			"to": [8.5, 4, 8.65],
			"faces": {
				"north": {"uv": [8.025, 12.475, 8.475, 12.025], "rotation": 180, "texture": "#layer0"},
				"east": {"uv": [8.025, 12.025, 8.475, 12.475], "texture": "#layer0"},
				"south": {"uv": [8.025, 12.025, 8.475, 12.475], "texture": "#layer0"},
				"west": {"uv": [8.025, 12.025, 8.475, 12.475], "texture": "#layer0"}
			}
		},
		{
			"name": "fishing_rod_cast_133",
			"from": [3, 3, 7.75],
			"to": [3.5, 3.5, 8.25],
			"faces": {
				"north": {"uv": [3.025, 12.975, 3.475, 12.525], "rotation": 180, "texture": "#layer0"},
				"south": {"uv": [3.025, 12.525, 3.475, 12.975], "texture": "#layer0"},
				"west": {"uv": [3.025, 12.525, 3.475, 12.975], "texture": "#layer0"},
				"up": {"uv": [3.475, 12.525, 3.025, 12.975], "rotation": 180, "texture": "#layer0"}
			}
		},
		{
			"name": "fishing_rod_cast_134",
			"from": [3.5, 3, 7.55],
			"to": [4, 3.5, 8.45],
			"faces": {
				"north": {"uv": [3.525, 12.975, 3.975, 12.525], "rotation": 180, "texture": "#layer0"},
				"south": {"uv": [3.525, 12.525, 3.975, 12.975], "texture": "#layer0"},
				"west": {"uv": [3.525, 12.525, 3.975, 12.975], "texture": "#layer0"},
				"up": {"uv": [3.975, 12.525, 3.525, 12.975], "rotation": 180, "texture": "#layer0"}
			}
		},
		{
			"name": "fishing_rod_cast_135",
			"from": [4, 3, 7.55],
			"to": [4.5, 3.5, 8.45],
			"faces": {
				"north": {"uv": [4.025, 12.975, 4.475, 12.525], "rotation": 180, "texture": "#layer0"},
				"south": {"uv": [4.025, 12.525, 4.475, 12.975], "texture": "#layer0"}
			}
		},
		{
			"name": "fishing_rod_cast_136",
			"from": [4.5, 3, 7.55],
			"to": [5, 3.5, 8.45],
			"faces": {
				"north": {"uv": [4.525, 12.975, 4.975, 12.525], "rotation": 180, "texture": "#layer0"},
				"east": {"uv": [4.525, 12.525, 4.975, 12.975], "texture": "#layer0"},
				"south": {"uv": [4.525, 12.525, 4.975, 12.975], "texture": "#layer0"},
				"down": {"uv": [4.525, 12.525, 4.975, 12.975], "texture": "#layer0"}
			}
		},
		{
			"name": "fishing_rod_cast_137",
			"from": [5, 3, 7.75],
			"to": [5.5, 3.5, 8.25],
			"faces": {
				"north": {"uv": [5.025, 12.975, 5.475, 12.525], "rotation": 180, "texture": "#layer0"},
				"south": {"uv": [5.025, 12.525, 5.475, 12.975], "texture": "#layer0"},
				"down": {"uv": [5.025, 12.525, 5.475, 12.975], "texture": "#layer0"}
			}
		},
		{
			"name": "fishing_rod_cast_138",
			"from": [5.5, 3, 7.35],
			"to": [6, 3.5, 8.65],
			"faces": {
				"north": {"uv": [5.525, 12.975, 5.975, 12.525], "rotation": 180, "texture": "#layer0"},
				"east": {"uv": [5.525, 12.525, 5.975, 12.975], "texture": "#layer0"},
				"south": {"uv": [5.525, 12.525, 5.975, 12.975], "texture": "#layer0"},
				"west": {"uv": [5.525, 12.525, 5.975, 12.975], "texture": "#layer0"},
				"down": {"uv": [5.525, 12.525, 5.975, 12.975], "texture": "#layer0"}
			}
		},
		{
			"name": "fishing_rod_cast_139",
			"from": [6, 3, 7.45],
			"to": [6.5, 3.5, 8.55],
			"faces": {
				"north": {"uv": [6.025, 12.975, 6.475, 12.525], "rotation": 180, "texture": "#layer0"},
				"east": {"uv": [6.025, 12.525, 6.475, 12.975], "texture": "#layer0"},
				"south": {"uv": [6.025, 12.525, 6.475, 12.975], "texture": "#layer0"},
				"up": {"uv": [6.475, 12.525, 6.025, 12.975], "rotation": 180, "texture": "#layer0"}
			}
		},
		{
			"name": "fishing_rod_cast_140",
			"from": [6.5, 3, 7.55],
			"to": [7, 3.5, 8.45],
			"faces": {
				"north": {"uv": [6.525, 12.975, 6.975, 12.525], "rotation": 180, "texture": "#layer0"},
				"south": {"uv": [6.525, 12.525, 6.975, 12.975], "texture": "#layer0"}
			}
		},
		{
			"name": "fishing_rod_cast_141",
			"from": [7, 3, 7.55],
			"to": [7.5, 3.5, 8.45],
			"faces": {
				"north": {"uv": [7.025, 12.975, 7.475, 12.525], "rotation": 180, "texture": "#layer0"},
				"south": {"uv": [7.025, 12.525, 7.475, 12.975], "texture": "#layer0"}
			}
		},
		{
			"name": "fishing_rod_cast_142",
			"from": [7.5, 3, 7.45],
			"to": [8, 3.5, 8.55],
			"faces": {
				"north": {"uv": [7.525, 12.975, 7.975, 12.525], "rotation": 180, "texture": "#layer0"},
				"south": {"uv": [7.525, 12.525, 7.975, 12.975], "texture": "#layer0"},
				"west": {"uv": [7.525, 12.525, 7.975, 12.975], "texture": "#layer0"},
				"up": {"uv": [7.975, 12.525, 7.525, 12.975], "rotation": 180, "texture": "#layer0"}
			}
		},
		{
			"name": "fishing_rod_cast_143",
			"from": [8, 3, 7.35],
			"to": [8.5, 3.5, 8.65],
			"faces": {
				"north": {"uv": [8.025, 12.975, 8.475, 12.525], "rotation": 180, "texture": "#layer0"},
				"east": {"uv": [8.025, 12.525, 8.475, 12.975], "texture": "#layer0"},
				"south": {"uv": [8.025, 12.525, 8.475, 12.975], "texture": "#layer0"},
				"west": {"uv": [8.025, 12.525, 8.475, 12.975], "texture": "#layer0"},
				"down": {"uv": [8.025, 12.525, 8.475, 12.975], "texture": "#layer0"}
			}
		},
		{
			"name": "fishing_rod_cast_144",
			"from": [2.5, 2.5, 7.75],
			"to": [3, 3, 8.25],
			"faces": {
				"north": {"uv": [2.525, 13.475, 2.975, 13.025], "rotation": 180, "texture": "#layer0"},
				"south": {"uv": [2.525, 13.025, 2.975, 13.475], "texture": "#layer0"},
				"west": {"uv": [2.525, 13.025, 2.975, 13.475], "texture": "#layer0"},
				"up": {"uv": [2.975, 13.025, 2.525, 13.475], "rotation": 180, "texture": "#layer0"}
			}
		},
		{
			"name": "fishing_rod_cast_145",
			"from": [3, 2.5, 7.55],
			"to": [3.5, 3, 8.45],
			"faces": {
				"north": {"uv": [3.025, 13.475, 3.475, 13.025], "rotation": 180, "texture": "#layer0"},
				"south": {"uv": [3.025, 13.025, 3.475, 13.475], "texture": "#layer0"},
				"west": {"uv": [3.025, 13.025, 3.475, 13.475], "texture": "#layer0"},
				"up": {"uv": [3.475, 13.025, 3.025, 13.475], "rotation": 180, "texture": "#layer0"}
			}
		},
		{
			"name": "fishing_rod_cast_146",
			"from": [3.5, 2.5, 7.55],
			"to": [4, 3, 8.45],
			"faces": {
				"north": {"uv": [3.525, 13.475, 3.975, 13.025], "rotation": 180, "texture": "#layer0"},
				"south": {"uv": [3.525, 13.025, 3.975, 13.475], "texture": "#layer0"}
			}
		},
		{
			"name": "fishing_rod_cast_147",
			"from": [4, 2.5, 7.55],
			"to": [4.5, 3, 8.45],
			"faces": {
				"north": {"uv": [4.025, 13.475, 4.475, 13.025], "rotation": 180, "texture": "#layer0"},
				"east": {"uv": [4.025, 13.025, 4.475, 13.475], "texture": "#layer0"},
				"south": {"uv": [4.025, 13.025, 4.475, 13.475], "texture": "#layer0"},
				"down": {"uv": [4.025, 13.025, 4.475, 13.475], "texture": "#layer0"}
			}
		},
		{
			"name": "fishing_rod_cast_148",
			"from": [4.5, 2.5, 7.75],
			"to": [5, 3, 8.25],
			"faces": {
				"north": {"uv": [4.525, 13.475, 4.975, 13.025], "rotation": 180, "texture": "#layer0"},
				"east": {"uv": [4.525, 13.025, 4.975, 13.475], "texture": "#layer0"},
				"south": {"uv": [4.525, 13.025, 4.975, 13.475], "texture": "#layer0"},
				"down": {"uv": [4.525, 13.025, 4.975, 13.475], "texture": "#layer0"}
			}
		},
		{
			"name": "fishing_rod_cast_149",
			"from": [6, 2.5, 7.35],
			"to": [6.5, 3, 8.65],
			"faces": {
				"north": {"uv": [6.025, 13.475, 6.475, 13.025], "rotation": 180, "texture": "#layer0"},
				"south": {"uv": [6.025, 13.025, 6.475, 13.475], "texture": "#layer0"},
				"west": {"uv": [6.025, 13.025, 6.475, 13.475], "texture": "#layer0"},
				"up": {"uv": [6.475, 13.025, 6.025, 13.475], "rotation": 180, "texture": "#layer0"},
				"down": {"uv": [6.025, 13.025, 6.475, 13.475], "texture": "#layer0"}
			}
		},
		{
			"name": "fishing_rod_cast_150",
			"from": [6.5, 2.5, 7.35],
			"to": [7, 3, 8.65],
			"faces": {
				"north": {"uv": [6.525, 13.475, 6.975, 13.025], "rotation": 180, "texture": "#layer0"},
				"south": {"uv": [6.525, 13.025, 6.975, 13.475], "texture": "#layer0"},
				"up": {"uv": [6.975, 13.025, 6.525, 13.475], "rotation": 180, "texture": "#layer0"},
				"down": {"uv": [6.525, 13.025, 6.975, 13.475], "texture": "#layer0"}
			}
		},
		{
			"name": "fishing_rod_cast_151",
			"from": [7, 2.5, 7.35],
			"to": [7.5, 3, 8.65],
			"faces": {
				"north": {"uv": [7.025, 13.475, 7.475, 13.025], "rotation": 180, "texture": "#layer0"},
				"south": {"uv": [7.025, 13.025, 7.475, 13.475], "texture": "#layer0"},
				"up": {"uv": [7.475, 13.025, 7.025, 13.475], "rotation": 180, "texture": "#layer0"},
				"down": {"uv": [7.025, 13.025, 7.475, 13.475], "texture": "#layer0"}
			}
		},
		{
			"name": "fishing_rod_cast_152",
			"from": [7.5, 2.5, 7.35],
			"to": [8, 3, 8.65],
			"faces": {
				"north": {"uv": [7.525, 13.475, 7.975, 13.025], "rotation": 180, "texture": "#layer0"},
				"east": {"uv": [7.525, 13.025, 7.975, 13.475], "texture": "#layer0"},
				"south": {"uv": [7.525, 13.025, 7.975, 13.475], "texture": "#layer0"},
				"up": {"uv": [7.975, 13.025, 7.525, 13.475], "rotation": 180, "texture": "#layer0"},
				"down": {"uv": [7.525, 13.025, 7.975, 13.475], "texture": "#layer0"}
			}
		},
		{
			"name": "fishing_rod_cast_153",
			"from": [2, 2, 7.75],
			"to": [2.5, 2.5, 8.25],
			"faces": {
				"north": {"uv": [2.025, 13.975, 2.475, 13.525], "rotation": 180, "texture": "#layer0"},
				"south": {"uv": [2.025, 13.525, 2.475, 13.975], "texture": "#layer0"},
				"west": {"uv": [2.025, 13.525, 2.475, 13.975], "texture": "#layer0"},
				"up": {"uv": [2.475, 13.525, 2.025, 13.975], "rotation": 180, "texture": "#layer0"}
			}
		},
		{
			"name": "fishing_rod_cast_154",
			"from": [2.5, 2, 7.55],
			"to": [3, 2.5, 8.45],
			"faces": {
				"north": {"uv": [2.525, 13.975, 2.975, 13.525], "rotation": 180, "texture": "#layer0"},
				"south": {"uv": [2.525, 13.525, 2.975, 13.975], "texture": "#layer0"},
				"west": {"uv": [2.525, 13.525, 2.975, 13.975], "texture": "#layer0"},
				"up": {"uv": [2.975, 13.525, 2.525, 13.975], "rotation": 180, "texture": "#layer0"}
			}
		},
		{
			"name": "fishing_rod_cast_155",
			"from": [3, 2, 7.55],
			"to": [3.5, 2.5, 8.45],
			"faces": {
				"north": {"uv": [3.025, 13.975, 3.475, 13.525], "rotation": 180, "texture": "#layer0"},
				"south": {"uv": [3.025, 13.525, 3.475, 13.975], "texture": "#layer0"}
			}
		},
		{
			"name": "fishing_rod_cast_156",
			"from": [3.5, 2, 7.55],
			"to": [4, 2.5, 8.45],
			"faces": {
				"north": {"uv": [3.525, 13.975, 3.975, 13.525], "rotation": 180, "texture": "#layer0"},
				"east": {"uv": [3.525, 13.525, 3.975, 13.975], "texture": "#layer0"},
				"south": {"uv": [3.525, 13.525, 3.975, 13.975], "texture": "#layer0"},
				"down": {"uv": [3.525, 13.525, 3.975, 13.975], "texture": "#layer0"}
			}
		},
		{
			"name": "fishing_rod_cast_157",
			"from": [4, 2, 7.75],
			"to": [4.5, 2.5, 8.25],
			"faces": {
				"north": {"uv": [4.025, 13.975, 4.475, 13.525], "rotation": 180, "texture": "#layer0"},
				"east": {"uv": [4.025, 13.525, 4.475, 13.975], "texture": "#layer0"},
				"south": {"uv": [4.025, 13.525, 4.475, 13.975], "texture": "#layer0"},
				"down": {"uv": [4.025, 13.525, 4.475, 13.975], "texture": "#layer0"}
			}
		},
		{
			"name": "fishing_rod_cast_158",
			"from": [2, 1.5, 7.75],
			"to": [2.5, 2, 8.25],
			"faces": {
				"north": {"uv": [2.025, 14.475, 2.475, 14.025], "rotation": 180, "texture": "#layer0"},
				"south": {"uv": [2.025, 14.025, 2.475, 14.475], "texture": "#layer0"},
				"west": {"uv": [2.025, 14.025, 2.475, 14.475], "texture": "#layer0"},
				"down": {"uv": [2.025, 14.025, 2.475, 14.475], "texture": "#layer0"}
			}
		},
		{
			"name": "fishing_rod_cast_159",
			"from": [2.5, 1.5, 7.55],
			"to": [3, 2, 8.45],
			"faces": {
				"north": {"uv": [2.525, 14.475, 2.975, 14.025], "rotation": 180, "texture": "#layer0"},
				"south": {"uv": [2.525, 14.025, 2.975, 14.475], "texture": "#layer0"},
				"west": {"uv": [2.525, 14.025, 2.975, 14.475], "texture": "#layer0"},
				"down": {"uv": [2.525, 14.025, 2.975, 14.475], "texture": "#layer0"}
			}
		},
		{
			"name": "fishing_rod_cast_160",
			"from": [3, 1.5, 7.55],
			"to": [3.5, 2, 8.45],
			"faces": {
				"north": {"uv": [3.025, 14.475, 3.475, 14.025], "rotation": 180, "texture": "#layer0"},
				"east": {"uv": [3.025, 14.025, 3.475, 14.475], "texture": "#layer0"},
				"south": {"uv": [3.025, 14.025, 3.475, 14.475], "texture": "#layer0"},
				"down": {"uv": [3.025, 14.025, 3.475, 14.475], "texture": "#layer0"}
			}
		},
		{
			"name": "fishing_rod_cast_161",
			"from": [3.5, 1.5, 7.75],
			"to": [4, 2, 8.25],
			"faces": {
				"north": {"uv": [3.525, 14.475, 3.975, 14.025], "rotation": 180, "texture": "#layer0"},
				"east": {"uv": [3.525, 14.025, 3.975, 14.475], "texture": "#layer0"},
				"south": {"uv": [3.525, 14.025, 3.975, 14.475], "texture": "#layer0"},
				"down": {"uv": [3.525, 14.025, 3.975, 14.475], "texture": "#layer0"}
			}
		},
		{
			"name": "fishing_rod_cast_162",
			"from": [2.5, 1, 7.75],
			"to": [3, 1.5, 8.25],
			"faces": {
				"north": {"uv": [2.525, 14.975, 2.975, 14.525], "rotation": 180, "texture": "#layer0"},
				"south": {"uv": [2.525, 14.525, 2.975, 14.975], "texture": "#layer0"},
				"west": {"uv": [2.525, 14.525, 2.975, 14.975], "texture": "#layer0"},
				"down": {"uv": [2.525, 14.525, 2.975, 14.975], "texture": "#layer0"}
			}
		},
		{
			"name": "fishing_rod_cast_163",
			"from": [3, 1, 7.75],
			"to": [3.5, 1.5, 8.25],
			"faces": {
				"north": {"uv": [3.025, 14.975, 3.475, 14.525], "rotation": 180, "texture": "#layer0"},
				"east": {"uv": [3.025, 14.525, 3.475, 14.975], "texture": "#layer0"},
				"south": {"uv": [3.025, 14.525, 3.475, 14.975], "texture": "#layer0"},
				"down": {"uv": [3.025, 14.525, 3.475, 14.975], "texture": "#layer0"}
			}
		}
	],
	"groups": [
		{
			"name": "fishing_rod_cast",
			"origin": [8, 8, 8],
			"children": [0, 1, 2, 3, 4, 5, 6, 7, 8, 9, 10, 11, 12, 13, 14, 15, 16, 17, 18, 19, 20, 21, 22, 23, 24, 25, 26, 27, 28, 29, 30, 31, 32, 33, 34, 35, 36, 37, 38, 39, 40, 41, 42, 43, 44, 45, 46, 47, 48, 49, 50, 51, 52, 53, 54, 55, 56, 57, 58, 59, 60, 61, 62, 63, 64, 65, 66, 67, 68, 69, 70, 71, 72, 73, 74, 75, 76, 77, 78, 79, 80, 81, 82, 83, 84, 85, 86, 87, 88, 89, 90, 91, 92, 93, 94, 95, 96, 97, 98, 99, 100, 101, 102, 103, 104, 105, 106, 107, 108, 109, 110, 111, 112, 113, 114, 115, 116, 117, 118, 119, 120, 121, 122, 123, 124, 125, 126, 127, 128, 129, 130, 131, 132, 133, 134, 135, 136, 137, 138, 139, 140, 141, 142, 143, 144, 145, 146, 147, 148, 149, 150, 151, 152, 153, 154, 155, 156, 157, 158, 159, 160, 161, 162, 163]
		}
	]
}