{
	"credit": "Made with Blockbench",
	"parent": "item/generic_display",
	"textures": {
		"2": "items/glass_bottle_bottom",
		"3": "items/glass_bottle_top",
		"4": "items/glass_bottle_extra",
		"texture": "items/glass_bottle"
	},
	"elements": [
		{
			"name": "cork",
			"from": [6.5, 11.21, 6.5],
			"to": [9.5, 13.7, 9.5],
			"faces": {
				"north": {"uv": [6.525, 2.525, 9.475, 3.475], "texture": "#texture"},
				"east": {"uv": [6.525, 2.525, 6.975, 3.475], "texture": "#texture"},
				"south": {"uv": [6.525, 2.525, 9.475, 3.475], "rotation": 180, "texture": "#texture"},
				"west": {"uv": [9.025, 2.525, 9.475, 3.475], "texture": "#texture"},
				"up": {"uv": [6.525, 2.525, 9.475, 2.975], "rotation": 180, "texture": "#texture"}
			}
		},
		{
			"name": "glass",
			"from": [7, 9.7, 7],
			"to": [9, 10.7, 9],
			"faces": {
				"north": {"uv": [7.025, 5.525, 8.975, 6.475], "texture": "#texture"},
				"east": {"uv": [7.025, 5.525, 8.975, 6.475], "texture": "#texture"},
				"south": {"uv": [7.025, 5.525, 8.975, 6.475], "texture": "#texture"},
				"west": {"uv": [7.025, 5.525, 8.975, 6.475], "texture": "#texture"}
			}
		},
		{
			"name": "glass",
			"from": [6, 1.7, 6],
			"to": [10, 2.2, 10],
			"faces": {
				"north": {"uv": [6.025, 14.025, 9.975, 14.475], "texture": "#texture"},
				"east": {"uv": [6.025, 14.025, 9.975, 14.475], "texture": "#texture"},
				"south": {"uv": [6.025, 14.025, 9.975, 14.475], "texture": "#texture"},
				"west": {"uv": [6.025, 14.025, 9.975, 14.475], "texture": "#texture"},
				"down": {"uv": [6.025, 8.025, 9.975, 11.975], "rotation": 180, "texture": "#2"}
			}
		},
		{
			"name": "glass",
			"from": [6, 12.2, 6],
			"to": [10, 12.7, 10],
			"faces": {
				"north": {"uv": [6.025, 3.525, 9.975, 3.975], "texture": "#texture"},
				"east": {"uv": [6.025, 3.525, 9.975, 3.975], "texture": "#texture"},
				"south": {"uv": [6.025, 3.525, 9.975, 3.975], "texture": "#texture"},
				"west": {"uv": [6.025, 3.525, 9.975, 3.975], "texture": "#texture"},
				"up": {"uv": [4.025, 0.025, 7.975, 3.975], "rotation": 180, "texture": "#4"}
			}
		},
		{
			"name": "glass",
			"from": [6, 11.2, 6],
			"to": [10, 12.2, 10],
			"faces": {
				"north": {"uv": [0.025, 0.025, 3.975, 0.975], "texture": "#4"},
				"east": {"uv": [0.025, 0.025, 3.975, 0.975], "texture": "#4"},
				"south": {"uv": [0.025, 0.025, 3.975, 0.975], "texture": "#4"},
				"west": {"uv": [0.025, 0.025, 3.975, 0.975], "texture": "#4"},
				"down": {"uv": [8.025, 0.025, 11.975, 3.975], "rotation": 180, "texture": "#4"}
			}
		},
		{
			"name": "glass",
			"from": [6.5, 10.7, 6.5],
			"to": [9.5, 11.2, 9.5],
			"faces": {
				"north": {"uv": [6.525, 5.025, 9.475, 5.475], "texture": "#texture"},
				"east": {"uv": [6.525, 5.025, 9.475, 5.475], "texture": "#texture"},
				"south": {"uv": [6.525, 5.025, 9.475, 5.475], "texture": "#texture"},
				"west": {"uv": [6.525, 5.025, 9.475, 5.475], "texture": "#texture"},
				"down": {"uv": [0.525, 1.025, 3.475, 3.975], "rotation": 180, "texture": "#4"}
			}
		},
		{
			"name": "glass",
			"from": [6.5, 9.2, 6.5],
			"to": [9.5, 9.7, 9.5],
			"faces": {
				"north": {"uv": [6.525, 6.525, 9.475, 6.975], "texture": "#texture"},
				"east": {"uv": [6.525, 6.525, 9.475, 6.975], "texture": "#texture"},
				"south": {"uv": [6.525, 6.525, 9.475, 6.975], "texture": "#texture"},
				"west": {"uv": [6.525, 6.525, 9.475, 6.975], "texture": "#texture"},
				"up": {"uv": [6.025, 13.025, 8.975, 15.975], "rotation": 180, "texture": "#3"}
			}
		},
		{
			"name": "glass",
			"from": [6, 8.7, 6],
			"to": [10, 9.2, 10],
			"faces": {
				"north": {"uv": [6.025, 7.025, 9.975, 7.475], "texture": "#texture"},
				"east": {"uv": [6.025, 7.025, 9.975, 7.475], "texture": "#texture"},
				"south": {"uv": [6.025, 7.025, 9.975, 7.475], "texture": "#texture"},
				"west": {"uv": [6.025, 7.025, 9.975, 7.475], "texture": "#texture"},
				"up": {"uv": [11.025, 8.025, 14.975, 11.975], "rotation": 180, "texture": "#3"}
			}
		},
		{
			"name": "glass",
			"from": [5.5, 8.2, 5.5],
			"to": [10.5, 8.7, 10.5],
			"faces": {
				"north": {"uv": [5.525, 7.525, 10.475, 7.975], "texture": "#texture"},
				"east": {"uv": [5.525, 7.525, 10.475, 7.975], "texture": "#texture"},
				"south": {"uv": [5.525, 7.525, 10.475, 7.975], "texture": "#texture"},
				"west": {"uv": [5.525, 7.525, 10.475, 7.975], "texture": "#texture"},
				"up": {"uv": [6.025, 8.025, 10.975, 12.975], "rotation": 180, "texture": "#3"}
			}
		},
		{
			"name": "glass",
			"from": [5, 2.2, 5],
			"to": [11, 2.7, 11],
			"faces": {
				"north": {"uv": [5.025, 13.525, 10.975, 13.975], "texture": "#texture"},
				"east": {"uv": [5.025, 13.525, 10.975, 13.975], "texture": "#texture"},
				"south": {"uv": [5.025, 13.525, 10.975, 13.975], "texture": "#texture"},
				"west": {"uv": [5.025, 13.525, 10.975, 13.975], "texture": "#texture"},
				"down": {"uv": [0.025, 8.025, 5.975, 13.975], "rotation": 180, "texture": "#2"}
			}
		},
		{
			"name": "glass",
			"from": [5, 7.7, 5],
			"to": [11, 8.2, 11],
			"faces": {
				"north": {"uv": [5.025, 8.025, 10.975, 8.475], "texture": "#texture"},
				"east": {"uv": [5.025, 8.025, 10.975, 8.475], "texture": "#texture"},
				"south": {"uv": [5.025, 8.025, 10.975, 8.475], "texture": "#texture"},
				"west": {"uv": [5.025, 8.025, 10.975, 8.475], "texture": "#texture"},
				"up": {"uv": [0.025, 8.025, 5.975, 13.975], "rotation": 180, "texture": "#3"}
			}
		},
		{
			"name": "glass",
			"from": [4.5, 6.7, 4.5],
			"to": [11.5, 7.7, 11.5],
			"faces": {
				"north": {"uv": [4.525, 8.525, 11.475, 9.475], "texture": "#texture"},
				"east": {"uv": [4.525, 8.525, 11.475, 9.475], "texture": "#texture"},
				"south": {"uv": [4.525, 8.525, 11.475, 9.475], "texture": "#texture"},
				"west": {"uv": [4.525, 8.525, 11.475, 9.475], "texture": "#texture"},
				"up": {"uv": [8.025, 0.025, 14.975, 6.975], "rotation": 180, "texture": "#3"}
			}
		},
		{
			"name": "glass",
			"from": [4.5, 2.7, 4.5],
			"to": [11.5, 3.2, 11.5],
			"faces": {
				"north": {"uv": [4.525, 13.025, 11.475, 13.475], "texture": "#texture"},
				"east": {"uv": [4.525, 13.025, 11.475, 13.475], "texture": "#texture"},
				"south": {"uv": [4.525, 13.025, 11.475, 13.475], "texture": "#texture"},
				"west": {"uv": [4.525, 13.025, 11.475, 13.475], "texture": "#texture"},
				"down": {"uv": [8.025, 0.025, 14.975, 6.975], "rotation": 180, "texture": "#2"}
			}
		},
		{
			"name": "glass",
			"from": [4, 3.2, 4],
			"to": [12, 6.7, 12],
			"faces": {
				"north": {"uv": [4.025, 9.525, 11.975, 12.975], "texture": "#texture"},
				"east": {"uv": [4.025, 9.525, 11.975, 12.975], "texture": "#texture"},
				"south": {"uv": [4.025, 9.525, 11.975, 12.975], "texture": "#texture"},
				"west": {"uv": [4.025, 9.525, 11.975, 12.975], "texture": "#texture"},
				"up": {"uv": [0.025, 0.025, 7.975, 7.975], "rotation": 180, "texture": "#3"},
				"down": {"uv": [0.025, 0.025, 7.975, 7.975], "rotation": 180, "texture": "#2"}
			}
		}
	],
	"groups": [
		{
			"name": "cork",
			"origin": [8, 8, 8],
			"children": [0]
		},
		{
			"name": "model_glass_bottle",
			"origin": [8, 8, 8],
			"children": [1, 2, 3, 4, 5, 6, 7, 8, 9, 10, 11, 12, 13]
		}
	]
}