{
	"credit": "Made with Blockbench by Juknum",
	"parent": "block/block",
	"textures": {
		"3": "blocks/furnace_top",
		"platform": "blocks/piston_top_normal",
		"side": "blocks/piston_side",
		"particle": "blocks/piston_side",
		"unsticky": "blocks/piston_top_normal"
	},
	"elements": [
		{
			"from": [-0.25, 11.75, -0.25],
			"to": [2, 16.25, 2],
			"faces": {
				"north": {"uv": [0, 0, 2, 4], "texture": "#side", "cullface": "down"},
				"east": {"uv": [0, 0, 2, 4], "texture": "#side"},
				"south": {"uv": [0, 0, 2, 4], "texture": "#side"},
				"west": {"uv": [0, 0, 2, 4], "texture": "#side", "cullface": "west"},
				"up": {"uv": [14, 14, 16, 16], "rotation": 180, "texture": "#platform"},
				"down": {"uv": [0, 14, 2, 16], "texture": "#unsticky"}
			}
		},
		{
			"from": [7, 11.75, -0.25],
			"to": [9, 16.25, 2],
			"faces": {
				"north": {"uv": [0, 0, 2, 4], "texture": "#side", "cullface": "down"},
				"east": {"uv": [0, 0, 2, 4], "texture": "#side"},
				"south": {"uv": [0, 0, 2, 4], "texture": "#side"},
				"west": {"uv": [0, 0, 2, 4], "texture": "#side"},
				"up": {"uv": [7, 14, 9, 16], "rotation": 180, "texture": "#platform"},
				"down": {"uv": [7, 14, 9, 16], "texture": "#unsticky"}
			}
		},
		{
			"from": [14, 11.75, -0.25],
			"to": [16.25, 16.25, 2],
			"faces": {
				"north": {"uv": [0, 0, 2, 4], "texture": "#side", "cullface": "down"},
				"east": {"uv": [0, 0, 2, 4], "texture": "#side", "cullface": "east"},
				"south": {"uv": [0, 0, 2, 4], "texture": "#side"},
				"west": {"uv": [0, 0, 2, 4], "texture": "#side"},
				"up": {"uv": [0, 14, 2, 16], "rotation": 180, "texture": "#platform"},
				"down": {"uv": [14, 14, 16, 16], "texture": "#unsticky"}
			}
		},
		{
			"from": [14, 11.75, 14],
			"to": [16.25, 16.25, 16.25],
			"faces": {
				"north": {"uv": [14, 0, 16, 4], "texture": "#side"},
				"east": {"uv": [14, 0, 16, 4], "texture": "#side", "cullface": "east"},
				"south": {"uv": [14, 0, 16, 4], "texture": "#side", "cullface": "up"},
				"west": {"uv": [14, 0, 16, 4], "texture": "#side"},
				"up": {"uv": [0, 0, 2, 2], "rotation": 180, "texture": "#platform"},
				"down": {"uv": [14, 0, 16, 2], "texture": "#unsticky"}
			}
		},
		{
			"from": [14, 11.75, 7],
			"to": [16.25, 16.25, 9],
			"faces": {
				"north": {"uv": [7, 0, 9, 4], "texture": "#side"},
				"east": {"uv": [7, 0, 9, 4], "texture": "#side", "cullface": "east"},
				"south": {"uv": [7, 0, 9, 4], "texture": "#side"},
				"west": {"uv": [7, 0, 9, 4], "texture": "#side"},
				"up": {"uv": [0, 7, 2, 9], "rotation": 180, "texture": "#platform"},
				"down": {"uv": [14, 7, 16, 9], "texture": "#unsticky"}
			}
		},
		{
			"from": [7, 11.75, 14],
			"to": [9, 16.25, 16.25],
			"faces": {
				"north": {"uv": [14, 0, 16, 4], "texture": "#side"},
				"east": {"uv": [14, 0, 16, 4], "texture": "#side"},
				"south": {"uv": [14, 0, 16, 4], "texture": "#side", "cullface": "up"},
				"west": {"uv": [14, 0, 16, 4], "texture": "#side"},
				"up": {"uv": [7, 0, 9, 2], "rotation": 180, "texture": "#platform"},
				"down": {"uv": [7, 0, 9, 2], "texture": "#unsticky"}
			}
		},
		{
			"from": [-0.25, 11.75, 14],
			"to": [2, 16.25, 16.25],
			"faces": {
				"north": {"uv": [14, 0, 16, 4], "texture": "#side"},
				"east": {"uv": [14, 0, 16, 4], "texture": "#side"},
				"south": {"uv": [14, 0, 16, 4], "texture": "#side", "cullface": "up"},
				"west": {"uv": [14, 0, 16, 4], "texture": "#side", "cullface": "west"},
				"up": {"uv": [14, 0, 16, 2], "rotation": 180, "texture": "#platform"},
				"down": {"uv": [0, 0, 2, 2], "texture": "#unsticky"}
			}
		},
		{
			"from": [0, 0, 0],
			"to": [16, 16, 16],
			"faces": {
				"north": {"uv": [0, 0, 16, 16], "texture": "#side"},
				"east": {"uv": [0, 0, 16, 16], "texture": "#side"},
				"south": {"uv": [0, 0, 16, 16], "texture": "#side"},
				"west": {"uv": [0, 0, 16, 16], "texture": "#side"},
				"up": {"uv": [0, 0, 16, 16], "rotation": 180, "texture": "#platform"},
				"down": {"uv": [0, 0, 16, 16], "texture": "#3"}
			}
		},
		{
			"from": [-0.25, 11.75, 7],
			"to": [2, 16.25, 9],
			"faces": {
				"north": {"uv": [7, 0, 9, 4], "texture": "#side"},
				"east": {"uv": [7, 0, 9, 4], "texture": "#side"},
				"south": {"uv": [7, 0, 9, 4], "texture": "#side"},
				"west": {"uv": [7, 0, 9, 4], "texture": "#side", "cullface": "west"},
				"up": {"uv": [14, 7, 16, 9], "rotation": 180, "texture": "#platform"},
				"down": {"uv": [0, 7, 2, 9], "texture": "#unsticky"}
			}
		}
	]
}