{
	"credit": "Made with Blockbench",
	"parent": "item/generic_display",
	"textures": {
		"layer0": "items/shears",
		"particle": "items/shears"
	},
	"elements": [
		{
			"name": "shears_0",
			"from": [9, 13.5, 7.55],
			"to": [9.5, 14, 8.45],
			"faces": {
				"north": {"uv": [9.025, 2.475, 9.475, 2.025], "rotation": 180, "texture": "#layer0"},
				"south": {"uv": [9.025, 2.025, 9.475, 2.475], "texture": "#layer0"},
				"west": {"uv": [9.025, 2.025, 9.475, 2.475], "texture": "#layer0"},
				"up": {"uv": [9.475, 2.025, 9.025, 2.475], "rotation": 180, "texture": "#layer0"}
			}
		},
		{
			"name": "shears_1",
			"from": [9.5, 13.5, 7.55],
			"to": [10, 14, 8.45],
			"faces": {
				"north": {"uv": [9.525, 2.475, 9.975, 2.025], "rotation": 180, "texture": "#layer0"},
				"south": {"uv": [9.525, 2.025, 9.975, 2.475], "texture": "#layer0"},
				"up": {"uv": [9.975, 2.025, 9.525, 2.475], "rotation": 180, "texture": "#layer0"}
			}
		},
		{
			"name": "shears_2",
			"from": [10, 13.5, 7.55],
			"to": [10.5, 14, 8.45],
			"faces": {
				"north": {"uv": [10.025, 2.475, 10.475, 2.025], "rotation": 180, "texture": "#layer0"},
				"south": {"uv": [10.025, 2.025, 10.475, 2.475], "texture": "#layer0"},
				"up": {"uv": [10.475, 2.025, 10.025, 2.475], "rotation": 180, "texture": "#layer0"}
			}
		},
		{
			"name": "shears_3",
			"from": [10.5, 13.5, 7.55],
			"to": [11, 14, 8.45],
			"faces": {
				"north": {"uv": [10.525, 2.475, 10.975, 2.025], "rotation": 180, "texture": "#layer0"},
				"east": {"uv": [10.525, 2.025, 10.975, 2.475], "texture": "#layer0"},
				"south": {"uv": [10.525, 2.025, 10.975, 2.475], "texture": "#layer0"},
				"up": {"uv": [10.975, 2.025, 10.525, 2.475], "rotation": 180, "texture": "#layer0"}
			}
		},
		{
			"name": "shears_4",
			"from": [8, 13, 7.55],
			"to": [8.5, 13.5, 8.45],
			"faces": {
				"north": {"uv": [8.025, 2.975, 8.475, 2.525], "rotation": 180, "texture": "#layer0"},
				"south": {"uv": [8.025, 2.525, 8.475, 2.975], "texture": "#layer0"},
				"west": {"uv": [8.025, 2.525, 8.475, 2.975], "texture": "#layer0"},
				"up": {"uv": [8.475, 2.525, 8.025, 2.975], "rotation": 180, "texture": "#layer0"}
			}
		},
		{
			"name": "shears_5",
			"from": [8.5, 13, 7.55],
			"to": [9, 13.5, 8.45],
			"faces": {
				"north": {"uv": [8.525, 2.975, 8.975, 2.525], "rotation": 180, "texture": "#layer0"},
				"south": {"uv": [8.525, 2.525, 8.975, 2.975], "texture": "#layer0"},
				"up": {"uv": [8.975, 2.525, 8.525, 2.975], "rotation": 180, "texture": "#layer0"}
			}
		},
		{
			"name": "shears_6",
			"from": [9, 13, 7.35],
			"to": [9.5, 13.5, 8.65],
			"faces": {
				"north": {"uv": [9.025, 2.975, 9.475, 2.525], "rotation": 180, "texture": "#layer0"},
				"south": {"uv": [9.025, 2.525, 9.475, 2.975], "texture": "#layer0"},
				"west": {"uv": [9.025, 2.525, 9.475, 2.975], "texture": "#layer0"},
				"up": {"uv": [9.475, 2.525, 9.025, 2.975], "rotation": 180, "texture": "#layer0"},
				"down": {"uv": [9.025, 2.525, 9.475, 2.975], "texture": "#layer0"}
			}
		},
		{
			"name": "shears_7",
			"from": [9.5, 13, 7.35],
			"to": [10, 13.5, 8.65],
			"faces": {
				"north": {"uv": [9.525, 2.975, 9.975, 2.525], "rotation": 180, "texture": "#layer0"},
				"east": {"uv": [9.525, 2.525, 9.975, 2.975], "texture": "#layer0"},
				"south": {"uv": [9.525, 2.525, 9.975, 2.975], "texture": "#layer0"},
				"up": {"uv": [9.975, 2.525, 9.525, 2.975], "rotation": 180, "texture": "#layer0"},
				"down": {"uv": [9.525, 2.525, 9.975, 2.975], "texture": "#layer0"}
			}
		},
		{
			"name": "shears_8",
			"from": [10, 13, 7.55],
			"to": [10.5, 13.5, 8.45],
			"faces": {
				"north": {"uv": [10.025, 2.975, 10.475, 2.525], "rotation": 180, "texture": "#layer0"},
				"south": {"uv": [10.025, 2.525, 10.475, 2.975], "texture": "#layer0"},
				"down": {"uv": [10.025, 2.525, 10.475, 2.975], "texture": "#layer0"}
			}
		},
		{
			"name": "shears_9",
			"from": [10.5, 13, 7.55],
			"to": [11, 13.5, 8.45],
			"faces": {
				"north": {"uv": [10.525, 2.975, 10.975, 2.525], "rotation": 180, "texture": "#layer0"},
				"south": {"uv": [10.525, 2.525, 10.975, 2.975], "texture": "#layer0"},
				"down": {"uv": [10.525, 2.525, 10.975, 2.975], "texture": "#layer0"}
			}
		},
		{
			"name": "shears_10",
			"from": [11, 13, 7.55],
			"to": [11.5, 13.5, 8.45],
			"faces": {
				"north": {"uv": [11.025, 2.975, 11.475, 2.525], "rotation": 180, "texture": "#layer0"},
				"east": {"uv": [11.025, 2.525, 11.475, 2.975], "texture": "#layer0"},
				"south": {"uv": [11.025, 2.525, 11.475, 2.975], "texture": "#layer0"},
				"up": {"uv": [11.475, 2.525, 11.025, 2.975], "rotation": 180, "texture": "#layer0"},
				"down": {"uv": [11.025, 2.525, 11.475, 2.975], "texture": "#layer0"}
			}
		},
		{
			"name": "shears_11",
			"from": [7.5, 12.5, 7.55],
			"to": [8, 13, 8.45],
			"faces": {
				"north": {"uv": [7.525, 3.475, 7.975, 3.025], "rotation": 180, "texture": "#layer0"},
				"south": {"uv": [7.525, 3.025, 7.975, 3.475], "texture": "#layer0"},
				"west": {"uv": [7.525, 3.025, 7.975, 3.475], "texture": "#layer0"},
				"up": {"uv": [7.975, 3.025, 7.525, 3.475], "rotation": 180, "texture": "#layer0"}
			}
		},
		{
			"name": "shears_12",
			"from": [8, 12.5, 7.35],
			"to": [8.5, 13, 8.65],
			"faces": {
				"north": {"uv": [8.025, 3.475, 8.475, 3.025], "rotation": 180, "texture": "#layer0"},
				"south": {"uv": [8.025, 3.025, 8.475, 3.475], "texture": "#layer0"},
				"west": {"uv": [8.025, 3.025, 8.475, 3.475], "texture": "#layer0"},
				"up": {"uv": [8.475, 3.025, 8.025, 3.475], "rotation": 180, "texture": "#layer0"}
			}
		},
		{
			"name": "shears_13",
			"from": [8.5, 12.5, 7.35],
			"to": [9, 13, 8.65],
			"faces": {
				"north": {"uv": [8.525, 3.475, 8.975, 3.025], "rotation": 180, "texture": "#layer0"},
				"east": {"uv": [8.525, 3.025, 8.975, 3.475], "texture": "#layer0"},
				"south": {"uv": [8.525, 3.025, 8.975, 3.475], "texture": "#layer0"},
				"up": {"uv": [8.975, 3.025, 8.525, 3.475], "rotation": 180, "texture": "#layer0"},
				"down": {"uv": [8.525, 3.025, 8.975, 3.475], "texture": "#layer0"}
			}
		},
		{
			"name": "shears_14",
			"from": [9, 12.5, 7.55],
			"to": [9.5, 13, 8.45],
			"faces": {
				"north": {"uv": [9.025, 3.475, 9.475, 3.025], "rotation": 180, "texture": "#layer0"},
				"south": {"uv": [9.025, 3.025, 9.475, 3.475], "texture": "#layer0"},
				"down": {"uv": [9.025, 3.025, 9.475, 3.475], "texture": "#layer0"}
			}
		},
		{
			"name": "shears_15",
			"from": [9.5, 12.5, 7.55],
			"to": [10, 13, 8.45],
			"faces": {
				"north": {"uv": [9.525, 3.475, 9.975, 3.025], "rotation": 180, "texture": "#layer0"},
				"east": {"uv": [9.525, 3.025, 9.975, 3.475], "texture": "#layer0"},
				"south": {"uv": [9.525, 3.025, 9.975, 3.475], "texture": "#layer0"},
				"down": {"uv": [9.525, 3.025, 9.975, 3.475], "texture": "#layer0"}
			}
		},
		{
			"name": "shears_16",
			"from": [10, 12.5, 7.75],
			"to": [10.5, 13, 8.25],
			"faces": {
				"north": {"uv": [10.025, 3.475, 10.475, 3.025], "rotation": 180, "texture": "#layer0"},
				"south": {"uv": [10.025, 3.025, 10.475, 3.475], "texture": "#layer0"}
			}
		},
		{
			"name": "shears_17",
			"from": [10.5, 12.5, 7.75],
			"to": [11, 13, 8.25],
			"faces": {
				"north": {"uv": [10.525, 3.475, 10.975, 3.025], "rotation": 180, "texture": "#layer0"},
				"south": {"uv": [10.525, 3.025, 10.975, 3.475], "texture": "#layer0"}
			}
		},
		{
			"name": "shears_18",
			"from": [11, 12.5, 7.75],
			"to": [11.5, 13, 8.25],
			"faces": {
				"north": {"uv": [11.025, 3.475, 11.475, 3.025], "rotation": 180, "texture": "#layer0"},
				"south": {"uv": [11.025, 3.025, 11.475, 3.475], "texture": "#layer0"}
			}
		},
		{
			"name": "shears_19",
			"from": [11.5, 12.5, 7.75],
			"to": [12, 13, 8.25],
			"faces": {
				"north": {"uv": [11.525, 3.475, 11.975, 3.025], "rotation": 180, "texture": "#layer0"},
				"east": {"uv": [11.525, 3.025, 11.975, 3.475], "texture": "#layer0"},
				"south": {"uv": [11.525, 3.025, 11.975, 3.475], "texture": "#layer0"},
				"up": {"uv": [11.975, 3.025, 11.525, 3.475], "rotation": 180, "texture": "#layer0"},
				"down": {"uv": [11.525, 3.025, 11.975, 3.475], "texture": "#layer0"}
			}
		},
		{
			"name": "shears_20",
			"from": [7, 12, 7.55],
			"to": [7.5, 12.5, 8.45],
			"faces": {
				"north": {"uv": [7.025, 3.975, 7.475, 3.525], "rotation": 180, "texture": "#layer0"},
				"south": {"uv": [7.025, 3.525, 7.475, 3.975], "texture": "#layer0"},
				"west": {"uv": [7.025, 3.525, 7.475, 3.975], "texture": "#layer0"},
				"up": {"uv": [7.475, 3.525, 7.025, 3.975], "rotation": 180, "texture": "#layer0"}
			}
		},
		{
			"name": "shears_21",
			"from": [7.5, 12, 7.35],
			"to": [8, 12.5, 8.65],
			"faces": {
				"north": {"uv": [7.525, 3.975, 7.975, 3.525], "rotation": 180, "texture": "#layer0"},
				"south": {"uv": [7.525, 3.525, 7.975, 3.975], "texture": "#layer0"},
				"west": {"uv": [7.525, 3.525, 7.975, 3.975], "texture": "#layer0"},
				"up": {"uv": [7.975, 3.525, 7.525, 3.975], "rotation": 180, "texture": "#layer0"}
			}
		},
		{
			"name": "shears_22",
			"from": [8, 12, 7.35],
			"to": [8.5, 12.5, 8.65],
			"faces": {
				"north": {"uv": [8.025, 3.975, 8.475, 3.525], "rotation": 180, "texture": "#layer0"},
				"east": {"uv": [8.025, 3.525, 8.475, 3.975], "texture": "#layer0"},
				"south": {"uv": [8.025, 3.525, 8.475, 3.975], "texture": "#layer0"},
				"down": {"uv": [8.025, 3.525, 8.475, 3.975], "texture": "#layer0"}
			}
		},
		{
			"name": "shears_23",
			"from": [8.5, 12, 7.55],
			"to": [9, 12.5, 8.45],
			"faces": {
				"north": {"uv": [8.525, 3.975, 8.975, 3.525], "rotation": 180, "texture": "#layer0"},
				"east": {"uv": [8.525, 3.525, 8.975, 3.975], "texture": "#layer0"},
				"south": {"uv": [8.525, 3.525, 8.975, 3.975], "texture": "#layer0"},
				"down": {"uv": [8.525, 3.525, 8.975, 3.975], "texture": "#layer0"}
			}
		},
		{
			"name": "shears_24",
			"from": [9, 12, 7.75],
			"to": [9.5, 12.5, 8.25],
			"faces": {
				"north": {"uv": [9.025, 3.975, 9.475, 3.525], "rotation": 180, "texture": "#layer0"},
				"south": {"uv": [9.025, 3.525, 9.475, 3.975], "texture": "#layer0"}
			}
		},
		{
			"name": "shears_25",
			"from": [9.5, 12, 7.75],
			"to": [10, 12.5, 8.25],
			"faces": {
				"north": {"uv": [9.525, 3.975, 9.975, 3.525], "rotation": 180, "texture": "#layer0"},
				"south": {"uv": [9.525, 3.525, 9.975, 3.975], "texture": "#layer0"}
			}
		},
		{
			"name": "shears_26",
			"from": [10, 12, 7.75],
			"to": [10.5, 12.5, 8.25],
			"faces": {
				"north": {"uv": [10.025, 3.975, 10.475, 3.525], "rotation": 180, "texture": "#layer0"},
				"south": {"uv": [10.025, 3.525, 10.475, 3.975], "texture": "#layer0"}
			}
		},
		{
			"name": "shears_27",
			"from": [10.5, 12, 7.75],
			"to": [11, 12.5, 8.25],
			"faces": {
				"north": {"uv": [10.525, 3.975, 10.975, 3.525], "rotation": 180, "texture": "#layer0"},
				"south": {"uv": [10.525, 3.525, 10.975, 3.975], "texture": "#layer0"}
			}
		},
		{
			"name": "shears_28",
			"from": [11, 12, 7.75],
			"to": [11.5, 12.5, 8.25],
			"faces": {
				"north": {"uv": [11.025, 3.975, 11.475, 3.525], "rotation": 180, "texture": "#layer0"},
				"east": {"uv": [11.025, 3.525, 11.475, 3.975], "texture": "#layer0"},
				"south": {"uv": [11.025, 3.525, 11.475, 3.975], "texture": "#layer0"},
				"down": {"uv": [11.025, 3.525, 11.475, 3.975], "texture": "#layer0"}
			}
		},
		{
			"name": "shears_29",
			"from": [6.5, 11.5, 7.55],
			"to": [7, 12, 8.45],
			"faces": {
				"north": {"uv": [6.525, 4.475, 6.975, 4.025], "rotation": 180, "texture": "#layer0"},
				"south": {"uv": [6.525, 4.025, 6.975, 4.475], "texture": "#layer0"},
				"west": {"uv": [6.525, 4.025, 6.975, 4.475], "texture": "#layer0"},
				"up": {"uv": [6.975, 4.025, 6.525, 4.475], "rotation": 180, "texture": "#layer0"}
			}
		},
		{
			"name": "shears_30",
			"from": [7, 11.5, 7.35],
			"to": [7.5, 12, 8.65],
			"faces": {
				"north": {"uv": [7.025, 4.475, 7.475, 4.025], "rotation": 180, "texture": "#layer0"},
				"south": {"uv": [7.025, 4.025, 7.475, 4.475], "texture": "#layer0"},
				"west": {"uv": [7.025, 4.025, 7.475, 4.475], "texture": "#layer0"},
				"up": {"uv": [7.475, 4.025, 7.025, 4.475], "rotation": 180, "texture": "#layer0"}
			}
		},
		{
			"name": "shears_31",
			"from": [7.5, 11.5, 7.35],
			"to": [8, 12, 8.65],
			"faces": {
				"north": {"uv": [7.525, 4.475, 7.975, 4.025], "rotation": 180, "texture": "#layer0"},
				"east": {"uv": [7.525, 4.025, 7.975, 4.475], "texture": "#layer0"},
				"south": {"uv": [7.525, 4.025, 7.975, 4.475], "texture": "#layer0"},
				"down": {"uv": [7.525, 4.025, 7.975, 4.475], "texture": "#layer0"}
			}
		},
		{
			"name": "shears_32",
			"from": [8, 11.5, 7.55],
			"to": [8.5, 12, 8.45],
			"faces": {
				"north": {"uv": [8.025, 4.475, 8.475, 4.025], "rotation": 180, "texture": "#layer0"},
				"east": {"uv": [8.025, 4.025, 8.475, 4.475], "texture": "#layer0"},
				"south": {"uv": [8.025, 4.025, 8.475, 4.475], "texture": "#layer0"},
				"down": {"uv": [8.025, 4.025, 8.475, 4.475], "texture": "#layer0"}
			}
		},
		{
			"name": "shears_33",
			"from": [8.5, 11.5, 7.75],
			"to": [9, 12, 8.25],
			"faces": {
				"north": {"uv": [8.525, 4.475, 8.975, 4.025], "rotation": 180, "texture": "#layer0"},
				"south": {"uv": [8.525, 4.025, 8.975, 4.475], "texture": "#layer0"}
			}
		},
		{
			"name": "shears_34",
			"from": [9, 11.5, 7.75],
			"to": [9.5, 12, 8.25],
			"faces": {
				"north": {"uv": [9.025, 4.475, 9.475, 4.025], "rotation": 180, "texture": "#layer0"},
				"south": {"uv": [9.025, 4.025, 9.475, 4.475], "texture": "#layer0"}
			}
		},
		{
			"name": "shears_35",
			"from": [9.5, 11.5, 7.75],
			"to": [10, 12, 8.25],
			"faces": {
				"north": {"uv": [9.525, 4.475, 9.975, 4.025], "rotation": 180, "texture": "#layer0"},
				"south": {"uv": [9.525, 4.025, 9.975, 4.475], "texture": "#layer0"}
			}
		},
		{
			"name": "shears_36",
			"from": [10, 11.5, 7.75],
			"to": [10.5, 12, 8.25],
			"faces": {
				"north": {"uv": [10.025, 4.475, 10.475, 4.025], "rotation": 180, "texture": "#layer0"},
				"south": {"uv": [10.025, 4.025, 10.475, 4.475], "texture": "#layer0"}
			}
		},
		{
			"name": "shears_37",
			"from": [10.5, 11.5, 7.75],
			"to": [11, 12, 8.25],
			"faces": {
				"north": {"uv": [10.525, 4.475, 10.975, 4.025], "rotation": 180, "texture": "#layer0"},
				"east": {"uv": [10.525, 4.025, 10.975, 4.475], "texture": "#layer0"},
				"south": {"uv": [10.525, 4.025, 10.975, 4.475], "texture": "#layer0"},
				"down": {"uv": [10.525, 4.025, 10.975, 4.475], "texture": "#layer0"}
			}
		},
		{
			"name": "shears_38",
			"from": [12.5, 11.5, 7.75],
			"to": [13, 12, 8.25],
			"faces": {
				"north": {"uv": [12.525, 4.475, 12.975, 4.025], "rotation": 180, "texture": "#layer0"},
				"east": {"uv": [12.525, 4.025, 12.975, 4.475], "texture": "#layer0"},
				"south": {"uv": [12.525, 4.025, 12.975, 4.475], "texture": "#layer0"},
				"west": {"uv": [12.525, 4.025, 12.975, 4.475], "texture": "#layer0"},
				"up": {"uv": [12.975, 4.025, 12.525, 4.475], "rotation": 180, "texture": "#layer0"}
			}
		},
		{
			"name": "shears_39",
			"from": [6, 11, 7.55],
			"to": [6.5, 11.5, 8.45],
			"faces": {
				"north": {"uv": [6.025, 4.975, 6.475, 4.525], "rotation": 180, "texture": "#layer0"},
				"south": {"uv": [6.025, 4.525, 6.475, 4.975], "texture": "#layer0"},
				"west": {"uv": [6.025, 4.525, 6.475, 4.975], "texture": "#layer0"},
				"up": {"uv": [6.475, 4.525, 6.025, 4.975], "rotation": 180, "texture": "#layer0"}
			}
		},
		{
			"name": "shears_40",
			"from": [6.5, 11, 7.35],
			"to": [7, 11.5, 8.65],
			"faces": {
				"north": {"uv": [6.525, 4.975, 6.975, 4.525], "rotation": 180, "texture": "#layer0"},
				"south": {"uv": [6.525, 4.525, 6.975, 4.975], "texture": "#layer0"},
				"west": {"uv": [6.525, 4.525, 6.975, 4.975], "texture": "#layer0"},
				"up": {"uv": [6.975, 4.525, 6.525, 4.975], "rotation": 180, "texture": "#layer0"}
			}
		},
		{
			"name": "shears_41",
			"from": [7, 11, 7.35],
			"to": [7.5, 11.5, 8.65],
			"faces": {
				"north": {"uv": [7.025, 4.975, 7.475, 4.525], "rotation": 180, "texture": "#layer0"},
				"east": {"uv": [7.025, 4.525, 7.475, 4.975], "texture": "#layer0"},
				"south": {"uv": [7.025, 4.525, 7.475, 4.975], "texture": "#layer0"},
				"down": {"uv": [7.025, 4.525, 7.475, 4.975], "texture": "#layer0"}
			}
		},
		{
			"name": "shears_42",
			"from": [7.5, 11, 7.55],
			"to": [8, 11.5, 8.45],
			"faces": {
				"north": {"uv": [7.525, 4.975, 7.975, 4.525], "rotation": 180, "texture": "#layer0"},
				"east": {"uv": [7.525, 4.525, 7.975, 4.975], "texture": "#layer0"},
				"south": {"uv": [7.525, 4.525, 7.975, 4.975], "texture": "#layer0"},
				"down": {"uv": [7.525, 4.525, 7.975, 4.975], "texture": "#layer0"}
			}
		},
		{
			"name": "shears_43",
			"from": [8, 11, 7.75],
			"to": [8.5, 11.5, 8.25],
			"faces": {
				"north": {"uv": [8.025, 4.975, 8.475, 4.525], "rotation": 180, "texture": "#layer0"},
				"south": {"uv": [8.025, 4.525, 8.475, 4.975], "texture": "#layer0"}
			}
		},
		{
			"name": "shears_44",
			"from": [8.5, 11, 7.75],
			"to": [9, 11.5, 8.25],
			"faces": {
				"north": {"uv": [8.525, 4.975, 8.975, 4.525], "rotation": 180, "texture": "#layer0"},
				"south": {"uv": [8.525, 4.525, 8.975, 4.975], "texture": "#layer0"}
			}
		},
		{
			"name": "shears_45",
			"from": [9, 11, 7.75],
			"to": [9.5, 11.5, 8.25],
			"faces": {
				"north": {"uv": [9.025, 4.975, 9.475, 4.525], "rotation": 180, "texture": "#layer0"},
				"south": {"uv": [9.025, 4.525, 9.475, 4.975], "texture": "#layer0"}
			}
		},
		{
			"name": "shears_46",
			"from": [9.5, 11, 7.75],
			"to": [10, 11.5, 8.25],
			"faces": {
				"north": {"uv": [9.525, 4.975, 9.975, 4.525], "rotation": 180, "texture": "#layer0"},
				"south": {"uv": [9.525, 4.525, 9.975, 4.975], "texture": "#layer0"}
			}
		},
		{
			"name": "shears_47",
			"from": [10, 11, 7.75],
			"to": [10.5, 11.5, 8.25],
			"faces": {
				"north": {"uv": [10.025, 4.975, 10.475, 4.525], "rotation": 180, "texture": "#layer0"},
				"east": {"uv": [10.025, 4.525, 10.475, 4.975], "texture": "#layer0"},
				"south": {"uv": [10.025, 4.525, 10.475, 4.975], "texture": "#layer0"},
				"down": {"uv": [10.025, 4.525, 10.475, 4.975], "texture": "#layer0"}
			}
		},
		{
			"name": "shears_48",
			"from": [12, 11, 7.75],
			"to": [12.5, 11.5, 8.25],
			"faces": {
				"north": {"uv": [12.025, 4.975, 12.475, 4.525], "rotation": 180, "texture": "#layer0"},
				"south": {"uv": [12.025, 4.525, 12.475, 4.975], "texture": "#layer0"},
				"west": {"uv": [12.025, 4.525, 12.475, 4.975], "texture": "#layer0"},
				"up": {"uv": [12.475, 4.525, 12.025, 4.975], "rotation": 180, "texture": "#layer0"}
			}
		},
		{
			"name": "shears_49",
			"from": [12.5, 11, 7.75],
			"to": [13, 11.5, 8.25],
			"faces": {
				"north": {"uv": [12.525, 4.975, 12.975, 4.525], "rotation": 180, "texture": "#layer0"},
				"south": {"uv": [12.525, 4.525, 12.975, 4.975], "texture": "#layer0"}
			}
		},
		{
			"name": "shears_50",
			"from": [13, 11, 7.55],
			"to": [13.5, 11.5, 8.45],
			"faces": {
				"north": {"uv": [13.025, 4.975, 13.475, 4.525], "rotation": 180, "texture": "#layer0"},
				"east": {"uv": [13.025, 4.525, 13.475, 4.975], "texture": "#layer0"},
				"south": {"uv": [13.025, 4.525, 13.475, 4.975], "texture": "#layer0"},
				"west": {"uv": [13.025, 4.525, 13.475, 4.975], "texture": "#layer0"},
				"up": {"uv": [13.475, 4.525, 13.025, 4.975], "rotation": 180, "texture": "#layer0"}
			}
		},
		{
			"name": "shears_51",
			"from": [5.5, 10.5, 7.55],
			"to": [6, 11, 8.45],
			"faces": {
				"north": {"uv": [5.525, 5.475, 5.975, 5.025], "rotation": 180, "texture": "#layer0"},
				"south": {"uv": [5.525, 5.025, 5.975, 5.475], "texture": "#layer0"},
				"west": {"uv": [5.525, 5.025, 5.975, 5.475], "texture": "#layer0"},
				"up": {"uv": [5.975, 5.025, 5.525, 5.475], "rotation": 180, "texture": "#layer0"}
			}
		},
		{
			"name": "shears_52",
			"from": [6, 10.5, 7.35],
			"to": [6.5, 11, 8.65],
			"faces": {
				"north": {"uv": [6.025, 5.475, 6.475, 5.025], "rotation": 180, "texture": "#layer0"},
				"south": {"uv": [6.025, 5.025, 6.475, 5.475], "texture": "#layer0"},
				"west": {"uv": [6.025, 5.025, 6.475, 5.475], "texture": "#layer0"},
				"up": {"uv": [6.475, 5.025, 6.025, 5.475], "rotation": 180, "texture": "#layer0"}
			}
		},
		{
			"name": "shears_53",
			"from": [6.5, 10.5, 7.35],
			"to": [7, 11, 8.65],
			"faces": {
				"north": {"uv": [6.525, 5.475, 6.975, 5.025], "rotation": 180, "texture": "#layer0"},
				"east": {"uv": [6.525, 5.025, 6.975, 5.475], "texture": "#layer0"},
				"south": {"uv": [6.525, 5.025, 6.975, 5.475], "texture": "#layer0"},
				"down": {"uv": [6.525, 5.025, 6.975, 5.475], "texture": "#layer0"}
			}
		},
		{
			"name": "shears_54",
			"from": [7, 10.5, 7.55],
			"to": [7.5, 11, 8.45],
			"faces": {
				"north": {"uv": [7.025, 5.475, 7.475, 5.025], "rotation": 180, "texture": "#layer0"},
				"east": {"uv": [7.025, 5.025, 7.475, 5.475], "texture": "#layer0"},
				"south": {"uv": [7.025, 5.025, 7.475, 5.475], "texture": "#layer0"},
				"down": {"uv": [7.025, 5.025, 7.475, 5.475], "texture": "#layer0"}
			}
		},
		{
			"name": "shears_55",
			"from": [7.5, 10.5, 7.75],
			"to": [8, 11, 8.25],
			"faces": {
				"north": {"uv": [7.525, 5.475, 7.975, 5.025], "rotation": 180, "texture": "#layer0"},
				"south": {"uv": [7.525, 5.025, 7.975, 5.475], "texture": "#layer0"}
			}
		},
		{
			"name": "shears_56",
			"from": [8, 10.5, 7.75],
			"to": [8.5, 11, 8.25],
			"faces": {
				"north": {"uv": [8.025, 5.475, 8.475, 5.025], "rotation": 180, "texture": "#layer0"},
				"south": {"uv": [8.025, 5.025, 8.475, 5.475], "texture": "#layer0"}
			}
		},
		{
			"name": "shears_57",
			"from": [8.5, 10.5, 7.75],
			"to": [9, 11, 8.25],
			"faces": {
				"north": {"uv": [8.525, 5.475, 8.975, 5.025], "rotation": 180, "texture": "#layer0"},
				"south": {"uv": [8.525, 5.025, 8.975, 5.475], "texture": "#layer0"}
			}
		},
		{
			"name": "shears_58",
			"from": [9, 10.5, 7.75],
			"to": [9.5, 11, 8.25],
			"faces": {
				"north": {"uv": [9.025, 5.475, 9.475, 5.025], "rotation": 180, "texture": "#layer0"},
				"south": {"uv": [9.025, 5.025, 9.475, 5.475], "texture": "#layer0"}
			}
		},
		{
			"name": "shears_59",
			"from": [9.5, 10.5, 7.75],
			"to": [10, 11, 8.25],
			"faces": {
				"north": {"uv": [9.525, 5.475, 9.975, 5.025], "rotation": 180, "texture": "#layer0"},
				"east": {"uv": [9.525, 5.025, 9.975, 5.475], "texture": "#layer0"},
				"south": {"uv": [9.525, 5.025, 9.975, 5.475], "texture": "#layer0"},
				"down": {"uv": [9.525, 5.025, 9.975, 5.475], "texture": "#layer0"}
			}
		},
		{
			"name": "shears_60",
			"from": [11.5, 10.5, 7.75],
			"to": [12, 11, 8.25],
			"faces": {
				"north": {"uv": [11.525, 5.475, 11.975, 5.025], "rotation": 180, "texture": "#layer0"},
				"south": {"uv": [11.525, 5.025, 11.975, 5.475], "texture": "#layer0"},
				"west": {"uv": [11.525, 5.025, 11.975, 5.475], "texture": "#layer0"},
				"up": {"uv": [11.975, 5.025, 11.525, 5.475], "rotation": 180, "texture": "#layer0"}
			}
		},
		{
			"name": "shears_61",
			"from": [12, 10.5, 7.75],
			"to": [12.5, 11, 8.25],
			"faces": {
				"north": {"uv": [12.025, 5.475, 12.475, 5.025], "rotation": 180, "texture": "#layer0"},
				"south": {"uv": [12.025, 5.025, 12.475, 5.475], "texture": "#layer0"}
			}
		},
		{
			"name": "shears_62",
			"from": [12.5, 10.5, 7.75],
			"to": [13, 11, 8.25],
			"faces": {
				"north": {"uv": [12.525, 5.475, 12.975, 5.025], "rotation": 180, "texture": "#layer0"},
				"south": {"uv": [12.525, 5.025, 12.975, 5.475], "texture": "#layer0"}
			}
		},
		{
			"name": "shears_63",
			"from": [13, 10.5, 7.55],
			"to": [13.5, 11, 8.45],
			"faces": {
				"north": {"uv": [13.025, 5.475, 13.475, 5.025], "rotation": 180, "texture": "#layer0"},
				"south": {"uv": [13.025, 5.025, 13.475, 5.475], "texture": "#layer0"},
				"west": {"uv": [13.025, 5.025, 13.475, 5.475], "texture": "#layer0"}
			}
		},
		{
			"name": "shears_64",
			"from": [13.5, 10.5, 7.55],
			"to": [14, 11, 8.45],
			"faces": {
				"north": {"uv": [13.525, 5.475, 13.975, 5.025], "rotation": 180, "texture": "#layer0"},
				"east": {"uv": [13.525, 5.025, 13.975, 5.475], "texture": "#layer0"},
				"south": {"uv": [13.525, 5.025, 13.975, 5.475], "texture": "#layer0"},
				"up": {"uv": [13.975, 5.025, 13.525, 5.475], "rotation": 180, "texture": "#layer0"}
			}
		},
		{
			"name": "shears_65",
			"from": [5, 10, 7.55],
			"to": [5.5, 10.5, 8.45],
			"faces": {
				"north": {"uv": [5.025, 5.975, 5.475, 5.525], "rotation": 180, "texture": "#layer0"},
				"south": {"uv": [5.025, 5.525, 5.475, 5.975], "texture": "#layer0"},
				"west": {"uv": [5.025, 5.525, 5.475, 5.975], "texture": "#layer0"},
				"up": {"uv": [5.475, 5.525, 5.025, 5.975], "rotation": 180, "texture": "#layer0"}
			}
		},
		{
			"name": "shears_66",
			"from": [5.5, 10, 7.35],
			"to": [6, 10.5, 8.65],
			"faces": {
				"north": {"uv": [5.525, 5.975, 5.975, 5.525], "rotation": 180, "texture": "#layer0"},
				"south": {"uv": [5.525, 5.525, 5.975, 5.975], "texture": "#layer0"},
				"west": {"uv": [5.525, 5.525, 5.975, 5.975], "texture": "#layer0"},
				"up": {"uv": [5.975, 5.525, 5.525, 5.975], "rotation": 180, "texture": "#layer0"}
			}
		},
		{
			"name": "shears_67",
			"from": [6, 10, 7.35],
			"to": [6.5, 10.5, 8.65],
			"faces": {
				"north": {"uv": [6.025, 5.975, 6.475, 5.525], "rotation": 180, "texture": "#layer0"},
				"east": {"uv": [6.025, 5.525, 6.475, 5.975], "texture": "#layer0"},
				"south": {"uv": [6.025, 5.525, 6.475, 5.975], "texture": "#layer0"}
			}
		},
		{
			"name": "shears_68",
			"from": [6.5, 10, 7.55],
			"to": [7, 10.5, 8.45],
			"faces": {
				"north": {"uv": [6.525, 5.975, 6.975, 5.525], "rotation": 180, "texture": "#layer0"},
				"east": {"uv": [6.525, 5.525, 6.975, 5.975], "texture": "#layer0"},
				"south": {"uv": [6.525, 5.525, 6.975, 5.975], "texture": "#layer0"}
			}
		},
		{
			"name": "shears_69",
			"from": [7, 10, 7.75],
			"to": [7.5, 10.5, 8.25],
			"faces": {
				"north": {"uv": [7.025, 5.975, 7.475, 5.525], "rotation": 180, "texture": "#layer0"},
				"south": {"uv": [7.025, 5.525, 7.475, 5.975], "texture": "#layer0"}
			}
		},
		{
			"name": "shears_70",
			"from": [7.5, 10, 7.75],
			"to": [8, 10.5, 8.25],
			"faces": {
				"north": {"uv": [7.525, 5.975, 7.975, 5.525], "rotation": 180, "texture": "#layer0"},
				"south": {"uv": [7.525, 5.525, 7.975, 5.975], "texture": "#layer0"}
			}
		},
		{
			"name": "shears_71",
			"from": [8, 10, 7.75],
			"to": [8.5, 10.5, 8.25],
			"faces": {
				"north": {"uv": [8.025, 5.975, 8.475, 5.525], "rotation": 180, "texture": "#layer0"},
				"south": {"uv": [8.025, 5.525, 8.475, 5.975], "texture": "#layer0"}
			}
		},
		{
			"name": "shears_72",
			"from": [8.5, 10, 7.75],
			"to": [9, 10.5, 8.25],
			"faces": {
				"north": {"uv": [8.525, 5.975, 8.975, 5.525], "rotation": 180, "texture": "#layer0"},
				"south": {"uv": [8.525, 5.525, 8.975, 5.975], "texture": "#layer0"}
			}
		},
		{
			"name": "shears_73",
			"from": [9, 10, 7.75],
			"to": [9.5, 10.5, 8.25],
			"faces": {
				"north": {"uv": [9.025, 5.975, 9.475, 5.525], "rotation": 180, "texture": "#layer0"},
				"east": {"uv": [9.025, 5.525, 9.475, 5.975], "texture": "#layer0"},
				"south": {"uv": [9.025, 5.525, 9.475, 5.975], "texture": "#layer0"},
				"down": {"uv": [9.025, 5.525, 9.475, 5.975], "texture": "#layer0"}
			}
		},
		{
			"name": "shears_74",
			"from": [11, 10, 7.75],
			"to": [11.5, 10.5, 8.25],
			"faces": {
				"north": {"uv": [11.025, 5.975, 11.475, 5.525], "rotation": 180, "texture": "#layer0"},
				"south": {"uv": [11.025, 5.525, 11.475, 5.975], "texture": "#layer0"},
				"west": {"uv": [11.025, 5.525, 11.475, 5.975], "texture": "#layer0"},
				"up": {"uv": [11.475, 5.525, 11.025, 5.975], "rotation": 180, "texture": "#layer0"}
			}
		},
		{
			"name": "shears_75",
			"from": [11.5, 10, 7.75],
			"to": [12, 10.5, 8.25],
			"faces": {
				"north": {"uv": [11.525, 5.975, 11.975, 5.525], "rotation": 180, "texture": "#layer0"},
				"south": {"uv": [11.525, 5.525, 11.975, 5.975], "texture": "#layer0"}
			}
		},
		{
			"name": "shears_76",
			"from": [12, 10, 7.75],
			"to": [12.5, 10.5, 8.25],
			"faces": {
				"north": {"uv": [12.025, 5.975, 12.475, 5.525], "rotation": 180, "texture": "#layer0"},
				"south": {"uv": [12.025, 5.525, 12.475, 5.975], "texture": "#layer0"}
			}
		},
		{
			"name": "shears_77",
			"from": [12.5, 10, 7.75],
			"to": [13, 10.5, 8.25],
			"faces": {
				"north": {"uv": [12.525, 5.975, 12.975, 5.525], "rotation": 180, "texture": "#layer0"},
				"south": {"uv": [12.525, 5.525, 12.975, 5.975], "texture": "#layer0"}
			}
		},
		{
			"name": "shears_78",
			"from": [13, 10, 7.55],
			"to": [13.5, 10.5, 8.45],
			"faces": {
				"north": {"uv": [13.025, 5.975, 13.475, 5.525], "rotation": 180, "texture": "#layer0"},
				"south": {"uv": [13.025, 5.525, 13.475, 5.975], "texture": "#layer0"},
				"west": {"uv": [13.025, 5.525, 13.475, 5.975], "texture": "#layer0"}
			}
		},
		{
			"name": "shears_79",
			"from": [13.5, 10, 7.55],
			"to": [14, 10.5, 8.45],
			"faces": {
				"north": {"uv": [13.525, 5.975, 13.975, 5.525], "rotation": 180, "texture": "#layer0"},
				"east": {"uv": [13.525, 5.525, 13.975, 5.975], "texture": "#layer0"},
				"south": {"uv": [13.525, 5.525, 13.975, 5.975], "texture": "#layer0"}
			}
		},
		{
			"name": "shears_80",
			"from": [4.5, 9.5, 7.55],
			"to": [5, 10, 8.45],
			"faces": {
				"north": {"uv": [4.525, 6.475, 4.975, 6.025], "rotation": 180, "texture": "#layer0"},
				"south": {"uv": [4.525, 6.025, 4.975, 6.475], "texture": "#layer0"},
				"west": {"uv": [4.525, 6.025, 4.975, 6.475], "texture": "#layer0"},
				"up": {"uv": [4.975, 6.025, 4.525, 6.475], "rotation": 180, "texture": "#layer0"}
			}
		},
		{
			"name": "shears_81",
			"from": [5, 9.5, 7.35],
			"to": [5.5, 10, 8.65],
			"faces": {
				"north": {"uv": [5.025, 6.475, 5.475, 6.025], "rotation": 180, "texture": "#layer0"},
				"south": {"uv": [5.025, 6.025, 5.475, 6.475], "texture": "#layer0"},
				"west": {"uv": [5.025, 6.025, 5.475, 6.475], "texture": "#layer0"},
				"up": {"uv": [5.475, 6.025, 5.025, 6.475], "rotation": 180, "texture": "#layer0"}
			}
		},
		{
			"name": "shears_82",
			"from": [5.5, 9.5, 7.35],
			"to": [6, 10, 8.65],
			"faces": {
				"north": {"uv": [5.525, 6.475, 5.975, 6.025], "rotation": 180, "texture": "#layer0"},
				"south": {"uv": [5.525, 6.025, 5.975, 6.475], "texture": "#layer0"}
			}
		},
		{
			"name": "shears_83",
			"from": [6, 9.5, 7.35],
			"to": [6.5, 10, 8.65],
			"faces": {
				"north": {"uv": [6.025, 6.475, 6.475, 6.025], "rotation": 180, "texture": "#layer0"},
				"east": {"uv": [6.025, 6.025, 6.475, 6.475], "texture": "#layer0"},
				"south": {"uv": [6.025, 6.025, 6.475, 6.475], "texture": "#layer0"},
				"down": {"uv": [6.025, 6.025, 6.475, 6.475], "texture": "#layer0"}
			}
		},
		{
			"name": "shears_84",
			"from": [6.5, 9.5, 7.55],
			"to": [7, 10, 8.45],
			"faces": {
				"north": {"uv": [6.525, 6.475, 6.975, 6.025], "rotation": 180, "texture": "#layer0"},
				"east": {"uv": [6.525, 6.025, 6.975, 6.475], "texture": "#layer0"},
				"south": {"uv": [6.525, 6.025, 6.975, 6.475], "texture": "#layer0"},
				"down": {"uv": [6.525, 6.025, 6.975, 6.475], "texture": "#layer0"}
			}
		},
		{
			"name": "shears_85",
			"from": [7, 9.5, 7.75],
			"to": [7.5, 10, 8.25],
			"faces": {
				"north": {"uv": [7.025, 6.475, 7.475, 6.025], "rotation": 180, "texture": "#layer0"},
				"south": {"uv": [7.025, 6.025, 7.475, 6.475], "texture": "#layer0"}
			}
		},
		{
			"name": "shears_86",
			"from": [7.5, 9.5, 7.75],
			"to": [8, 10, 8.25],
			"faces": {
				"north": {"uv": [7.525, 6.475, 7.975, 6.025], "rotation": 180, "texture": "#layer0"},
				"south": {"uv": [7.525, 6.025, 7.975, 6.475], "texture": "#layer0"}
			}
		},
		{
			"name": "shears_87",
			"from": [8, 9.5, 7.75],
			"to": [8.5, 10, 8.25],
			"faces": {
				"north": {"uv": [8.025, 6.475, 8.475, 6.025], "rotation": 180, "texture": "#layer0"},
				"south": {"uv": [8.025, 6.025, 8.475, 6.475], "texture": "#layer0"}
			}
		},
		{
			"name": "shears_88",
			"from": [8.5, 9.5, 7.75],
			"to": [9, 10, 8.25],
			"faces": {
				"north": {"uv": [8.525, 6.475, 8.975, 6.025], "rotation": 180, "texture": "#layer0"},
				"east": {"uv": [8.525, 6.025, 8.975, 6.475], "texture": "#layer0"},
				"south": {"uv": [8.525, 6.025, 8.975, 6.475], "texture": "#layer0"},
				"down": {"uv": [8.525, 6.025, 8.975, 6.475], "texture": "#layer0"}
			}
		},
		{
			"name": "shears_89",
			"from": [10.5, 9.5, 7.75],
			"to": [11, 10, 8.25],
			"faces": {
				"north": {"uv": [10.525, 6.475, 10.975, 6.025], "rotation": 180, "texture": "#layer0"},
				"south": {"uv": [10.525, 6.025, 10.975, 6.475], "texture": "#layer0"},
				"west": {"uv": [10.525, 6.025, 10.975, 6.475], "texture": "#layer0"},
				"up": {"uv": [10.975, 6.025, 10.525, 6.475], "rotation": 180, "texture": "#layer0"}
			}
		},
		{
			"name": "shears_90",
			"from": [11, 9.5, 7.75],
			"to": [11.5, 10, 8.25],
			"faces": {
				"north": {"uv": [11.025, 6.475, 11.475, 6.025], "rotation": 180, "texture": "#layer0"},
				"south": {"uv": [11.025, 6.025, 11.475, 6.475], "texture": "#layer0"}
			}
		},
		{
			"name": "shears_91",
			"from": [11.5, 9.5, 7.75],
			"to": [12, 10, 8.25],
			"faces": {
				"north": {"uv": [11.525, 6.475, 11.975, 6.025], "rotation": 180, "texture": "#layer0"},
				"south": {"uv": [11.525, 6.025, 11.975, 6.475], "texture": "#layer0"}
			}
		},
		{
			"name": "shears_92",
			"from": [12, 9.5, 7.75],
			"to": [12.5, 10, 8.25],
			"faces": {
				"north": {"uv": [12.025, 6.475, 12.475, 6.025], "rotation": 180, "texture": "#layer0"},
				"south": {"uv": [12.025, 6.025, 12.475, 6.475], "texture": "#layer0"}
			}
		},
		{
			"name": "shears_93",
			"from": [12.5, 9.5, 7.55],
			"to": [13, 10, 8.45],
			"faces": {
				"north": {"uv": [12.525, 6.475, 12.975, 6.025], "rotation": 180, "texture": "#layer0"},
				"south": {"uv": [12.525, 6.025, 12.975, 6.475], "texture": "#layer0"},
				"west": {"uv": [12.525, 6.025, 12.975, 6.475], "texture": "#layer0"},
				"up": {"uv": [12.975, 6.025, 12.525, 6.475], "rotation": 180, "texture": "#layer0"}
			}
		},
		{
			"name": "shears_94",
			"from": [13, 9.5, 7.35],
			"to": [13.5, 10, 8.65],
			"faces": {
				"north": {"uv": [13.025, 6.475, 13.475, 6.025], "rotation": 180, "texture": "#layer0"},
				"east": {"uv": [13.025, 6.025, 13.475, 6.475], "texture": "#layer0"},
				"south": {"uv": [13.025, 6.025, 13.475, 6.475], "texture": "#layer0"},
				"west": {"uv": [13.025, 6.025, 13.475, 6.475], "texture": "#layer0"},
				"up": {"uv": [13.475, 6.025, 13.025, 6.475], "rotation": 180, "texture": "#layer0"}
			}
		},
		{
			"name": "shears_95",
			"from": [13.5, 9.5, 7.55],
			"to": [14, 10, 8.45],
			"faces": {
				"north": {"uv": [13.525, 6.475, 13.975, 6.025], "rotation": 180, "texture": "#layer0"},
				"east": {"uv": [13.525, 6.025, 13.975, 6.475], "texture": "#layer0"},
				"south": {"uv": [13.525, 6.025, 13.975, 6.475], "texture": "#layer0"}
			}
		},
		{
			"name": "shears_96",
			"from": [4.5, 9, 7.55],
			"to": [5, 9.5, 8.45],
			"faces": {
				"north": {"uv": [4.525, 6.975, 4.975, 6.525], "rotation": 180, "texture": "#layer0"},
				"south": {"uv": [4.525, 6.525, 4.975, 6.975], "texture": "#layer0"},
				"west": {"uv": [4.525, 6.525, 4.975, 6.975], "texture": "#layer0"}
			}
		},
		{
			"name": "shears_97",
			"from": [5, 9, 7.35],
			"to": [5.5, 9.5, 8.65],
			"faces": {
				"north": {"uv": [5.025, 6.975, 5.475, 6.525], "rotation": 180, "texture": "#layer0"},
				"south": {"uv": [5.025, 6.525, 5.475, 6.975], "texture": "#layer0"},
				"west": {"uv": [5.025, 6.525, 5.475, 6.975], "texture": "#layer0"}
			}
		},
		{
			"name": "shears_98",
			"from": [5.5, 9, 7.35],
			"to": [6, 9.5, 8.65],
			"faces": {
				"north": {"uv": [5.525, 6.975, 5.975, 6.525], "rotation": 180, "texture": "#layer0"},
				"east": {"uv": [5.525, 6.525, 5.975, 6.975], "texture": "#layer0"},
				"south": {"uv": [5.525, 6.525, 5.975, 6.975], "texture": "#layer0"}
			}
		},
		{
			"name": "shears_99",
			"from": [6, 9, 7.55],
			"to": [6.5, 9.5, 8.45],
			"faces": {
				"north": {"uv": [6.025, 6.975, 6.475, 6.525], "rotation": 180, "texture": "#layer0"},
				"east": {"uv": [6.025, 6.525, 6.475, 6.975], "texture": "#layer0"},
				"south": {"uv": [6.025, 6.525, 6.475, 6.975], "texture": "#layer0"}
			}
		},
		{
			"name": "shears_100",
			"from": [6.5, 9, 7.75],
			"to": [7, 9.5, 8.25],
			"faces": {
				"north": {"uv": [6.525, 6.975, 6.975, 6.525], "rotation": 180, "texture": "#layer0"},
				"south": {"uv": [6.525, 6.525, 6.975, 6.975], "texture": "#layer0"},
				"down": {"uv": [6.525, 6.525, 6.975, 6.975], "texture": "#layer0"}
			}
		},
		{
			"name": "shears_101",
			"from": [7, 9, 7.75],
			"to": [7.5, 9.5, 8.25],
			"faces": {
				"north": {"uv": [7.025, 6.975, 7.475, 6.525], "rotation": 180, "texture": "#layer0"},
				"south": {"uv": [7.025, 6.525, 7.475, 6.975], "texture": "#layer0"},
				"down": {"uv": [7.025, 6.525, 7.475, 6.975], "texture": "#layer0"}
			}
		},
		{
			"name": "shears_102",
			"from": [7.5, 9, 7.75],
			"to": [8, 9.5, 8.25],
			"faces": {
				"north": {"uv": [7.525, 6.975, 7.975, 6.525], "rotation": 180, "texture": "#layer0"},
				"south": {"uv": [7.525, 6.525, 7.975, 6.975], "texture": "#layer0"},
				"down": {"uv": [7.525, 6.525, 7.975, 6.975], "texture": "#layer0"}
			}
		},
		{
			"name": "shears_103",
			"from": [8, 9, 7.75],
			"to": [8.5, 9.5, 8.25],
			"faces": {
				"north": {"uv": [8.025, 6.975, 8.475, 6.525], "rotation": 180, "texture": "#layer0"},
				"east": {"uv": [8.025, 6.525, 8.475, 6.975], "texture": "#layer0"},
				"south": {"uv": [8.025, 6.525, 8.475, 6.975], "texture": "#layer0"},
				"down": {"uv": [8.025, 6.525, 8.475, 6.975], "texture": "#layer0"}
			}
		},
		{
			"name": "shears_104",
			"from": [10, 9, 7.75],
			"to": [10.5, 9.5, 8.25],
			"faces": {
				"north": {"uv": [10.025, 6.975, 10.475, 6.525], "rotation": 180, "texture": "#layer0"},
				"south": {"uv": [10.025, 6.525, 10.475, 6.975], "texture": "#layer0"},
				"west": {"uv": [10.025, 6.525, 10.475, 6.975], "texture": "#layer0"},
				"up": {"uv": [10.475, 6.525, 10.025, 6.975], "rotation": 180, "texture": "#layer0"}
			}
		},
		{
			"name": "shears_105",
			"from": [10.5, 9, 7.75],
			"to": [11, 9.5, 8.25],
			"faces": {
				"north": {"uv": [10.525, 6.975, 10.975, 6.525], "rotation": 180, "texture": "#layer0"},
				"south": {"uv": [10.525, 6.525, 10.975, 6.975], "texture": "#layer0"}
			}
		},
		{
			"name": "shears_106",
			"from": [11, 9, 7.75],
			"to": [11.5, 9.5, 8.25],
			"faces": {
				"north": {"uv": [11.025, 6.975, 11.475, 6.525], "rotation": 180, "texture": "#layer0"},
				"south": {"uv": [11.025, 6.525, 11.475, 6.975], "texture": "#layer0"}
			}
		},
		{
			"name": "shears_107",
			"from": [11.5, 9, 7.75],
			"to": [12, 9.5, 8.25],
			"faces": {
				"north": {"uv": [11.525, 6.975, 11.975, 6.525], "rotation": 180, "texture": "#layer0"},
				"south": {"uv": [11.525, 6.525, 11.975, 6.975], "texture": "#layer0"}
			}
		},
		{
			"name": "shears_108",
			"from": [12, 9, 7.75],
			"to": [12.5, 9.5, 8.25],
			"faces": {
				"north": {"uv": [12.025, 6.975, 12.475, 6.525], "rotation": 180, "texture": "#layer0"},
				"south": {"uv": [12.025, 6.525, 12.475, 6.975], "texture": "#layer0"}
			}
		},
		{
			"name": "shears_109",
			"from": [12.5, 9, 7.55],
			"to": [13, 9.5, 8.45],
			"faces": {
				"north": {"uv": [12.525, 6.975, 12.975, 6.525], "rotation": 180, "texture": "#layer0"},
				"south": {"uv": [12.525, 6.525, 12.975, 6.975], "texture": "#layer0"},
				"west": {"uv": [12.525, 6.525, 12.975, 6.975], "texture": "#layer0"}
			}
		},
		{
			"name": "shears_110",
			"from": [13, 9, 7.35],
			"to": [13.5, 9.5, 8.65],
			"faces": {
				"north": {"uv": [13.025, 6.975, 13.475, 6.525], "rotation": 180, "texture": "#layer0"},
				"east": {"uv": [13.025, 6.525, 13.475, 6.975], "texture": "#layer0"},
				"south": {"uv": [13.025, 6.525, 13.475, 6.975], "texture": "#layer0"},
				"west": {"uv": [13.025, 6.525, 13.475, 6.975], "texture": "#layer0"},
				"down": {"uv": [13.025, 6.525, 13.475, 6.975], "texture": "#layer0"}
			}
		},
		{
			"name": "shears_111",
			"from": [13.5, 9, 7.55],
			"to": [14, 9.5, 8.45],
			"faces": {
				"north": {"uv": [13.525, 6.975, 13.975, 6.525], "rotation": 180, "texture": "#layer0"},
				"east": {"uv": [13.525, 6.525, 13.975, 6.975], "texture": "#layer0"},
				"south": {"uv": [13.525, 6.525, 13.975, 6.975], "texture": "#layer0"},
				"down": {"uv": [13.525, 6.525, 13.975, 6.975], "texture": "#layer0"}
			}
		},
		{
			"name": "shears_112",
			"from": [4, 8.5, 7.55],
			"to": [4.5, 9, 8.45],
			"faces": {
				"north": {"uv": [4.025, 7.475, 4.475, 7.025], "rotation": 180, "texture": "#layer0"},
				"south": {"uv": [4.025, 7.025, 4.475, 7.475], "texture": "#layer0"},
				"west": {"uv": [4.025, 7.025, 4.475, 7.475], "texture": "#layer0"},
				"up": {"uv": [4.475, 7.025, 4.025, 7.475], "rotation": 180, "texture": "#layer0"}
			}
		},
		{
			"name": "shears_113",
			"from": [4.5, 8.5, 7.35],
			"to": [5, 9, 8.65],
			"faces": {
				"north": {"uv": [4.525, 7.475, 4.975, 7.025], "rotation": 180, "texture": "#layer0"},
				"south": {"uv": [4.525, 7.025, 4.975, 7.475], "texture": "#layer0"},
				"west": {"uv": [4.525, 7.025, 4.975, 7.475], "texture": "#layer0"},
				"up": {"uv": [4.975, 7.025, 4.525, 7.475], "rotation": 180, "texture": "#layer0"}
			}
		},
		{
			"name": "shears_114",
			"from": [5, 8.5, 7.35],
			"to": [5.5, 9, 8.65],
			"faces": {
				"north": {"uv": [5.025, 7.475, 5.475, 7.025], "rotation": 180, "texture": "#layer0"},
				"south": {"uv": [5.025, 7.025, 5.475, 7.475], "texture": "#layer0"}
			}
		},
		{
			"name": "shears_115",
			"from": [5.5, 8.5, 7.35],
			"to": [6, 9, 8.65],
			"faces": {
				"north": {"uv": [5.525, 7.475, 5.975, 7.025], "rotation": 180, "texture": "#layer0"},
				"east": {"uv": [5.525, 7.025, 5.975, 7.475], "texture": "#layer0"},
				"south": {"uv": [5.525, 7.025, 5.975, 7.475], "texture": "#layer0"},
				"down": {"uv": [5.525, 7.025, 5.975, 7.475], "texture": "#layer0"}
			}
		},
		{
			"name": "shears_116",
			"from": [6, 8.5, 7.55],
			"to": [6.5, 9, 8.45],
			"faces": {
				"north": {"uv": [6.025, 7.475, 6.475, 7.025], "rotation": 180, "texture": "#layer0"},
				"east": {"uv": [6.025, 7.025, 6.475, 7.475], "texture": "#layer0"},
				"south": {"uv": [6.025, 7.025, 6.475, 7.475], "texture": "#layer0"},
				"down": {"uv": [6.025, 7.025, 6.475, 7.475], "texture": "#layer0"}
			}
		},
		{
			"name": "shears_117",
			"from": [9.5, 8.5, 7.75],
			"to": [10, 9, 8.25],
			"faces": {
				"north": {"uv": [9.525, 7.475, 9.975, 7.025], "rotation": 180, "texture": "#layer0"},
				"south": {"uv": [9.525, 7.025, 9.975, 7.475], "texture": "#layer0"},
				"west": {"uv": [9.525, 7.025, 9.975, 7.475], "texture": "#layer0"},
				"up": {"uv": [9.975, 7.025, 9.525, 7.475], "rotation": 180, "texture": "#layer0"}
			}
		},
		{
			"name": "shears_118",
			"from": [10, 8.5, 7.75],
			"to": [10.5, 9, 8.25],
			"faces": {
				"north": {"uv": [10.025, 7.475, 10.475, 7.025], "rotation": 180, "texture": "#layer0"},
				"south": {"uv": [10.025, 7.025, 10.475, 7.475], "texture": "#layer0"}
			}
		},
		{
			"name": "shears_119",
			"from": [10.5, 8.5, 7.75],
			"to": [11, 9, 8.25],
			"faces": {
				"north": {"uv": [10.525, 7.475, 10.975, 7.025], "rotation": 180, "texture": "#layer0"},
				"south": {"uv": [10.525, 7.025, 10.975, 7.475], "texture": "#layer0"}
			}
		},
		{
			"name": "shears_120",
			"from": [11, 8.5, 7.75],
			"to": [11.5, 9, 8.25],
			"faces": {
				"north": {"uv": [11.025, 7.475, 11.475, 7.025], "rotation": 180, "texture": "#layer0"},
				"south": {"uv": [11.025, 7.025, 11.475, 7.475], "texture": "#layer0"}
			}
		},
		{
			"name": "shears_121",
			"from": [11.5, 8.5, 7.75],
			"to": [12, 9, 8.25],
			"faces": {
				"north": {"uv": [11.525, 7.475, 11.975, 7.025], "rotation": 180, "texture": "#layer0"},
				"south": {"uv": [11.525, 7.025, 11.975, 7.475], "texture": "#layer0"}
			}
		},
		{
			"name": "shears_122",
			"from": [12, 8.5, 7.55],
			"to": [12.5, 9, 8.45],
			"faces": {
				"north": {"uv": [12.025, 7.475, 12.475, 7.025], "rotation": 180, "texture": "#layer0"},
				"south": {"uv": [12.025, 7.025, 12.475, 7.475], "texture": "#layer0"},
				"west": {"uv": [12.025, 7.025, 12.475, 7.475], "texture": "#layer0"},
				"up": {"uv": [12.475, 7.025, 12.025, 7.475], "rotation": 180, "texture": "#layer0"}
			}
		},
		{
			"name": "shears_123",
			"from": [12.5, 8.5, 7.35],
			"to": [13, 9, 8.65],
			"faces": {
				"north": {"uv": [12.525, 7.475, 12.975, 7.025], "rotation": 180, "texture": "#layer0"},
				"east": {"uv": [12.525, 7.025, 12.975, 7.475], "texture": "#layer0"},
				"south": {"uv": [12.525, 7.025, 12.975, 7.475], "texture": "#layer0"},
				"west": {"uv": [12.525, 7.025, 12.975, 7.475], "texture": "#layer0"},
				"up": {"uv": [12.975, 7.025, 12.525, 7.475], "rotation": 180, "texture": "#layer0"}
			}
		},
		{
			"name": "shears_124",
			"from": [13, 8.5, 7.55],
			"to": [13.5, 9, 8.45],
			"faces": {
				"north": {"uv": [13.025, 7.475, 13.475, 7.025], "rotation": 180, "texture": "#layer0"},
				"east": {"uv": [13.025, 7.025, 13.475, 7.475], "texture": "#layer0"},
				"south": {"uv": [13.025, 7.025, 13.475, 7.475], "texture": "#layer0"}
			}
		},
		{
			"name": "shears_125",
			"from": [4, 8, 7.55],
			"to": [4.5, 8.5, 8.45],
			"faces": {
				"north": {"uv": [4.025, 7.975, 4.475, 7.525], "rotation": 180, "texture": "#layer0"},
				"south": {"uv": [4.025, 7.525, 4.475, 7.975], "texture": "#layer0"},
				"west": {"uv": [4.025, 7.525, 4.475, 7.975], "texture": "#layer0"}
			}
		},
		{
			"name": "shears_126",
			"from": [4.5, 8, 7.35],
			"to": [5, 8.5, 8.65],
			"faces": {
				"north": {"uv": [4.525, 7.975, 4.975, 7.525], "rotation": 180, "texture": "#layer0"},
				"south": {"uv": [4.525, 7.525, 4.975, 7.975], "texture": "#layer0"},
				"west": {"uv": [4.525, 7.525, 4.975, 7.975], "texture": "#layer0"}
			}
		},
		{
			"name": "shears_127",
			"from": [5, 8, 7.35],
			"to": [5.5, 8.5, 8.65],
			"faces": {
				"north": {"uv": [5.025, 7.975, 5.475, 7.525], "rotation": 180, "texture": "#layer0"},
				"east": {"uv": [5.025, 7.525, 5.475, 7.975], "texture": "#layer0"},
				"south": {"uv": [5.025, 7.525, 5.475, 7.975], "texture": "#layer0"}
			}
		},
		{
			"name": "shears_128",
			"from": [5.5, 8, 7.55],
			"to": [6, 8.5, 8.45],
			"faces": {
				"north": {"uv": [5.525, 7.975, 5.975, 7.525], "rotation": 180, "texture": "#layer0"},
				"east": {"uv": [5.525, 7.525, 5.975, 7.975], "texture": "#layer0"},
				"south": {"uv": [5.525, 7.525, 5.975, 7.975], "texture": "#layer0"}
			}
		},
		{
			"name": "shears_129",
			"from": [9, 8, 7.75],
			"to": [9.5, 8.5, 8.25],
			"faces": {
				"north": {"uv": [9.025, 7.975, 9.475, 7.525], "rotation": 180, "texture": "#layer0"},
				"south": {"uv": [9.025, 7.525, 9.475, 7.975], "texture": "#layer0"},
				"west": {"uv": [9.025, 7.525, 9.475, 7.975], "texture": "#layer0"},
				"up": {"uv": [9.475, 7.525, 9.025, 7.975], "rotation": 180, "texture": "#layer0"}
			}
		},
		{
			"name": "shears_130",
			"from": [9.5, 8, 7.75],
			"to": [10, 8.5, 8.25],
			"faces": {
				"north": {"uv": [9.525, 7.975, 9.975, 7.525], "rotation": 180, "texture": "#layer0"},
				"south": {"uv": [9.525, 7.525, 9.975, 7.975], "texture": "#layer0"}
			}
		},
		{
			"name": "shears_131",
			"from": [10, 8, 7.75],
			"to": [10.5, 8.5, 8.25],
			"faces": {
				"north": {"uv": [10.025, 7.975, 10.475, 7.525], "rotation": 180, "texture": "#layer0"},
				"south": {"uv": [10.025, 7.525, 10.475, 7.975], "texture": "#layer0"}
			}
		},
		{
			"name": "shears_132",
			"from": [10.5, 8, 7.75],
			"to": [11, 8.5, 8.25],
			"faces": {
				"north": {"uv": [10.525, 7.975, 10.975, 7.525], "rotation": 180, "texture": "#layer0"},
				"south": {"uv": [10.525, 7.525, 10.975, 7.975], "texture": "#layer0"}
			}
		},
		{
			"name": "shears_133",
			"from": [11, 8, 7.75],
			"to": [11.5, 8.5, 8.25],
			"faces": {
				"north": {"uv": [11.025, 7.975, 11.475, 7.525], "rotation": 180, "texture": "#layer0"},
				"south": {"uv": [11.025, 7.525, 11.475, 7.975], "texture": "#layer0"}
			}
		},
		{
			"name": "shears_134",
			"from": [11.5, 8, 7.55],
			"to": [12, 8.5, 8.45],
			"faces": {
				"north": {"uv": [11.525, 7.975, 11.975, 7.525], "rotation": 180, "texture": "#layer0"},
				"south": {"uv": [11.525, 7.525, 11.975, 7.975], "texture": "#layer0"},
				"west": {"uv": [11.525, 7.525, 11.975, 7.975], "texture": "#layer0"},
				"up": {"uv": [11.975, 7.525, 11.525, 7.975], "rotation": 180, "texture": "#layer0"}
			}
		},
		{
			"name": "shears_135",
			"from": [12, 8, 7.35],
			"to": [12.5, 8.5, 8.65],
			"faces": {
				"north": {"uv": [12.025, 7.975, 12.475, 7.525], "rotation": 180, "texture": "#layer0"},
				"south": {"uv": [12.025, 7.525, 12.475, 7.975], "texture": "#layer0"},
				"west": {"uv": [12.025, 7.525, 12.475, 7.975], "texture": "#layer0"},
				"up": {"uv": [12.475, 7.525, 12.025, 7.975], "rotation": 180, "texture": "#layer0"}
			}
		},
		{
			"name": "shears_136",
			"from": [12.5, 8, 7.35],
			"to": [13, 8.5, 8.65],
			"faces": {
				"north": {"uv": [12.525, 7.975, 12.975, 7.525], "rotation": 180, "texture": "#layer0"},
				"east": {"uv": [12.525, 7.525, 12.975, 7.975], "texture": "#layer0"},
				"south": {"uv": [12.525, 7.525, 12.975, 7.975], "texture": "#layer0"},
				"down": {"uv": [12.525, 7.525, 12.975, 7.975], "texture": "#layer0"}
			}
		},
		{
			"name": "shears_137",
			"from": [13, 8, 7.55],
			"to": [13.5, 8.5, 8.45],
			"faces": {
				"north": {"uv": [13.025, 7.975, 13.475, 7.525], "rotation": 180, "texture": "#layer0"},
				"east": {"uv": [13.025, 7.525, 13.475, 7.975], "texture": "#layer0"},
				"south": {"uv": [13.025, 7.525, 13.475, 7.975], "texture": "#layer0"},
				"down": {"uv": [13.025, 7.525, 13.475, 7.975], "texture": "#layer0"}
			}
		},
		{
			"name": "shears_138",
			"from": [4, 7.5, 7.55],
			"to": [4.5, 8, 8.45],
			"faces": {
				"north": {"uv": [4.025, 8.475, 4.475, 8.025], "rotation": 180, "texture": "#layer0"},
				"south": {"uv": [4.025, 8.025, 4.475, 8.475], "texture": "#layer0"},
				"west": {"uv": [4.025, 8.025, 4.475, 8.475], "texture": "#layer0"}
			}
		},
		{
			"name": "shears_139",
			"from": [4.5, 7.5, 7.35],
			"to": [5, 8, 8.65],
			"faces": {
				"north": {"uv": [4.525, 8.475, 4.975, 8.025], "rotation": 180, "texture": "#layer0"},
				"south": {"uv": [4.525, 8.025, 4.975, 8.475], "texture": "#layer0"},
				"west": {"uv": [4.525, 8.025, 4.975, 8.475], "texture": "#layer0"}
			}
		},
		{
			"name": "shears_140",
			"from": [5, 7.5, 7.35],
			"to": [5.5, 8, 8.65],
			"faces": {
				"north": {"uv": [5.025, 8.475, 5.475, 8.025], "rotation": 180, "texture": "#layer0"},
				"east": {"uv": [5.025, 8.025, 5.475, 8.475], "texture": "#layer0"},
				"south": {"uv": [5.025, 8.025, 5.475, 8.475], "texture": "#layer0"},
				"down": {"uv": [5.025, 8.025, 5.475, 8.475], "texture": "#layer0"}
			}
		},
		{
			"name": "shears_141",
			"from": [5.5, 7.5, 7.55],
			"to": [6, 8, 8.45],
			"faces": {
				"north": {"uv": [5.525, 8.475, 5.975, 8.025], "rotation": 180, "texture": "#layer0"},
				"east": {"uv": [5.525, 8.025, 5.975, 8.475], "texture": "#layer0"},
				"south": {"uv": [5.525, 8.025, 5.975, 8.475], "texture": "#layer0"},
				"down": {"uv": [5.525, 8.025, 5.975, 8.475], "texture": "#layer0"}
			}
		},
		{
			"name": "shears_142",
			"from": [9, 7.5, 7.75],
			"to": [9.5, 8, 8.25],
			"faces": {
				"north": {"uv": [9.025, 8.475, 9.475, 8.025], "rotation": 180, "texture": "#layer0"},
				"south": {"uv": [9.025, 8.025, 9.475, 8.475], "texture": "#layer0"},
				"west": {"uv": [9.025, 8.025, 9.475, 8.475], "texture": "#layer0"}
			}
		},
		{
			"name": "shears_143",
			"from": [9.5, 7.5, 7.75],
			"to": [10, 8, 8.25],
			"faces": {
				"north": {"uv": [9.525, 8.475, 9.975, 8.025], "rotation": 180, "texture": "#layer0"},
				"south": {"uv": [9.525, 8.025, 9.975, 8.475], "texture": "#layer0"}
			}
		},
		{
			"name": "shears_144",
			"from": [10, 7.5, 7.75],
			"to": [10.5, 8, 8.25],
			"faces": {
				"north": {"uv": [10.025, 8.475, 10.475, 8.025], "rotation": 180, "texture": "#layer0"},
				"south": {"uv": [10.025, 8.025, 10.475, 8.475], "texture": "#layer0"}
			}
		},
		{
			"name": "shears_145",
			"from": [10.5, 7.5, 7.75],
			"to": [11, 8, 8.25],
			"faces": {
				"north": {"uv": [10.525, 8.475, 10.975, 8.025], "rotation": 180, "texture": "#layer0"},
				"south": {"uv": [10.525, 8.025, 10.975, 8.475], "texture": "#layer0"}
			}
		},
		{
			"name": "shears_146",
			"from": [11, 7.5, 7.55],
			"to": [11.5, 8, 8.45],
			"faces": {
				"north": {"uv": [11.025, 8.475, 11.475, 8.025], "rotation": 180, "texture": "#layer0"},
				"south": {"uv": [11.025, 8.025, 11.475, 8.475], "texture": "#layer0"},
				"west": {"uv": [11.025, 8.025, 11.475, 8.475], "texture": "#layer0"},
				"up": {"uv": [11.475, 8.025, 11.025, 8.475], "rotation": 180, "texture": "#layer0"}
			}
		},
		{
			"name": "shears_147",
			"from": [11.5, 7.5, 7.35],
			"to": [12, 8, 8.65],
			"faces": {
				"north": {"uv": [11.525, 8.475, 11.975, 8.025], "rotation": 180, "texture": "#layer0"},
				"south": {"uv": [11.525, 8.025, 11.975, 8.475], "texture": "#layer0"},
				"west": {"uv": [11.525, 8.025, 11.975, 8.475], "texture": "#layer0"},
				"up": {"uv": [11.975, 8.025, 11.525, 8.475], "rotation": 180, "texture": "#layer0"}
			}
		},
		{
			"name": "shears_148",
			"from": [12, 7.5, 7.35],
			"to": [12.5, 8, 8.65],
			"faces": {
				"north": {"uv": [12.025, 8.475, 12.475, 8.025], "rotation": 180, "texture": "#layer0"},
				"east": {"uv": [12.025, 8.025, 12.475, 8.475], "texture": "#layer0"},
				"south": {"uv": [12.025, 8.025, 12.475, 8.475], "texture": "#layer0"},
				"down": {"uv": [12.025, 8.025, 12.475, 8.475], "texture": "#layer0"}
			}
		},
		{
			"name": "shears_149",
			"from": [12.5, 7.5, 7.55],
			"to": [13, 8, 8.45],
			"faces": {
				"north": {"uv": [12.525, 8.475, 12.975, 8.025], "rotation": 180, "texture": "#layer0"},
				"east": {"uv": [12.525, 8.025, 12.975, 8.475], "texture": "#layer0"},
				"south": {"uv": [12.525, 8.025, 12.975, 8.475], "texture": "#layer0"},
				"down": {"uv": [12.525, 8.025, 12.975, 8.475], "texture": "#layer0"}
			}
		},
		{
			"name": "shears_150",
			"from": [3.5, 7, 7.55],
			"to": [4, 7.5, 8.45],
			"faces": {
				"north": {"uv": [3.525, 8.975, 3.975, 8.525], "rotation": 180, "texture": "#layer0"},
				"south": {"uv": [3.525, 8.525, 3.975, 8.975], "texture": "#layer0"},
				"west": {"uv": [3.525, 8.525, 3.975, 8.975], "texture": "#layer0"},
				"up": {"uv": [3.975, 8.525, 3.525, 8.975], "rotation": 180, "texture": "#layer0"}
			}
		},
		{
			"name": "shears_151",
			"from": [4, 7, 7.35],
			"to": [4.5, 7.5, 8.65],
			"faces": {
				"north": {"uv": [4.025, 8.975, 4.475, 8.525], "rotation": 180, "texture": "#layer0"},
				"south": {"uv": [4.025, 8.525, 4.475, 8.975], "texture": "#layer0"},
				"west": {"uv": [4.025, 8.525, 4.475, 8.975], "texture": "#layer0"},
				"up": {"uv": [4.475, 8.525, 4.025, 8.975], "rotation": 180, "texture": "#layer0"}
			}
		},
		{
			"name": "shears_152",
			"from": [4.5, 7, 7.35],
			"to": [5, 7.5, 8.65],
			"faces": {
				"north": {"uv": [4.525, 8.975, 4.975, 8.525], "rotation": 180, "texture": "#layer0"},
				"east": {"uv": [4.525, 8.525, 4.975, 8.975], "texture": "#layer0"},
				"south": {"uv": [4.525, 8.525, 4.975, 8.975], "texture": "#layer0"}
			}
		},
		{
			"name": "shears_153",
			"from": [5, 7, 7.55],
			"to": [5.5, 7.5, 8.45],
			"faces": {
				"north": {"uv": [5.025, 8.975, 5.475, 8.525], "rotation": 180, "texture": "#layer0"},
				"east": {"uv": [5.025, 8.525, 5.475, 8.975], "texture": "#layer0"},
				"south": {"uv": [5.025, 8.525, 5.475, 8.975], "texture": "#layer0"}
			}
		},
		{
			"name": "shears_154",
			"from": [9, 7, 7.75],
			"to": [9.5, 7.5, 8.25],
			"faces": {
				"north": {"uv": [9.025, 8.975, 9.475, 8.525], "rotation": 180, "texture": "#layer0"},
				"south": {"uv": [9.025, 8.525, 9.475, 8.975], "texture": "#layer0"},
				"west": {"uv": [9.025, 8.525, 9.475, 8.975], "texture": "#layer0"}
			}
		},
		{
			"name": "shears_155",
			"from": [9.5, 7, 7.75],
			"to": [10, 7.5, 8.25],
			"faces": {
				"north": {"uv": [9.525, 8.975, 9.975, 8.525], "rotation": 180, "texture": "#layer0"},
				"south": {"uv": [9.525, 8.525, 9.975, 8.975], "texture": "#layer0"}
			}
		},
		{
			"name": "shears_156",
			"from": [10, 7, 7.75],
			"to": [10.5, 7.5, 8.25],
			"faces": {
				"north": {"uv": [10.025, 8.975, 10.475, 8.525], "rotation": 180, "texture": "#layer0"},
				"south": {"uv": [10.025, 8.525, 10.475, 8.975], "texture": "#layer0"}
			}
		},
		{
			"name": "shears_157",
			"from": [10.5, 7, 7.55],
			"to": [11, 7.5, 8.45],
			"faces": {
				"north": {"uv": [10.525, 8.975, 10.975, 8.525], "rotation": 180, "texture": "#layer0"},
				"south": {"uv": [10.525, 8.525, 10.975, 8.975], "texture": "#layer0"},
				"west": {"uv": [10.525, 8.525, 10.975, 8.975], "texture": "#layer0"},
				"up": {"uv": [10.975, 8.525, 10.525, 8.975], "rotation": 180, "texture": "#layer0"}
			}
		},
		{
			"name": "shears_158",
			"from": [11, 7, 7.35],
			"to": [11.5, 7.5, 8.65],
			"faces": {
				"north": {"uv": [11.025, 8.975, 11.475, 8.525], "rotation": 180, "texture": "#layer0"},
				"south": {"uv": [11.025, 8.525, 11.475, 8.975], "texture": "#layer0"},
				"west": {"uv": [11.025, 8.525, 11.475, 8.975], "texture": "#layer0"},
				"up": {"uv": [11.475, 8.525, 11.025, 8.975], "rotation": 180, "texture": "#layer0"}
			}
		},
		{
			"name": "shears_159",
			"from": [11.5, 7, 7.35],
			"to": [12, 7.5, 8.65],
			"faces": {
				"north": {"uv": [11.525, 8.975, 11.975, 8.525], "rotation": 180, "texture": "#layer0"},
				"east": {"uv": [11.525, 8.525, 11.975, 8.975], "texture": "#layer0"},
				"south": {"uv": [11.525, 8.525, 11.975, 8.975], "texture": "#layer0"},
				"down": {"uv": [11.525, 8.525, 11.975, 8.975], "texture": "#layer0"}
			}
		},
		{
			"name": "shears_160",
			"from": [12, 7, 7.55],
			"to": [12.5, 7.5, 8.45],
			"faces": {
				"north": {"uv": [12.025, 8.975, 12.475, 8.525], "rotation": 180, "texture": "#layer0"},
				"east": {"uv": [12.025, 8.525, 12.475, 8.975], "texture": "#layer0"},
				"south": {"uv": [12.025, 8.525, 12.475, 8.975], "texture": "#layer0"},
				"down": {"uv": [12.025, 8.525, 12.475, 8.975], "texture": "#layer0"}
			}
		},
		{
			"name": "shears_161",
			"from": [3.5, 6.5, 7.55],
			"to": [4, 7, 8.45],
			"faces": {
				"north": {"uv": [3.525, 9.475, 3.975, 9.025], "rotation": 180, "texture": "#layer0"},
				"south": {"uv": [3.525, 9.025, 3.975, 9.475], "texture": "#layer0"},
				"west": {"uv": [3.525, 9.025, 3.975, 9.475], "texture": "#layer0"}
			}
		},
		{
			"name": "shears_162",
			"from": [4, 6.5, 7.35],
			"to": [4.5, 7, 8.65],
			"faces": {
				"north": {"uv": [4.025, 9.475, 4.475, 9.025], "rotation": 180, "texture": "#layer0"},
				"south": {"uv": [4.025, 9.025, 4.475, 9.475], "texture": "#layer0"},
				"west": {"uv": [4.025, 9.025, 4.475, 9.475], "texture": "#layer0"},
				"down": {"uv": [4.025, 9.025, 4.475, 9.475], "texture": "#layer0"}
			}
		},
		{
			"name": "shears_163",
			"from": [4.5, 6.5, 7.35],
			"to": [5, 7, 8.65],
			"faces": {
				"north": {"uv": [4.525, 9.475, 4.975, 9.025], "rotation": 180, "texture": "#layer0"},
				"east": {"uv": [4.525, 9.025, 4.975, 9.475], "texture": "#layer0"},
				"south": {"uv": [4.525, 9.025, 4.975, 9.475], "texture": "#layer0"},
				"down": {"uv": [4.525, 9.025, 4.975, 9.475], "texture": "#layer0"}
			}
		},
		{
			"name": "shears_164",
			"from": [5, 6.5, 7.55],
			"to": [5.5, 7, 8.45],
			"faces": {
				"north": {"uv": [5.025, 9.475, 5.475, 9.025], "rotation": 180, "texture": "#layer0"},
				"east": {"uv": [5.025, 9.025, 5.475, 9.475], "texture": "#layer0"},
				"south": {"uv": [5.025, 9.025, 5.475, 9.475], "texture": "#layer0"},
				"down": {"uv": [5.025, 9.025, 5.475, 9.475], "texture": "#layer0"}
			}
		},
		{
			"name": "shears_165",
			"from": [9, 6.5, 7.75],
			"to": [9.5, 7, 8.25],
			"faces": {
				"north": {"uv": [9.025, 9.475, 9.475, 9.025], "rotation": 180, "texture": "#layer0"},
				"south": {"uv": [9.025, 9.025, 9.475, 9.475], "texture": "#layer0"},
				"west": {"uv": [9.025, 9.025, 9.475, 9.475], "texture": "#layer0"}
			}
		},
		{
			"name": "shears_166",
			"from": [9.5, 6.5, 7.55],
			"to": [10, 7, 8.45],
			"faces": {
				"north": {"uv": [9.525, 9.475, 9.975, 9.025], "rotation": 180, "texture": "#layer0"},
				"south": {"uv": [9.525, 9.025, 9.975, 9.475], "texture": "#layer0"},
				"west": {"uv": [9.525, 9.025, 9.975, 9.475], "texture": "#layer0"},
				"up": {"uv": [9.975, 9.025, 9.525, 9.475], "rotation": 180, "texture": "#layer0"}
			}
		},
		{
			"name": "shears_167",
			"from": [10, 6.5, 7.55],
			"to": [10.5, 7, 8.45],
			"faces": {
				"north": {"uv": [10.025, 9.475, 10.475, 9.025], "rotation": 180, "texture": "#layer0"},
				"south": {"uv": [10.025, 9.025, 10.475, 9.475], "texture": "#layer0"},
				"up": {"uv": [10.475, 9.025, 10.025, 9.475], "rotation": 180, "texture": "#layer0"}
			}
		},
		{
			"name": "shears_168",
			"from": [10.5, 6.5, 7.35],
			"to": [11, 7, 8.65],
			"faces": {
				"north": {"uv": [10.525, 9.475, 10.975, 9.025], "rotation": 180, "texture": "#layer0"},
				"south": {"uv": [10.525, 9.025, 10.975, 9.475], "texture": "#layer0"},
				"west": {"uv": [10.525, 9.025, 10.975, 9.475], "texture": "#layer0"},
				"up": {"uv": [10.975, 9.025, 10.525, 9.475], "rotation": 180, "texture": "#layer0"}
			}
		},
		{
			"name": "shears_169",
			"from": [11, 6.5, 7.35],
			"to": [11.5, 7, 8.65],
			"faces": {
				"north": {"uv": [11.025, 9.475, 11.475, 9.025], "rotation": 180, "texture": "#layer0"},
				"east": {"uv": [11.025, 9.025, 11.475, 9.475], "texture": "#layer0"},
				"south": {"uv": [11.025, 9.025, 11.475, 9.475], "texture": "#layer0"},
				"down": {"uv": [11.025, 9.025, 11.475, 9.475], "texture": "#layer0"}
			}
		},
		{
			"name": "shears_170",
			"from": [11.5, 6.5, 7.55],
			"to": [12, 7, 8.45],
			"faces": {
				"north": {"uv": [11.525, 9.475, 11.975, 9.025], "rotation": 180, "texture": "#layer0"},
				"east": {"uv": [11.525, 9.025, 11.975, 9.475], "texture": "#layer0"},
				"south": {"uv": [11.525, 9.025, 11.975, 9.475], "texture": "#layer0"},
				"down": {"uv": [11.525, 9.025, 11.975, 9.475], "texture": "#layer0"}
			}
		},
		{
			"name": "shears_171",
			"from": [3.5, 6, 7.55],
			"to": [4, 6.5, 8.45],
			"faces": {
				"north": {"uv": [3.525, 9.975, 3.975, 9.525], "rotation": 180, "texture": "#layer0"},
				"south": {"uv": [3.525, 9.525, 3.975, 9.975], "texture": "#layer0"},
				"west": {"uv": [3.525, 9.525, 3.975, 9.975], "texture": "#layer0"},
				"down": {"uv": [3.525, 9.525, 3.975, 9.975], "texture": "#layer0"}
			}
		},
		{
			"name": "shears_172",
			"from": [4, 6, 7.55],
			"to": [4.5, 6.5, 8.45],
			"faces": {
				"north": {"uv": [4.025, 9.975, 4.475, 9.525], "rotation": 180, "texture": "#layer0"},
				"south": {"uv": [4.025, 9.525, 4.475, 9.975], "texture": "#layer0"},
				"down": {"uv": [4.025, 9.525, 4.475, 9.975], "texture": "#layer0"}
			}
		},
		{
			"name": "shears_173",
			"from": [4.5, 6, 7.55],
			"to": [5, 6.5, 8.45],
			"faces": {
				"north": {"uv": [4.525, 9.975, 4.975, 9.525], "rotation": 180, "texture": "#layer0"},
				"east": {"uv": [4.525, 9.525, 4.975, 9.975], "texture": "#layer0"},
				"south": {"uv": [4.525, 9.525, 4.975, 9.975], "texture": "#layer0"},
				"down": {"uv": [4.525, 9.525, 4.975, 9.975], "texture": "#layer0"}
			}
		},
		{
			"name": "shears_174",
			"from": [5, 6, 7.75],
			"to": [5.5, 6.5, 8.25],
			"faces": {
				"north": {"uv": [5.025, 9.975, 5.475, 9.525], "rotation": 180, "texture": "#layer0"},
				"east": {"uv": [5.025, 9.525, 5.475, 9.975], "texture": "#layer0"},
				"south": {"uv": [5.025, 9.525, 5.475, 9.975], "texture": "#layer0"},
				"down": {"uv": [5.025, 9.525, 5.475, 9.975], "texture": "#layer0"}
			}
		},
		{
			"name": "shears_175",
			"from": [8.5, 6, 7.55],
			"to": [9, 6.5, 8.45],
			"faces": {
				"north": {"uv": [8.525, 9.975, 8.975, 9.525], "rotation": 180, "texture": "#layer0"},
				"south": {"uv": [8.525, 9.525, 8.975, 9.975], "texture": "#layer0"},
				"west": {"uv": [8.525, 9.525, 8.975, 9.975], "texture": "#layer0"},
				"up": {"uv": [8.975, 9.525, 8.525, 9.975], "rotation": 180, "texture": "#layer0"}
			}
		},
		{
			"name": "shears_176",
			"from": [9, 6, 7.55],
			"to": [9.5, 6.5, 8.45],
			"faces": {
				"north": {"uv": [9.025, 9.975, 9.475, 9.525], "rotation": 180, "texture": "#layer0"},
				"south": {"uv": [9.025, 9.525, 9.475, 9.975], "texture": "#layer0"},
				"up": {"uv": [9.475, 9.525, 9.025, 9.975], "rotation": 180, "texture": "#layer0"}
			}
		},
		{
			"name": "shears_177",
			"from": [9.5, 6, 7.35],
			"to": [10, 6.5, 8.65],
			"faces": {
				"north": {"uv": [9.525, 9.975, 9.975, 9.525], "rotation": 180, "texture": "#layer0"},
				"south": {"uv": [9.525, 9.525, 9.975, 9.975], "texture": "#layer0"},
				"west": {"uv": [9.525, 9.525, 9.975, 9.975], "texture": "#layer0"},
				"up": {"uv": [9.975, 9.525, 9.525, 9.975], "rotation": 180, "texture": "#layer0"}
			}
		},
		{
			"name": "shears_178",
			"from": [10, 6, 7.35],
			"to": [10.5, 6.5, 8.65],
			"faces": {
				"north": {"uv": [10.025, 9.975, 10.475, 9.525], "rotation": 180, "texture": "#layer0"},
				"south": {"uv": [10.025, 9.525, 10.475, 9.975], "texture": "#layer0"},
				"up": {"uv": [10.475, 9.525, 10.025, 9.975], "rotation": 180, "texture": "#layer0"}
			}
		},
		{
			"name": "shears_179",
			"from": [10.5, 6, 7.35],
			"to": [11, 6.5, 8.65],
			"faces": {
				"north": {"uv": [10.525, 9.975, 10.975, 9.525], "rotation": 180, "texture": "#layer0"},
				"east": {"uv": [10.525, 9.525, 10.975, 9.975], "texture": "#layer0"},
				"south": {"uv": [10.525, 9.525, 10.975, 9.975], "texture": "#layer0"},
				"down": {"uv": [10.525, 9.525, 10.975, 9.975], "texture": "#layer0"}
			}
		},
		{
			"name": "shears_180",
			"from": [11, 6, 7.55],
			"to": [11.5, 6.5, 8.45],
			"faces": {
				"north": {"uv": [11.025, 9.975, 11.475, 9.525], "rotation": 180, "texture": "#layer0"},
				"east": {"uv": [11.025, 9.525, 11.475, 9.975], "texture": "#layer0"},
				"south": {"uv": [11.025, 9.525, 11.475, 9.975], "texture": "#layer0"},
				"down": {"uv": [11.025, 9.525, 11.475, 9.975], "texture": "#layer0"}
			}
		},
		{
			"name": "shears_181",
			"from": [3, 5.5, 7.75],
			"to": [3.5, 6, 8.25],
			"faces": {
				"north": {"uv": [3.025, 10.475, 3.475, 10.025], "rotation": 180, "texture": "#layer0"},
				"south": {"uv": [3.025, 10.025, 3.475, 10.475], "texture": "#layer0"},
				"west": {"uv": [3.025, 10.025, 3.475, 10.475], "texture": "#layer0"},
				"up": {"uv": [3.475, 10.025, 3.025, 10.475], "rotation": 180, "texture": "#layer0"}
			}
		},
		{
			"name": "shears_182",
			"from": [3.5, 5.5, 7.75],
			"to": [4, 6, 8.25],
			"faces": {
				"north": {"uv": [3.525, 10.475, 3.975, 10.025], "rotation": 180, "texture": "#layer0"},
				"south": {"uv": [3.525, 10.025, 3.975, 10.475], "texture": "#layer0"}
			}
		},
		{
			"name": "shears_183",
			"from": [4, 5.5, 7.75],
			"to": [4.5, 6, 8.25],
			"faces": {
				"north": {"uv": [4.025, 10.475, 4.475, 10.025], "rotation": 180, "texture": "#layer0"},
				"south": {"uv": [4.025, 10.025, 4.475, 10.475], "texture": "#layer0"}
			}
		},
		{
			"name": "shears_184",
			"from": [4.5, 5.5, 7.75],
			"to": [5, 6, 8.25],
			"faces": {
				"north": {"uv": [4.525, 10.475, 4.975, 10.025], "rotation": 180, "texture": "#layer0"},
				"east": {"uv": [4.525, 10.025, 4.975, 10.475], "texture": "#layer0"},
				"south": {"uv": [4.525, 10.025, 4.975, 10.475], "texture": "#layer0"}
			}
		},
		{
			"name": "shears_185",
			"from": [7.5, 5.5, 7.55],
			"to": [8, 6, 8.45],
			"faces": {
				"north": {"uv": [7.525, 10.475, 7.975, 10.025], "rotation": 180, "texture": "#layer0"},
				"south": {"uv": [7.525, 10.025, 7.975, 10.475], "texture": "#layer0"},
				"west": {"uv": [7.525, 10.025, 7.975, 10.475], "texture": "#layer0"},
				"up": {"uv": [7.975, 10.025, 7.525, 10.475], "rotation": 180, "texture": "#layer0"}
			}
		},
		{
			"name": "shears_186",
			"from": [8, 5.5, 7.55],
			"to": [8.5, 6, 8.45],
			"faces": {
				"north": {"uv": [8.025, 10.475, 8.475, 10.025], "rotation": 180, "texture": "#layer0"},
				"south": {"uv": [8.025, 10.025, 8.475, 10.475], "texture": "#layer0"},
				"up": {"uv": [8.475, 10.025, 8.025, 10.475], "rotation": 180, "texture": "#layer0"}
			}
		},
		{
			"name": "shears_187",
			"from": [8.5, 5.5, 7.35],
			"to": [9, 6, 8.65],
			"faces": {
				"north": {"uv": [8.525, 10.475, 8.975, 10.025], "rotation": 180, "texture": "#layer0"},
				"south": {"uv": [8.525, 10.025, 8.975, 10.475], "texture": "#layer0"},
				"west": {"uv": [8.525, 10.025, 8.975, 10.475], "texture": "#layer0"},
				"up": {"uv": [8.975, 10.025, 8.525, 10.475], "rotation": 180, "texture": "#layer0"}
			}
		},
		{
			"name": "shears_188",
			"from": [9, 5.5, 7.35],
			"to": [9.5, 6, 8.65],
			"faces": {
				"north": {"uv": [9.025, 10.475, 9.475, 10.025], "rotation": 180, "texture": "#layer0"},
				"south": {"uv": [9.025, 10.025, 9.475, 10.475], "texture": "#layer0"},
				"up": {"uv": [9.475, 10.025, 9.025, 10.475], "rotation": 180, "texture": "#layer0"}
			}
		},
		{
			"name": "shears_189",
			"from": [9.5, 5.5, 7.35],
			"to": [10, 6, 8.65],
			"faces": {
				"north": {"uv": [9.525, 10.475, 9.975, 10.025], "rotation": 180, "texture": "#layer0"},
				"south": {"uv": [9.525, 10.025, 9.975, 10.475], "texture": "#layer0"}
			}
		},
		{
			"name": "shears_190",
			"from": [10, 5.5, 7.35],
			"to": [10.5, 6, 8.65],
			"faces": {
				"north": {"uv": [10.025, 10.475, 10.475, 10.025], "rotation": 180, "texture": "#layer0"},
				"east": {"uv": [10.025, 10.025, 10.475, 10.475], "texture": "#layer0"},
				"south": {"uv": [10.025, 10.025, 10.475, 10.475], "texture": "#layer0"},
				"down": {"uv": [10.025, 10.025, 10.475, 10.475], "texture": "#layer0"}
			}
		},
		{
			"name": "shears_191",
			"from": [10.5, 5.5, 7.55],
			"to": [11, 6, 8.45],
			"faces": {
				"north": {"uv": [10.525, 10.475, 10.975, 10.025], "rotation": 180, "texture": "#layer0"},
				"east": {"uv": [10.525, 10.025, 10.975, 10.475], "texture": "#layer0"},
				"south": {"uv": [10.525, 10.025, 10.975, 10.475], "texture": "#layer0"},
				"down": {"uv": [10.525, 10.025, 10.975, 10.475], "texture": "#layer0"}
			}
		},
		{
			"name": "shears_192",
			"from": [2.5, 5, 7.75],
			"to": [3, 5.5, 8.25],
			"faces": {
				"north": {"uv": [2.525, 10.975, 2.975, 10.525], "rotation": 180, "texture": "#layer0"},
				"south": {"uv": [2.525, 10.525, 2.975, 10.975], "texture": "#layer0"},
				"west": {"uv": [2.525, 10.525, 2.975, 10.975], "texture": "#layer0"},
				"up": {"uv": [2.975, 10.525, 2.525, 10.975], "rotation": 180, "texture": "#layer0"}
			}
		},
		{
			"name": "shears_193",
			"from": [3, 5, 7.65],
			"to": [3.5, 5.5, 8.35],
			"faces": {
				"north": {"uv": [3.025, 10.975, 3.475, 10.525], "rotation": 180, "texture": "#layer0"},
				"east": {"uv": [3.025, 10.525, 3.475, 10.975], "texture": "#layer0"},
				"south": {"uv": [3.025, 10.525, 3.475, 10.975], "texture": "#layer0"},
				"west": {"uv": [3.025, 10.525, 3.475, 10.975], "texture": "#layer0"},
				"up": {"uv": [3.475, 10.525, 3.025, 10.975], "rotation": 180, "texture": "#layer0"},
				"down": {"uv": [3.025, 10.525, 3.475, 10.975], "texture": "#layer0"}
			}
		},
		{
			"name": "shears_194",
			"from": [3.5, 5, 7.75],
			"to": [4, 5.5, 8.25],
			"faces": {
				"north": {"uv": [3.525, 10.975, 3.975, 10.525], "rotation": 180, "texture": "#layer0"},
				"south": {"uv": [3.525, 10.525, 3.975, 10.975], "texture": "#layer0"},
				"down": {"uv": [3.525, 10.525, 3.975, 10.975], "texture": "#layer0"}
			}
		},
		{
			"name": "shears_195",
			"from": [4, 5, 7.75],
			"to": [4.5, 5.5, 8.25],
			"faces": {
				"north": {"uv": [4.025, 10.975, 4.475, 10.525], "rotation": 180, "texture": "#layer0"},
				"south": {"uv": [4.025, 10.525, 4.475, 10.975], "texture": "#layer0"},
				"down": {"uv": [4.025, 10.525, 4.475, 10.975], "texture": "#layer0"}
			}
		},
		{
			"name": "shears_196",
			"from": [4.5, 5, 7.65],
			"to": [5, 5.5, 8.35],
			"faces": {
				"north": {"uv": [4.525, 10.975, 4.975, 10.525], "rotation": 180, "texture": "#layer0"},
				"east": {"uv": [4.525, 10.525, 4.975, 10.975], "texture": "#layer0"},
				"south": {"uv": [4.525, 10.525, 4.975, 10.975], "texture": "#layer0"},
				"west": {"uv": [4.525, 10.525, 4.975, 10.975], "texture": "#layer0"},
				"up": {"uv": [4.975, 10.525, 4.525, 10.975], "rotation": 180, "texture": "#layer0"},
				"down": {"uv": [4.525, 10.525, 4.975, 10.975], "texture": "#layer0"}
			}
		},
		{
			"name": "shears_197",
			"from": [5, 5, 7.75],
			"to": [5.5, 5.5, 8.25],
			"faces": {
				"north": {"uv": [5.025, 10.975, 5.475, 10.525], "rotation": 180, "texture": "#layer0"},
				"east": {"uv": [5.025, 10.525, 5.475, 10.975], "texture": "#layer0"},
				"south": {"uv": [5.025, 10.525, 5.475, 10.975], "texture": "#layer0"},
				"up": {"uv": [5.475, 10.525, 5.025, 10.975], "rotation": 180, "texture": "#layer0"}
			}
		},
		{
			"name": "shears_198",
			"from": [6, 5, 7.75],
			"to": [6.5, 5.5, 8.25],
			"faces": {
				"north": {"uv": [6.025, 10.975, 6.475, 10.525], "rotation": 180, "texture": "#layer0"},
				"south": {"uv": [6.025, 10.525, 6.475, 10.975], "texture": "#layer0"},
				"west": {"uv": [6.025, 10.525, 6.475, 10.975], "texture": "#layer0"},
				"up": {"uv": [6.475, 10.525, 6.025, 10.975], "rotation": 180, "texture": "#layer0"}
			}
		},
		{
			"name": "shears_199",
			"from": [6.5, 5, 7.55],
			"to": [7, 5.5, 8.45],
			"faces": {
				"north": {"uv": [6.525, 10.975, 6.975, 10.525], "rotation": 180, "texture": "#layer0"},
				"south": {"uv": [6.525, 10.525, 6.975, 10.975], "texture": "#layer0"},
				"west": {"uv": [6.525, 10.525, 6.975, 10.975], "texture": "#layer0"},
				"up": {"uv": [6.975, 10.525, 6.525, 10.975], "rotation": 180, "texture": "#layer0"}
			}
		},
		{
			"name": "shears_200",
			"from": [7, 5, 7.55],
			"to": [7.5, 5.5, 8.45],
			"faces": {
				"north": {"uv": [7.025, 10.975, 7.475, 10.525], "rotation": 180, "texture": "#layer0"},
				"south": {"uv": [7.025, 10.525, 7.475, 10.975], "texture": "#layer0"},
				"up": {"uv": [7.475, 10.525, 7.025, 10.975], "rotation": 180, "texture": "#layer0"}
			}
		},
		{
			"name": "shears_201",
			"from": [7.5, 5, 7.35],
			"to": [8, 5.5, 8.65],
			"faces": {
				"north": {"uv": [7.525, 10.975, 7.975, 10.525], "rotation": 180, "texture": "#layer0"},
				"south": {"uv": [7.525, 10.525, 7.975, 10.975], "texture": "#layer0"},
				"west": {"uv": [7.525, 10.525, 7.975, 10.975], "texture": "#layer0"},
				"up": {"uv": [7.975, 10.525, 7.525, 10.975], "rotation": 180, "texture": "#layer0"}
			}
		},
		{
			"name": "shears_202",
			"from": [8, 5, 7.35],
			"to": [8.5, 5.5, 8.65],
			"faces": {
				"north": {"uv": [8.025, 10.975, 8.475, 10.525], "rotation": 180, "texture": "#layer0"},
				"south": {"uv": [8.025, 10.525, 8.475, 10.975], "texture": "#layer0"},
				"up": {"uv": [8.475, 10.525, 8.025, 10.975], "rotation": 180, "texture": "#layer0"}
			}
		},
		{
			"name": "shears_203",
			"from": [8.5, 5, 7.35],
			"to": [9, 5.5, 8.65],
			"faces": {
				"north": {"uv": [8.525, 10.975, 8.975, 10.525], "rotation": 180, "texture": "#layer0"},
				"south": {"uv": [8.525, 10.525, 8.975, 10.975], "texture": "#layer0"}
			}
		},
		{
			"name": "shears_204",
			"from": [9, 5, 7.35],
			"to": [9.5, 5.5, 8.65],
			"faces": {
				"north": {"uv": [9.025, 10.975, 9.475, 10.525], "rotation": 180, "texture": "#layer0"},
				"south": {"uv": [9.025, 10.525, 9.475, 10.975], "texture": "#layer0"},
				"down": {"uv": [9.025, 10.525, 9.475, 10.975], "texture": "#layer0"}
			}
		},
		{
			"name": "shears_205",
			"from": [9.5, 5, 7.35],
			"to": [10, 5.5, 8.65],
			"faces": {
				"north": {"uv": [9.525, 10.975, 9.975, 10.525], "rotation": 180, "texture": "#layer0"},
				"east": {"uv": [9.525, 10.525, 9.975, 10.975], "texture": "#layer0"},
				"south": {"uv": [9.525, 10.525, 9.975, 10.975], "texture": "#layer0"},
				"down": {"uv": [9.525, 10.525, 9.975, 10.975], "texture": "#layer0"}
			}
		},
		{
			"name": "shears_206",
			"from": [10, 5, 7.55],
			"to": [10.5, 5.5, 8.45],
			"faces": {
				"north": {"uv": [10.025, 10.975, 10.475, 10.525], "rotation": 180, "texture": "#layer0"},
				"east": {"uv": [10.025, 10.525, 10.475, 10.975], "texture": "#layer0"},
				"south": {"uv": [10.025, 10.525, 10.475, 10.975], "texture": "#layer0"},
				"down": {"uv": [10.025, 10.525, 10.475, 10.975], "texture": "#layer0"}
			}
		},
		{
			"name": "shears_207",
			"from": [2, 4.5, 7.75],
			"to": [2.5, 5, 8.25],
			"faces": {
				"north": {"uv": [2.025, 11.475, 2.475, 11.025], "rotation": 180, "texture": "#layer0"},
				"south": {"uv": [2.025, 11.025, 2.475, 11.475], "texture": "#layer0"},
				"west": {"uv": [2.025, 11.025, 2.475, 11.475], "texture": "#layer0"},
				"up": {"uv": [2.475, 11.025, 2.025, 11.475], "rotation": 180, "texture": "#layer0"}
			}
		},
		{
			"name": "shears_208",
			"from": [2.5, 4.5, 7.65],
			"to": [3, 5, 8.35],
			"faces": {
				"north": {"uv": [2.525, 11.475, 2.975, 11.025], "rotation": 180, "texture": "#layer0"},
				"east": {"uv": [2.525, 11.025, 2.975, 11.475], "texture": "#layer0"},
				"south": {"uv": [2.525, 11.025, 2.975, 11.475], "texture": "#layer0"},
				"west": {"uv": [2.525, 11.025, 2.975, 11.475], "texture": "#layer0"},
				"up": {"uv": [2.975, 11.025, 2.525, 11.475], "rotation": 180, "texture": "#layer0"},
				"down": {"uv": [2.525, 11.025, 2.975, 11.475], "texture": "#layer0"}
			}
		},
		{
			"name": "shears_209",
			"from": [3, 4.5, 7.75],
			"to": [3.5, 5, 8.25],
			"faces": {
				"north": {"uv": [3.025, 11.475, 3.475, 11.025], "rotation": 180, "texture": "#layer0"},
				"east": {"uv": [3.025, 11.025, 3.475, 11.475], "texture": "#layer0"},
				"south": {"uv": [3.025, 11.025, 3.475, 11.475], "texture": "#layer0"},
				"down": {"uv": [3.025, 11.025, 3.475, 11.475], "texture": "#layer0"}
			}
		},
		{
			"name": "shears_210",
			"from": [4.5, 4.5, 7.75],
			"to": [5, 5, 8.25],
			"faces": {
				"north": {"uv": [4.525, 11.475, 4.975, 11.025], "rotation": 180, "texture": "#layer0"},
				"south": {"uv": [4.525, 11.025, 4.975, 11.475], "texture": "#layer0"},
				"west": {"uv": [4.525, 11.025, 4.975, 11.475], "texture": "#layer0"},
				"down": {"uv": [4.525, 11.025, 4.975, 11.475], "texture": "#layer0"}
			}
		},
		{
			"name": "shears_211",
			"from": [5, 4.5, 7.65],
			"to": [5.5, 5, 8.35],
			"faces": {
				"north": {"uv": [5.025, 11.475, 5.475, 11.025], "rotation": 180, "texture": "#layer0"},
				"east": {"uv": [5.025, 11.025, 5.475, 11.475], "texture": "#layer0"},
				"south": {"uv": [5.025, 11.025, 5.475, 11.475], "texture": "#layer0"},
				"west": {"uv": [5.025, 11.025, 5.475, 11.475], "texture": "#layer0"},
				"up": {"uv": [5.475, 11.025, 5.025, 11.475], "rotation": 180, "texture": "#layer0"},
				"down": {"uv": [5.025, 11.025, 5.475, 11.475], "texture": "#layer0"}
			}
		},
		{
			"name": "shears_212",
			"from": [5.5, 4.5, 7.75],
			"to": [6, 5, 8.25],
			"faces": {
				"north": {"uv": [5.525, 11.475, 5.975, 11.025], "rotation": 180, "texture": "#layer0"},
				"south": {"uv": [5.525, 11.025, 5.975, 11.475], "texture": "#layer0"},
				"up": {"uv": [5.975, 11.025, 5.525, 11.475], "rotation": 180, "texture": "#layer0"}
			}
		},
		{
			"name": "shears_213",
			"from": [6, 4.5, 7.55],
			"to": [6.5, 5, 8.45],
			"faces": {
				"north": {"uv": [6.025, 11.475, 6.475, 11.025], "rotation": 180, "texture": "#layer0"},
				"south": {"uv": [6.025, 11.025, 6.475, 11.475], "texture": "#layer0"},
				"west": {"uv": [6.025, 11.025, 6.475, 11.475], "texture": "#layer0"},
				"up": {"uv": [6.475, 11.025, 6.025, 11.475], "rotation": 180, "texture": "#layer0"}
			}
		},
		{
			"name": "shears_214",
			"from": [6.5, 4.5, 7.35],
			"to": [7, 5, 8.65],
			"faces": {
				"north": {"uv": [6.525, 11.475, 6.975, 11.025], "rotation": 180, "texture": "#layer0"},
				"south": {"uv": [6.525, 11.025, 6.975, 11.475], "texture": "#layer0"},
				"west": {"uv": [6.525, 11.025, 6.975, 11.475], "texture": "#layer0"},
				"up": {"uv": [6.975, 11.025, 6.525, 11.475], "rotation": 180, "texture": "#layer0"}
			}
		},
		{
			"name": "shears_215",
			"from": [7, 4.5, 7.35],
			"to": [7.5, 5, 8.65],
			"faces": {
				"north": {"uv": [7.025, 11.475, 7.475, 11.025], "rotation": 180, "texture": "#layer0"},
				"south": {"uv": [7.025, 11.025, 7.475, 11.475], "texture": "#layer0"},
				"up": {"uv": [7.475, 11.025, 7.025, 11.475], "rotation": 180, "texture": "#layer0"}
			}
		},
		{
			"name": "shears_216",
			"from": [7.5, 4.5, 7.35],
			"to": [8, 5, 8.65],
			"faces": {
				"north": {"uv": [7.525, 11.475, 7.975, 11.025], "rotation": 180, "texture": "#layer0"},
				"south": {"uv": [7.525, 11.025, 7.975, 11.475], "texture": "#layer0"},
				"down": {"uv": [7.525, 11.025, 7.975, 11.475], "texture": "#layer0"}
			}
		},
		{
			"name": "shears_217",
			"from": [8, 4.5, 7.35],
			"to": [8.5, 5, 8.65],
			"faces": {
				"north": {"uv": [8.025, 11.475, 8.475, 11.025], "rotation": 180, "texture": "#layer0"},
				"south": {"uv": [8.025, 11.025, 8.475, 11.475], "texture": "#layer0"},
				"down": {"uv": [8.025, 11.025, 8.475, 11.475], "texture": "#layer0"}
			}
		},
		{
			"name": "shears_218",
			"from": [8.5, 4.5, 7.35],
			"to": [9, 5, 8.65],
			"faces": {
				"north": {"uv": [8.525, 11.475, 8.975, 11.025], "rotation": 180, "texture": "#layer0"},
				"east": {"uv": [8.525, 11.025, 8.975, 11.475], "texture": "#layer0"},
				"south": {"uv": [8.525, 11.025, 8.975, 11.475], "texture": "#layer0"},
				"down": {"uv": [8.525, 11.025, 8.975, 11.475], "texture": "#layer0"}
			}
		},
		{
			"name": "shears_219",
			"from": [9, 4.5, 7.55],
			"to": [9.5, 5, 8.45],
			"faces": {
				"north": {"uv": [9.025, 11.475, 9.475, 11.025], "rotation": 180, "texture": "#layer0"},
				"south": {"uv": [9.025, 11.025, 9.475, 11.475], "texture": "#layer0"},
				"down": {"uv": [9.025, 11.025, 9.475, 11.475], "texture": "#layer0"}
			}
		},
		{
			"name": "shears_220",
			"from": [9.5, 4.5, 7.55],
			"to": [10, 5, 8.45],
			"faces": {
				"north": {"uv": [9.525, 11.475, 9.975, 11.025], "rotation": 180, "texture": "#layer0"},
				"east": {"uv": [9.525, 11.025, 9.975, 11.475], "texture": "#layer0"},
				"south": {"uv": [9.525, 11.025, 9.975, 11.475], "texture": "#layer0"},
				"down": {"uv": [9.525, 11.025, 9.975, 11.475], "texture": "#layer0"}
			}
		},
		{
			"name": "shears_221",
			"from": [2, 4, 7.75],
			"to": [2.5, 4.5, 8.25],
			"faces": {
				"north": {"uv": [2.025, 11.975, 2.475, 11.525], "rotation": 180, "texture": "#layer0"},
				"south": {"uv": [2.025, 11.525, 2.475, 11.975], "texture": "#layer0"},
				"west": {"uv": [2.025, 11.525, 2.475, 11.975], "texture": "#layer0"}
			}
		},
		{
			"name": "shears_222",
			"from": [2.5, 4, 7.75],
			"to": [3, 4.5, 8.25],
			"faces": {
				"north": {"uv": [2.525, 11.975, 2.975, 11.525], "rotation": 180, "texture": "#layer0"},
				"east": {"uv": [2.525, 11.525, 2.975, 11.975], "texture": "#layer0"},
				"south": {"uv": [2.525, 11.525, 2.975, 11.975], "texture": "#layer0"}
			}
		},
		{
			"name": "shears_223",
			"from": [5, 4, 7.75],
			"to": [5.5, 4.5, 8.25],
			"faces": {
				"north": {"uv": [5.025, 11.975, 5.475, 11.525], "rotation": 180, "texture": "#layer0"},
				"south": {"uv": [5.025, 11.525, 5.475, 11.975], "texture": "#layer0"},
				"west": {"uv": [5.025, 11.525, 5.475, 11.975], "texture": "#layer0"}
			}
		},
		{
			"name": "shears_224",
			"from": [5.5, 4, 7.75],
			"to": [6, 4.5, 8.25],
			"faces": {
				"north": {"uv": [5.525, 11.975, 5.975, 11.525], "rotation": 180, "texture": "#layer0"},
				"south": {"uv": [5.525, 11.525, 5.975, 11.975], "texture": "#layer0"}
			}
		},
		{
			"name": "shears_225",
			"from": [6, 4, 7.55],
			"to": [6.5, 4.5, 8.45],
			"faces": {
				"north": {"uv": [6.025, 11.975, 6.475, 11.525], "rotation": 180, "texture": "#layer0"},
				"south": {"uv": [6.025, 11.525, 6.475, 11.975], "texture": "#layer0"},
				"west": {"uv": [6.025, 11.525, 6.475, 11.975], "texture": "#layer0"}
			}
		},
		{
			"name": "shears_226",
			"from": [6.5, 4, 7.35],
			"to": [7, 4.5, 8.65],
			"faces": {
				"north": {"uv": [6.525, 11.975, 6.975, 11.525], "rotation": 180, "texture": "#layer0"},
				"south": {"uv": [6.525, 11.525, 6.975, 11.975], "texture": "#layer0"},
				"west": {"uv": [6.525, 11.525, 6.975, 11.975], "texture": "#layer0"},
				"down": {"uv": [6.525, 11.525, 6.975, 11.975], "texture": "#layer0"}
			}
		},
		{
			"name": "shears_227",
			"from": [7, 4, 7.35],
			"to": [7.5, 4.5, 8.65],
			"faces": {
				"north": {"uv": [7.025, 11.975, 7.475, 11.525], "rotation": 180, "texture": "#layer0"},
				"east": {"uv": [7.025, 11.525, 7.475, 11.975], "texture": "#layer0"},
				"south": {"uv": [7.025, 11.525, 7.475, 11.975], "texture": "#layer0"},
				"down": {"uv": [7.025, 11.525, 7.475, 11.975], "texture": "#layer0"}
			}
		},
		{
			"name": "shears_228",
			"from": [7.5, 4, 7.55],
			"to": [8, 4.5, 8.45],
			"faces": {
				"north": {"uv": [7.525, 11.975, 7.975, 11.525], "rotation": 180, "texture": "#layer0"},
				"south": {"uv": [7.525, 11.525, 7.975, 11.975], "texture": "#layer0"},
				"down": {"uv": [7.525, 11.525, 7.975, 11.975], "texture": "#layer0"}
			}
		},
		{
			"name": "shears_229",
			"from": [8, 4, 7.55],
			"to": [8.5, 4.5, 8.45],
			"faces": {
				"north": {"uv": [8.025, 11.975, 8.475, 11.525], "rotation": 180, "texture": "#layer0"},
				"south": {"uv": [8.025, 11.525, 8.475, 11.975], "texture": "#layer0"},
				"down": {"uv": [8.025, 11.525, 8.475, 11.975], "texture": "#layer0"}
			}
		},
		{
			"name": "shears_230",
			"from": [8.5, 4, 7.55],
			"to": [9, 4.5, 8.45],
			"faces": {
				"north": {"uv": [8.525, 11.975, 8.975, 11.525], "rotation": 180, "texture": "#layer0"},
				"east": {"uv": [8.525, 11.525, 8.975, 11.975], "texture": "#layer0"},
				"south": {"uv": [8.525, 11.525, 8.975, 11.975], "texture": "#layer0"},
				"down": {"uv": [8.525, 11.525, 8.975, 11.975], "texture": "#layer0"}
			}
		},
		{
			"name": "shears_231",
			"from": [2, 3.5, 7.75],
			"to": [2.5, 4, 8.25],
			"faces": {
				"north": {"uv": [2.025, 12.475, 2.475, 12.025], "rotation": 180, "texture": "#layer0"},
				"south": {"uv": [2.025, 12.025, 2.475, 12.475], "texture": "#layer0"},
				"west": {"uv": [2.025, 12.025, 2.475, 12.475], "texture": "#layer0"}
			}
		},
		{
			"name": "shears_232",
			"from": [2.5, 3.5, 7.75],
			"to": [3, 4, 8.25],
			"faces": {
				"north": {"uv": [2.525, 12.475, 2.975, 12.025], "rotation": 180, "texture": "#layer0"},
				"east": {"uv": [2.525, 12.025, 2.975, 12.475], "texture": "#layer0"},
				"south": {"uv": [2.525, 12.025, 2.975, 12.475], "texture": "#layer0"}
			}
		},
		{
			"name": "shears_233",
			"from": [5, 3.5, 7.75],
			"to": [5.5, 4, 8.25],
			"faces": {
				"north": {"uv": [5.025, 12.475, 5.475, 12.025], "rotation": 180, "texture": "#layer0"},
				"south": {"uv": [5.025, 12.025, 5.475, 12.475], "texture": "#layer0"},
				"west": {"uv": [5.025, 12.025, 5.475, 12.475], "texture": "#layer0"}
			}
		},
		{
			"name": "shears_234",
			"from": [5.5, 3.5, 7.75],
			"to": [6, 4, 8.25],
			"faces": {
				"north": {"uv": [5.525, 12.475, 5.975, 12.025], "rotation": 180, "texture": "#layer0"},
				"south": {"uv": [5.525, 12.025, 5.975, 12.475], "texture": "#layer0"}
			}
		},
		{
			"name": "shears_235",
			"from": [6, 3.5, 7.55],
			"to": [6.5, 4, 8.45],
			"faces": {
				"north": {"uv": [6.025, 12.475, 6.475, 12.025], "rotation": 180, "texture": "#layer0"},
				"south": {"uv": [6.025, 12.025, 6.475, 12.475], "texture": "#layer0"},
				"west": {"uv": [6.025, 12.025, 6.475, 12.475], "texture": "#layer0"},
				"down": {"uv": [6.025, 12.025, 6.475, 12.475], "texture": "#layer0"}
			}
		},
		{
			"name": "shears_236",
			"from": [6.5, 3.5, 7.55],
			"to": [7, 4, 8.45],
			"faces": {
				"north": {"uv": [6.525, 12.475, 6.975, 12.025], "rotation": 180, "texture": "#layer0"},
				"south": {"uv": [6.525, 12.025, 6.975, 12.475], "texture": "#layer0"},
				"down": {"uv": [6.525, 12.025, 6.975, 12.475], "texture": "#layer0"}
			}
		},
		{
			"name": "shears_237",
			"from": [7, 3.5, 7.55],
			"to": [7.5, 4, 8.45],
			"faces": {
				"north": {"uv": [7.025, 12.475, 7.475, 12.025], "rotation": 180, "texture": "#layer0"},
				"east": {"uv": [7.025, 12.025, 7.475, 12.475], "texture": "#layer0"},
				"south": {"uv": [7.025, 12.025, 7.475, 12.475], "texture": "#layer0"},
				"down": {"uv": [7.025, 12.025, 7.475, 12.475], "texture": "#layer0"}
			}
		},
		{
			"name": "shears_238",
			"from": [2, 3, 7.75],
			"to": [2.5, 3.5, 8.25],
			"faces": {
				"north": {"uv": [2.025, 12.975, 2.475, 12.525], "rotation": 180, "texture": "#layer0"},
				"south": {"uv": [2.025, 12.525, 2.475, 12.975], "texture": "#layer0"},
				"west": {"uv": [2.025, 12.525, 2.475, 12.975], "texture": "#layer0"},
				"down": {"uv": [2.025, 12.525, 2.475, 12.975], "texture": "#layer0"}
			}
		},
		{
			"name": "shears_239",
			"from": [2.5, 3, 7.65],
			"to": [3, 3.5, 8.35],
			"faces": {
				"north": {"uv": [2.525, 12.975, 2.975, 12.525], "rotation": 180, "texture": "#layer0"},
				"east": {"uv": [2.525, 12.525, 2.975, 12.975], "texture": "#layer0"},
				"south": {"uv": [2.525, 12.525, 2.975, 12.975], "texture": "#layer0"},
				"west": {"uv": [2.525, 12.525, 2.975, 12.975], "texture": "#layer0"},
				"up": {"uv": [2.975, 12.525, 2.525, 12.975], "rotation": 180, "texture": "#layer0"},
				"down": {"uv": [2.525, 12.525, 2.975, 12.975], "texture": "#layer0"}
			}
		},
		{
			"name": "shears_240",
			"from": [3, 3, 7.75],
			"to": [3.5, 3.5, 8.25],
			"faces": {
				"north": {"uv": [3.025, 12.975, 3.475, 12.525], "rotation": 180, "texture": "#layer0"},
				"east": {"uv": [3.025, 12.525, 3.475, 12.975], "texture": "#layer0"},
				"south": {"uv": [3.025, 12.525, 3.475, 12.975], "texture": "#layer0"},
				"up": {"uv": [3.475, 12.525, 3.025, 12.975], "rotation": 180, "texture": "#layer0"}
			}
		},
		{
			"name": "shears_241",
			"from": [4.5, 3, 7.75],
			"to": [5, 3.5, 8.25],
			"faces": {
				"north": {"uv": [4.525, 12.975, 4.975, 12.525], "rotation": 180, "texture": "#layer0"},
				"south": {"uv": [4.525, 12.525, 4.975, 12.975], "texture": "#layer0"},
				"west": {"uv": [4.525, 12.525, 4.975, 12.975], "texture": "#layer0"},
				"up": {"uv": [4.975, 12.525, 4.525, 12.975], "rotation": 180, "texture": "#layer0"}
			}
		},
		{
			"name": "shears_242",
			"from": [5, 3, 7.65],
			"to": [5.5, 3.5, 8.35],
			"faces": {
				"north": {"uv": [5.025, 12.975, 5.475, 12.525], "rotation": 180, "texture": "#layer0"},
				"east": {"uv": [5.025, 12.525, 5.475, 12.975], "texture": "#layer0"},
				"south": {"uv": [5.025, 12.525, 5.475, 12.975], "texture": "#layer0"},
				"west": {"uv": [5.025, 12.525, 5.475, 12.975], "texture": "#layer0"},
				"up": {"uv": [5.475, 12.525, 5.025, 12.975], "rotation": 180, "texture": "#layer0"},
				"down": {"uv": [5.025, 12.525, 5.475, 12.975], "texture": "#layer0"}
			}
		},
		{
			"name": "shears_243",
			"from": [5.5, 3, 7.75],
			"to": [6, 3.5, 8.25],
			"faces": {
				"north": {"uv": [5.525, 12.975, 5.975, 12.525], "rotation": 180, "texture": "#layer0"},
				"east": {"uv": [5.525, 12.525, 5.975, 12.975], "texture": "#layer0"},
				"south": {"uv": [5.525, 12.525, 5.975, 12.975], "texture": "#layer0"},
				"down": {"uv": [5.525, 12.525, 5.975, 12.975], "texture": "#layer0"}
			}
		},
		{
			"name": "shears_244",
			"from": [2.5, 2.5, 7.75],
			"to": [3, 3, 8.25],
			"faces": {
				"north": {"uv": [2.525, 13.475, 2.975, 13.025], "rotation": 180, "texture": "#layer0"},
				"south": {"uv": [2.525, 13.025, 2.975, 13.475], "texture": "#layer0"},
				"west": {"uv": [2.525, 13.025, 2.975, 13.475], "texture": "#layer0"},
				"down": {"uv": [2.525, 13.025, 2.975, 13.475], "texture": "#layer0"}
			}
		},
		{
			"name": "shears_245",
			"from": [3, 2.5, 7.65],
			"to": [3.5, 3, 8.35],
			"faces": {
				"north": {"uv": [3.025, 13.475, 3.475, 13.025], "rotation": 180, "texture": "#layer0"},
				"east": {"uv": [3.025, 13.025, 3.475, 13.475], "texture": "#layer0"},
				"south": {"uv": [3.025, 13.025, 3.475, 13.475], "texture": "#layer0"},
				"west": {"uv": [3.025, 13.025, 3.475, 13.475], "texture": "#layer0"},
				"up": {"uv": [3.475, 13.025, 3.025, 13.475], "rotation": 180, "texture": "#layer0"},
				"down": {"uv": [3.025, 13.025, 3.475, 13.475], "texture": "#layer0"}
			}
		},
		{
			"name": "shears_246",
			"from": [3.5, 2.5, 7.75],
			"to": [4, 3, 8.25],
			"faces": {
				"north": {"uv": [3.525, 13.475, 3.975, 13.025], "rotation": 180, "texture": "#layer0"},
				"south": {"uv": [3.525, 13.025, 3.975, 13.475], "texture": "#layer0"},
				"up": {"uv": [3.975, 13.025, 3.525, 13.475], "rotation": 180, "texture": "#layer0"}
			}
		},
		{
			"name": "shears_247",
			"from": [4, 2.5, 7.75],
			"to": [4.5, 3, 8.25],
			"faces": {
				"north": {"uv": [4.025, 13.475, 4.475, 13.025], "rotation": 180, "texture": "#layer0"},
				"south": {"uv": [4.025, 13.025, 4.475, 13.475], "texture": "#layer0"},
				"up": {"uv": [4.475, 13.025, 4.025, 13.475], "rotation": 180, "texture": "#layer0"}
			}
		},
		{
			"name": "shears_248",
			"from": [4.5, 2.5, 7.65],
			"to": [5, 3, 8.35],
			"faces": {
				"north": {"uv": [4.525, 13.475, 4.975, 13.025], "rotation": 180, "texture": "#layer0"},
				"east": {"uv": [4.525, 13.025, 4.975, 13.475], "texture": "#layer0"},
				"south": {"uv": [4.525, 13.025, 4.975, 13.475], "texture": "#layer0"},
				"west": {"uv": [4.525, 13.025, 4.975, 13.475], "texture": "#layer0"},
				"up": {"uv": [4.975, 13.025, 4.525, 13.475], "rotation": 180, "texture": "#layer0"},
				"down": {"uv": [4.525, 13.025, 4.975, 13.475], "texture": "#layer0"}
			}
		},
		{
			"name": "shears_249",
			"from": [5, 2.5, 7.75],
			"to": [5.5, 3, 8.25],
			"faces": {
				"north": {"uv": [5.025, 13.475, 5.475, 13.025], "rotation": 180, "texture": "#layer0"},
				"east": {"uv": [5.025, 13.025, 5.475, 13.475], "texture": "#layer0"},
				"south": {"uv": [5.025, 13.025, 5.475, 13.475], "texture": "#layer0"},
				"down": {"uv": [5.025, 13.025, 5.475, 13.475], "texture": "#layer0"}
			}
		},
		{
			"name": "shears_250",
			"from": [3, 2, 7.75],
			"to": [3.5, 2.5, 8.25],
			"faces": {
				"north": {"uv": [3.025, 13.975, 3.475, 13.525], "rotation": 180, "texture": "#layer0"},
				"south": {"uv": [3.025, 13.525, 3.475, 13.975], "texture": "#layer0"},
				"west": {"uv": [3.025, 13.525, 3.475, 13.975], "texture": "#layer0"},
				"down": {"uv": [3.025, 13.525, 3.475, 13.975], "texture": "#layer0"}
			}
		},
		{
			"name": "shears_251",
			"from": [3.5, 2, 7.75],
			"to": [4, 2.5, 8.25],
			"faces": {
				"north": {"uv": [3.525, 13.975, 3.975, 13.525], "rotation": 180, "texture": "#layer0"},
				"south": {"uv": [3.525, 13.525, 3.975, 13.975], "texture": "#layer0"},
				"down": {"uv": [3.525, 13.525, 3.975, 13.975], "texture": "#layer0"}
			}
		},
		{
			"name": "shears_252",
			"from": [4, 2, 7.75],
			"to": [4.5, 2.5, 8.25],
			"faces": {
				"north": {"uv": [4.025, 13.975, 4.475, 13.525], "rotation": 180, "texture": "#layer0"},
				"south": {"uv": [4.025, 13.525, 4.475, 13.975], "texture": "#layer0"},
				"down": {"uv": [4.025, 13.525, 4.475, 13.975], "texture": "#layer0"}
			}
		},
		{
			"name": "shears_253",
			"from": [4.5, 2, 7.75],
			"to": [5, 2.5, 8.25],
			"faces": {
				"north": {"uv": [4.525, 13.975, 4.975, 13.525], "rotation": 180, "texture": "#layer0"},
				"east": {"uv": [4.525, 13.525, 4.975, 13.975], "texture": "#layer0"},
				"south": {"uv": [4.525, 13.525, 4.975, 13.975], "texture": "#layer0"},
				"down": {"uv": [4.525, 13.525, 4.975, 13.975], "texture": "#layer0"}
			}
		}
	],
	"groups": [
		{
			"name": "shears",
			"origin": [8, 8, 8],
			"children": [0, 1, 2, 3, 4, 5, 6, 7, 8, 9, 10, 11, 12, 13, 14, 15, 16, 17, 18, 19, 20, 21, 22, 23, 24, 25, 26, 27, 28, 29, 30, 31, 32, 33, 34, 35, 36, 37, 38, 39, 40, 41, 42, 43, 44, 45, 46, 47, 48, 49, 50, 51, 52, 53, 54, 55, 56, 57, 58, 59, 60, 61, 62, 63, 64, 65, 66, 67, 68, 69, 70, 71, 72, 73, 74, 75, 76, 77, 78, 79, 80, 81, 82, 83, 84, 85, 86, 87, 88, 89, 90, 91, 92, 93, 94, 95, 96, 97, 98, 99, 100, 101, 102, 103, 104, 105, 106, 107, 108, 109, 110, 111, 112, 113, 114, 115, 116, 117, 118, 119, 120, 121, 122, 123, 124, 125, 126, 127, 128, 129, 130, 131, 132, 133, 134, 135, 136, 137, 138, 139, 140, 141, 142, 143, 144, 145, 146, 147, 148, 149, 150, 151, 152, 153, 154, 155, 156, 157, 158, 159, 160, 161, 162, 163, 164, 165, 166, 167, 168, 169, 170, 171, 172, 173, 174, 175, 176, 177, 178, 179, 180, 181, 182, 183, 184, 185, 186, 187, 188, 189, 190, 191, 192, 193, 194, 195, 196, 197, 198, 199, 200, 201, 202, 203, 204, 205, 206, 207, 208, 209, 210, 211, 212, 213, 214, 215, 216, 217, 218, 219, 220, 221, 222, 223, 224, 225, 226, 227, 228, 229, 230, 231, 232, 233, 234, 235, 236, 237, 238, 239, 240, 241, 242, 243, 244, 245, 246, 247, 248, 249, 250, 251, 252, 253]
		}
	]
}