{
	"credit": "Made with Blockbench",
	"parent": "item/tool_display",
	"textures": {
		"layer0": "items/wood_shovel",
		"particle": "items/wood_shovel"
	},
	"elements": [
		{
			"name": "shovel_0",
			"from": [11.5, 13.5, 7.55],
			"to": [12, 14, 8.45],
			"faces": {
				"north": {"uv": [11.525, 2.475, 11.975, 2.025], "rotation": 180, "texture": "#layer0"},
				"south": {"uv": [11.525, 2.025, 11.975, 2.475], "texture": "#layer0"},
				"west": {"uv": [11.525, 2.025, 11.975, 2.475], "texture": "#layer0"},
				"up": {"uv": [11.975, 2.025, 11.525, 2.475], "rotation": 180, "texture": "#layer0"},
				"down": {"uv": [11.525, 2.025, 11.975, 2.475], "texture": "#layer0"}
			}
		},
		{
			"name": "shovel_1",
			"from": [12, 13.5, 7.55],
			"to": [12.5, 14, 8.45],
			"faces": {
				"north": {"uv": [12.025, 2.475, 12.475, 2.025], "rotation": 180, "texture": "#layer0"},
				"south": {"uv": [12.025, 2.025, 12.475, 2.475], "texture": "#layer0"},
				"up": {"uv": [12.475, 2.025, 12.025, 2.475], "rotation": 180, "texture": "#layer0"},
				"down": {"uv": [12.025, 2.025, 12.475, 2.475], "texture": "#layer0"}
			}
		},
		{
			"name": "shovel_2",
			"from": [12.5, 13.5, 7.55],
			"to": [13, 14, 8.45],
			"faces": {
				"north": {"uv": [12.525, 2.475, 12.975, 2.025], "rotation": 180, "texture": "#layer0"},
				"south": {"uv": [12.525, 2.025, 12.975, 2.475], "texture": "#layer0"},
				"up": {"uv": [12.975, 2.025, 12.525, 2.475], "rotation": 180, "texture": "#layer0"},
				"down": {"uv": [12.525, 2.025, 12.975, 2.475], "texture": "#layer0"}
			}
		},
		{
			"name": "shovel_3",
			"from": [13, 13.5, 7.55],
			"to": [13.5, 14, 8.45],
			"faces": {
				"north": {"uv": [13.025, 2.475, 13.475, 2.025], "rotation": 180, "texture": "#layer0"},
				"east": {"uv": [13.025, 2.025, 13.475, 2.475], "texture": "#layer0"},
				"south": {"uv": [13.025, 2.025, 13.475, 2.475], "texture": "#layer0"},
				"up": {"uv": [13.475, 2.025, 13.025, 2.475], "rotation": 180, "texture": "#layer0"},
				"down": {"uv": [13.025, 2.025, 13.475, 2.475], "texture": "#layer0"}
			}
		},
		{
			"name": "shovel_4",
			"from": [11, 13, 7.55],
			"to": [11.5, 13.5, 8.45],
			"faces": {
				"north": {"uv": [11.025, 2.975, 11.475, 2.525], "rotation": 180, "texture": "#layer0"},
				"east": {"uv": [11.025, 2.525, 11.475, 2.975], "texture": "#layer0"},
				"south": {"uv": [11.025, 2.525, 11.475, 2.975], "texture": "#layer0"},
				"west": {"uv": [11.025, 2.525, 11.475, 2.975], "texture": "#layer0"},
				"up": {"uv": [11.475, 2.525, 11.025, 2.975], "rotation": 180, "texture": "#layer0"},
				"down": {"uv": [11.025, 2.525, 11.475, 2.975], "texture": "#layer0"}
			}
		},
		{
			"name": "shovel_5",
			"from": [11.5, 13, 7.75],
			"to": [12, 13.5, 8.25],
			"faces": {
				"north": {"uv": [11.525, 2.975, 11.975, 2.525], "rotation": 180, "texture": "#layer0"},
				"south": {"uv": [11.525, 2.525, 11.975, 2.975], "texture": "#layer0"}
			}
		},
		{
			"name": "shovel_6",
			"from": [12, 13, 7.75],
			"to": [12.5, 13.5, 8.25],
			"faces": {
				"north": {"uv": [12.025, 2.975, 12.475, 2.525], "rotation": 180, "texture": "#layer0"},
				"south": {"uv": [12.025, 2.525, 12.475, 2.975], "texture": "#layer0"}
			}
		},
		{
			"name": "shovel_7",
			"from": [12.5, 13, 7.75],
			"to": [13, 13.5, 8.25],
			"faces": {
				"north": {"uv": [12.525, 2.975, 12.975, 2.525], "rotation": 180, "texture": "#layer0"},
				"south": {"uv": [12.525, 2.525, 12.975, 2.975], "texture": "#layer0"}
			}
		},
		{
			"name": "shovel_8",
			"from": [13, 13, 7.75],
			"to": [13.5, 13.5, 8.25],
			"faces": {
				"north": {"uv": [13.025, 2.975, 13.475, 2.525], "rotation": 180, "texture": "#layer0"},
				"south": {"uv": [13.025, 2.525, 13.475, 2.975], "texture": "#layer0"}
			}
		},
		{
			"name": "shovel_9",
			"from": [13.5, 13, 7.55],
			"to": [14, 13.5, 8.45],
			"faces": {
				"north": {"uv": [13.525, 2.975, 13.975, 2.525], "rotation": 180, "texture": "#layer0"},
				"east": {"uv": [13.525, 2.525, 13.975, 2.975], "texture": "#layer0"},
				"south": {"uv": [13.525, 2.525, 13.975, 2.975], "texture": "#layer0"},
				"west": {"uv": [13.525, 2.525, 13.975, 2.975], "texture": "#layer0"},
				"up": {"uv": [13.975, 2.525, 13.525, 2.975], "rotation": 180, "texture": "#layer0"},
				"down": {"uv": [13.525, 2.525, 13.975, 2.975], "texture": "#layer0"}
			}
		},
		{
			"name": "shovel_10",
			"from": [10.5, 12.5, 7.55],
			"to": [11, 13, 8.45],
			"faces": {
				"north": {"uv": [10.525, 3.475, 10.975, 3.025], "rotation": 180, "texture": "#layer0"},
				"east": {"uv": [10.525, 3.025, 10.975, 3.475], "texture": "#layer0"},
				"south": {"uv": [10.525, 3.025, 10.975, 3.475], "texture": "#layer0"},
				"west": {"uv": [10.525, 3.025, 10.975, 3.475], "texture": "#layer0"},
				"up": {"uv": [10.975, 3.025, 10.525, 3.475], "rotation": 180, "texture": "#layer0"},
				"down": {"uv": [10.525, 3.025, 10.975, 3.475], "texture": "#layer0"}
			}
		},
		{
			"name": "shovel_11",
			"from": [11, 12.5, 7.75],
			"to": [11.5, 13, 8.25],
			"faces": {
				"north": {"uv": [11.025, 3.475, 11.475, 3.025], "rotation": 180, "texture": "#layer0"},
				"south": {"uv": [11.025, 3.025, 11.475, 3.475], "texture": "#layer0"}
			}
		},
		{
			"name": "shovel_12",
			"from": [11.5, 12.5, 7.75],
			"to": [12, 13, 8.25],
			"faces": {
				"north": {"uv": [11.525, 3.475, 11.975, 3.025], "rotation": 180, "texture": "#layer0"},
				"south": {"uv": [11.525, 3.025, 11.975, 3.475], "texture": "#layer0"}
			}
		},
		{
			"name": "shovel_13",
			"from": [12, 12.5, 7.75],
			"to": [12.5, 13, 8.25],
			"faces": {
				"north": {"uv": [12.025, 3.475, 12.475, 3.025], "rotation": 180, "texture": "#layer0"},
				"south": {"uv": [12.025, 3.025, 12.475, 3.475], "texture": "#layer0"}
			}
		},
		{
			"name": "shovel_14",
			"from": [12.5, 12.5, 7.75],
			"to": [13, 13, 8.25],
			"faces": {
				"north": {"uv": [12.525, 3.475, 12.975, 3.025], "rotation": 180, "texture": "#layer0"},
				"south": {"uv": [12.525, 3.025, 12.975, 3.475], "texture": "#layer0"}
			}
		},
		{
			"name": "shovel_15",
			"from": [13, 12.5, 7.75],
			"to": [13.5, 13, 8.25],
			"faces": {
				"north": {"uv": [13.025, 3.475, 13.475, 3.025], "rotation": 180, "texture": "#layer0"},
				"south": {"uv": [13.025, 3.025, 13.475, 3.475], "texture": "#layer0"}
			}
		},
		{
			"name": "shovel_16",
			"from": [13.5, 12.5, 7.75],
			"to": [14, 13, 8.25],
			"faces": {
				"north": {"uv": [13.525, 3.475, 13.975, 3.025], "rotation": 180, "texture": "#layer0"},
				"south": {"uv": [13.525, 3.025, 13.975, 3.475], "texture": "#layer0"}
			}
		},
		{
			"name": "shovel_17",
			"from": [14, 12.5, 7.55],
			"to": [14.5, 13, 8.45],
			"faces": {
				"north": {"uv": [14.025, 3.475, 14.475, 3.025], "rotation": 180, "texture": "#layer0"},
				"east": {"uv": [14.025, 3.025, 14.475, 3.475], "texture": "#layer0"},
				"south": {"uv": [14.025, 3.025, 14.475, 3.475], "texture": "#layer0"},
				"west": {"uv": [14.025, 3.025, 14.475, 3.475], "texture": "#layer0"},
				"up": {"uv": [14.475, 3.025, 14.025, 3.475], "rotation": 180, "texture": "#layer0"},
				"down": {"uv": [14.025, 3.025, 14.475, 3.475], "texture": "#layer0"}
			}
		},
		{
			"name": "shovel_18",
			"from": [10, 12, 7.55],
			"to": [10.5, 12.5, 8.45],
			"faces": {
				"north": {"uv": [10.025, 3.975, 10.475, 3.525], "rotation": 180, "texture": "#layer0"},
				"east": {"uv": [10.025, 3.525, 10.475, 3.975], "texture": "#layer0"},
				"south": {"uv": [10.025, 3.525, 10.475, 3.975], "texture": "#layer0"},
				"west": {"uv": [10.025, 3.525, 10.475, 3.975], "texture": "#layer0"},
				"up": {"uv": [10.475, 3.525, 10.025, 3.975], "rotation": 180, "texture": "#layer0"},
				"down": {"uv": [10.025, 3.525, 10.475, 3.975], "texture": "#layer0"}
			}
		},
		{
			"name": "shovel_19",
			"from": [10.5, 12, 7.75],
			"to": [11, 12.5, 8.25],
			"faces": {
				"north": {"uv": [10.525, 3.975, 10.975, 3.525], "rotation": 180, "texture": "#layer0"},
				"south": {"uv": [10.525, 3.525, 10.975, 3.975], "texture": "#layer0"}
			}
		},
		{
			"name": "shovel_20",
			"from": [11, 12, 7.75],
			"to": [11.5, 12.5, 8.25],
			"faces": {
				"north": {"uv": [11.025, 3.975, 11.475, 3.525], "rotation": 180, "texture": "#layer0"},
				"south": {"uv": [11.025, 3.525, 11.475, 3.975], "texture": "#layer0"}
			}
		},
		{
			"name": "shovel_21",
			"from": [11.5, 12, 7.75],
			"to": [12, 12.5, 8.25],
			"faces": {
				"north": {"uv": [11.525, 3.975, 11.975, 3.525], "rotation": 180, "texture": "#layer0"},
				"south": {"uv": [11.525, 3.525, 11.975, 3.975], "texture": "#layer0"}
			}
		},
		{
			"name": "shovel_22",
			"from": [12, 12, 7.75],
			"to": [12.5, 12.5, 8.25],
			"faces": {
				"north": {"uv": [12.025, 3.975, 12.475, 3.525], "rotation": 180, "texture": "#layer0"},
				"south": {"uv": [12.025, 3.525, 12.475, 3.975], "texture": "#layer0"}
			}
		},
		{
			"name": "shovel_23",
			"from": [12.5, 12, 7.75],
			"to": [13, 12.5, 8.25],
			"faces": {
				"north": {"uv": [12.525, 3.975, 12.975, 3.525], "rotation": 180, "texture": "#layer0"},
				"south": {"uv": [12.525, 3.525, 12.975, 3.975], "texture": "#layer0"}
			}
		},
		{
			"name": "shovel_24",
			"from": [13, 12, 7.75],
			"to": [13.5, 12.5, 8.25],
			"faces": {
				"north": {"uv": [13.025, 3.975, 13.475, 3.525], "rotation": 180, "texture": "#layer0"},
				"south": {"uv": [13.025, 3.525, 13.475, 3.975], "texture": "#layer0"}
			}
		},
		{
			"name": "shovel_25",
			"from": [13.5, 12, 7.75],
			"to": [14, 12.5, 8.25],
			"faces": {
				"north": {"uv": [13.525, 3.975, 13.975, 3.525], "rotation": 180, "texture": "#layer0"},
				"south": {"uv": [13.525, 3.525, 13.975, 3.975], "texture": "#layer0"}
			}
		},
		{
			"name": "shovel_26",
			"from": [14, 12, 7.75],
			"to": [14.5, 12.5, 8.25],
			"faces": {
				"north": {"uv": [14.025, 3.975, 14.475, 3.525], "rotation": 180, "texture": "#layer0"},
				"south": {"uv": [14.025, 3.525, 14.475, 3.975], "texture": "#layer0"}
			}
		},
		{
			"name": "shovel_27",
			"from": [14.5, 12, 7.55],
			"to": [15, 12.5, 8.45],
			"faces": {
				"north": {"uv": [14.525, 3.975, 14.975, 3.525], "rotation": 180, "texture": "#layer0"},
				"east": {"uv": [14.525, 3.525, 14.975, 3.975], "texture": "#layer0"},
				"south": {"uv": [14.525, 3.525, 14.975, 3.975], "texture": "#layer0"},
				"west": {"uv": [14.525, 3.525, 14.975, 3.975], "texture": "#layer0"},
				"up": {"uv": [14.975, 3.525, 14.525, 3.975], "rotation": 180, "texture": "#layer0"}
			}
		},
		{
			"name": "shovel_28",
			"from": [9.5, 11.5, 7.55],
			"to": [10, 12, 8.45],
			"faces": {
				"north": {"uv": [9.525, 4.475, 9.975, 4.025], "rotation": 180, "texture": "#layer0"},
				"east": {"uv": [9.525, 4.025, 9.975, 4.475], "texture": "#layer0"},
				"south": {"uv": [9.525, 4.025, 9.975, 4.475], "texture": "#layer0"},
				"west": {"uv": [9.525, 4.025, 9.975, 4.475], "texture": "#layer0"},
				"up": {"uv": [9.975, 4.025, 9.525, 4.475], "rotation": 180, "texture": "#layer0"},
				"down": {"uv": [9.525, 4.025, 9.975, 4.475], "texture": "#layer0"}
			}
		},
		{
			"name": "shovel_29",
			"from": [10, 11.5, 7.75],
			"to": [10.5, 12, 8.25],
			"faces": {
				"north": {"uv": [10.025, 4.475, 10.475, 4.025], "rotation": 180, "texture": "#layer0"},
				"south": {"uv": [10.025, 4.025, 10.475, 4.475], "texture": "#layer0"}
			}
		},
		{
			"name": "shovel_30",
			"from": [10.5, 11.5, 7.75],
			"to": [11, 12, 8.25],
			"faces": {
				"north": {"uv": [10.525, 4.475, 10.975, 4.025], "rotation": 180, "texture": "#layer0"},
				"south": {"uv": [10.525, 4.025, 10.975, 4.475], "texture": "#layer0"}
			}
		},
		{
			"name": "shovel_31",
			"from": [11, 11.5, 7.75],
			"to": [11.5, 12, 8.25],
			"faces": {
				"north": {"uv": [11.025, 4.475, 11.475, 4.025], "rotation": 180, "texture": "#layer0"},
				"south": {"uv": [11.025, 4.025, 11.475, 4.475], "texture": "#layer0"}
			}
		},
		{
			"name": "shovel_32",
			"from": [11.5, 11.5, 7.75],
			"to": [12, 12, 8.25],
			"faces": {
				"north": {"uv": [11.525, 4.475, 11.975, 4.025], "rotation": 180, "texture": "#layer0"},
				"south": {"uv": [11.525, 4.025, 11.975, 4.475], "texture": "#layer0"}
			}
		},
		{
			"name": "shovel_33",
			"from": [12, 11.5, 7.75],
			"to": [12.5, 12, 8.25],
			"faces": {
				"north": {"uv": [12.025, 4.475, 12.475, 4.025], "rotation": 180, "texture": "#layer0"},
				"south": {"uv": [12.025, 4.025, 12.475, 4.475], "texture": "#layer0"}
			}
		},
		{
			"name": "shovel_34",
			"from": [12.5, 11.5, 7.75],
			"to": [13, 12, 8.25],
			"faces": {
				"north": {"uv": [12.525, 4.475, 12.975, 4.025], "rotation": 180, "texture": "#layer0"},
				"south": {"uv": [12.525, 4.025, 12.975, 4.475], "texture": "#layer0"}
			}
		},
		{
			"name": "shovel_35",
			"from": [13, 11.5, 7.75],
			"to": [13.5, 12, 8.25],
			"faces": {
				"north": {"uv": [13.025, 4.475, 13.475, 4.025], "rotation": 180, "texture": "#layer0"},
				"south": {"uv": [13.025, 4.025, 13.475, 4.475], "texture": "#layer0"}
			}
		},
		{
			"name": "shovel_36",
			"from": [13.5, 11.5, 7.75],
			"to": [14, 12, 8.25],
			"faces": {
				"north": {"uv": [13.525, 4.475, 13.975, 4.025], "rotation": 180, "texture": "#layer0"},
				"south": {"uv": [13.525, 4.025, 13.975, 4.475], "texture": "#layer0"}
			}
		},
		{
			"name": "shovel_37",
			"from": [14, 11.5, 7.75],
			"to": [14.5, 12, 8.25],
			"faces": {
				"north": {"uv": [14.025, 4.475, 14.475, 4.025], "rotation": 180, "texture": "#layer0"},
				"south": {"uv": [14.025, 4.025, 14.475, 4.475], "texture": "#layer0"}
			}
		},
		{
			"name": "shovel_38",
			"from": [14.5, 11.5, 7.55],
			"to": [15, 12, 8.45],
			"faces": {
				"north": {"uv": [14.525, 4.475, 14.975, 4.025], "rotation": 180, "texture": "#layer0"},
				"east": {"uv": [14.525, 4.025, 14.975, 4.475], "texture": "#layer0"},
				"south": {"uv": [14.525, 4.025, 14.975, 4.475], "texture": "#layer0"},
				"west": {"uv": [14.525, 4.025, 14.975, 4.475], "texture": "#layer0"}
			}
		},
		{
			"name": "shovel_39",
			"from": [9, 11, 7.55],
			"to": [9.5, 11.5, 8.45],
			"faces": {
				"north": {"uv": [9.025, 4.975, 9.475, 4.525], "rotation": 180, "texture": "#layer0"},
				"east": {"uv": [9.025, 4.525, 9.475, 4.975], "texture": "#layer0"},
				"south": {"uv": [9.025, 4.525, 9.475, 4.975], "texture": "#layer0"},
				"west": {"uv": [9.025, 4.525, 9.475, 4.975], "texture": "#layer0"},
				"up": {"uv": [9.475, 4.525, 9.025, 4.975], "rotation": 180, "texture": "#layer0"},
				"down": {"uv": [9.025, 4.525, 9.475, 4.975], "texture": "#layer0"}
			}
		},
		{
			"name": "shovel_40",
			"from": [9.5, 11, 7.75],
			"to": [10, 11.5, 8.25],
			"faces": {
				"north": {"uv": [9.525, 4.975, 9.975, 4.525], "rotation": 180, "texture": "#layer0"},
				"south": {"uv": [9.525, 4.525, 9.975, 4.975], "texture": "#layer0"}
			}
		},
		{
			"name": "shovel_41",
			"from": [10, 11, 7.75],
			"to": [10.5, 11.5, 8.25],
			"faces": {
				"north": {"uv": [10.025, 4.975, 10.475, 4.525], "rotation": 180, "texture": "#layer0"},
				"south": {"uv": [10.025, 4.525, 10.475, 4.975], "texture": "#layer0"}
			}
		},
		{
			"name": "shovel_42",
			"from": [10.5, 11, 7.75],
			"to": [11, 11.5, 8.25],
			"faces": {
				"north": {"uv": [10.525, 4.975, 10.975, 4.525], "rotation": 180, "texture": "#layer0"},
				"south": {"uv": [10.525, 4.525, 10.975, 4.975], "texture": "#layer0"}
			}
		},
		{
			"name": "shovel_43",
			"from": [11, 11, 7.75],
			"to": [11.5, 11.5, 8.25],
			"faces": {
				"north": {"uv": [11.025, 4.975, 11.475, 4.525], "rotation": 180, "texture": "#layer0"},
				"south": {"uv": [11.025, 4.525, 11.475, 4.975], "texture": "#layer0"}
			}
		},
		{
			"name": "shovel_44",
			"from": [11.5, 11, 7.75],
			"to": [12, 11.5, 8.25],
			"faces": {
				"north": {"uv": [11.525, 4.975, 11.975, 4.525], "rotation": 180, "texture": "#layer0"},
				"south": {"uv": [11.525, 4.525, 11.975, 4.975], "texture": "#layer0"}
			}
		},
		{
			"name": "shovel_45",
			"from": [12, 11, 7.75],
			"to": [12.5, 11.5, 8.25],
			"faces": {
				"north": {"uv": [12.025, 4.975, 12.475, 4.525], "rotation": 180, "texture": "#layer0"},
				"south": {"uv": [12.025, 4.525, 12.475, 4.975], "texture": "#layer0"}
			}
		},
		{
			"name": "shovel_46",
			"from": [12.5, 11, 7.75],
			"to": [13, 11.5, 8.25],
			"faces": {
				"north": {"uv": [12.525, 4.975, 12.975, 4.525], "rotation": 180, "texture": "#layer0"},
				"south": {"uv": [12.525, 4.525, 12.975, 4.975], "texture": "#layer0"}
			}
		},
		{
			"name": "shovel_47",
			"from": [13, 11, 7.75],
			"to": [13.5, 11.5, 8.25],
			"faces": {
				"north": {"uv": [13.025, 4.975, 13.475, 4.525], "rotation": 180, "texture": "#layer0"},
				"south": {"uv": [13.025, 4.525, 13.475, 4.975], "texture": "#layer0"}
			}
		},
		{
			"name": "shovel_48",
			"from": [13.5, 11, 7.75],
			"to": [14, 11.5, 8.25],
			"faces": {
				"north": {"uv": [13.525, 4.975, 13.975, 4.525], "rotation": 180, "texture": "#layer0"},
				"south": {"uv": [13.525, 4.525, 13.975, 4.975], "texture": "#layer0"}
			}
		},
		{
			"name": "shovel_49",
			"from": [14, 11, 7.75],
			"to": [14.5, 11.5, 8.25],
			"faces": {
				"north": {"uv": [14.025, 4.975, 14.475, 4.525], "rotation": 180, "texture": "#layer0"},
				"south": {"uv": [14.025, 4.525, 14.475, 4.975], "texture": "#layer0"}
			}
		},
		{
			"name": "shovel_50",
			"from": [14.5, 11, 7.55],
			"to": [15, 11.5, 8.45],
			"faces": {
				"north": {"uv": [14.525, 4.975, 14.975, 4.525], "rotation": 180, "texture": "#layer0"},
				"east": {"uv": [14.525, 4.525, 14.975, 4.975], "texture": "#layer0"},
				"south": {"uv": [14.525, 4.525, 14.975, 4.975], "texture": "#layer0"},
				"west": {"uv": [14.525, 4.525, 14.975, 4.975], "texture": "#layer0"}
			}
		},
		{
			"name": "shovel_51",
			"from": [8.5, 10.5, 7.55],
			"to": [9, 11, 8.45],
			"faces": {
				"north": {"uv": [8.525, 5.475, 8.975, 5.025], "rotation": 180, "texture": "#layer0"},
				"east": {"uv": [8.525, 5.025, 8.975, 5.475], "texture": "#layer0"},
				"south": {"uv": [8.525, 5.025, 8.975, 5.475], "texture": "#layer0"},
				"west": {"uv": [8.525, 5.025, 8.975, 5.475], "texture": "#layer0"},
				"up": {"uv": [8.975, 5.025, 8.525, 5.475], "rotation": 180, "texture": "#layer0"},
				"down": {"uv": [8.525, 5.025, 8.975, 5.475], "texture": "#layer0"}
			}
		},
		{
			"name": "shovel_52",
			"from": [9, 10.5, 7.75],
			"to": [9.5, 11, 8.25],
			"faces": {
				"north": {"uv": [9.025, 5.475, 9.475, 5.025], "rotation": 180, "texture": "#layer0"},
				"south": {"uv": [9.025, 5.025, 9.475, 5.475], "texture": "#layer0"}
			}
		},
		{
			"name": "shovel_53",
			"from": [9.5, 10.5, 7.75],
			"to": [10, 11, 8.25],
			"faces": {
				"north": {"uv": [9.525, 5.475, 9.975, 5.025], "rotation": 180, "texture": "#layer0"},
				"south": {"uv": [9.525, 5.025, 9.975, 5.475], "texture": "#layer0"}
			}
		},
		{
			"name": "shovel_54",
			"from": [10, 10.5, 7.75],
			"to": [10.5, 11, 8.25],
			"faces": {
				"north": {"uv": [10.025, 5.475, 10.475, 5.025], "rotation": 180, "texture": "#layer0"},
				"south": {"uv": [10.025, 5.025, 10.475, 5.475], "texture": "#layer0"}
			}
		},
		{
			"name": "shovel_55",
			"from": [10.5, 10.5, 7.75],
			"to": [11, 11, 8.25],
			"faces": {
				"north": {"uv": [10.525, 5.475, 10.975, 5.025], "rotation": 180, "texture": "#layer0"},
				"south": {"uv": [10.525, 5.025, 10.975, 5.475], "texture": "#layer0"}
			}
		},
		{
			"name": "shovel_56",
			"from": [11, 10.5, 7.75],
			"to": [11.5, 11, 8.25],
			"faces": {
				"north": {"uv": [11.025, 5.475, 11.475, 5.025], "rotation": 180, "texture": "#layer0"},
				"south": {"uv": [11.025, 5.025, 11.475, 5.475], "texture": "#layer0"}
			}
		},
		{
			"name": "shovel_57",
			"from": [11.5, 10.5, 7.75],
			"to": [12, 11, 8.25],
			"faces": {
				"north": {"uv": [11.525, 5.475, 11.975, 5.025], "rotation": 180, "texture": "#layer0"},
				"south": {"uv": [11.525, 5.025, 11.975, 5.475], "texture": "#layer0"}
			}
		},
		{
			"name": "shovel_58",
			"from": [12, 10.5, 7.75],
			"to": [12.5, 11, 8.25],
			"faces": {
				"north": {"uv": [12.025, 5.475, 12.475, 5.025], "rotation": 180, "texture": "#layer0"},
				"south": {"uv": [12.025, 5.025, 12.475, 5.475], "texture": "#layer0"}
			}
		},
		{
			"name": "shovel_59",
			"from": [12.5, 10.5, 7.75],
			"to": [13, 11, 8.25],
			"faces": {
				"north": {"uv": [12.525, 5.475, 12.975, 5.025], "rotation": 180, "texture": "#layer0"},
				"south": {"uv": [12.525, 5.025, 12.975, 5.475], "texture": "#layer0"}
			}
		},
		{
			"name": "shovel_60",
			"from": [13, 10.5, 7.75],
			"to": [13.5, 11, 8.25],
			"faces": {
				"north": {"uv": [13.025, 5.475, 13.475, 5.025], "rotation": 180, "texture": "#layer0"},
				"south": {"uv": [13.025, 5.025, 13.475, 5.475], "texture": "#layer0"}
			}
		},
		{
			"name": "shovel_61",
			"from": [13.5, 10.5, 7.75],
			"to": [14, 11, 8.25],
			"faces": {
				"north": {"uv": [13.525, 5.475, 13.975, 5.025], "rotation": 180, "texture": "#layer0"},
				"south": {"uv": [13.525, 5.025, 13.975, 5.475], "texture": "#layer0"}
			}
		},
		{
			"name": "shovel_62",
			"from": [14, 10.5, 7.75],
			"to": [14.5, 11, 8.25],
			"faces": {
				"north": {"uv": [14.025, 5.475, 14.475, 5.025], "rotation": 180, "texture": "#layer0"},
				"south": {"uv": [14.025, 5.025, 14.475, 5.475], "texture": "#layer0"}
			}
		},
		{
			"name": "shovel_63",
			"from": [14.5, 10.5, 7.55],
			"to": [15, 11, 8.45],
			"faces": {
				"north": {"uv": [14.525, 5.475, 14.975, 5.025], "rotation": 180, "texture": "#layer0"},
				"east": {"uv": [14.525, 5.025, 14.975, 5.475], "texture": "#layer0"},
				"south": {"uv": [14.525, 5.025, 14.975, 5.475], "texture": "#layer0"},
				"west": {"uv": [14.525, 5.025, 14.975, 5.475], "texture": "#layer0"},
				"down": {"uv": [14.525, 5.025, 14.975, 5.475], "texture": "#layer0"}
			}
		},
		{
			"name": "shovel_64",
			"from": [9, 10, 7.55],
			"to": [9.5, 10.5, 8.45],
			"faces": {
				"north": {"uv": [9.025, 5.975, 9.475, 5.525], "rotation": 180, "texture": "#layer0"},
				"east": {"uv": [9.025, 5.525, 9.475, 5.975], "texture": "#layer0"},
				"south": {"uv": [9.025, 5.525, 9.475, 5.975], "texture": "#layer0"},
				"west": {"uv": [9.025, 5.525, 9.475, 5.975], "texture": "#layer0"},
				"up": {"uv": [9.475, 5.525, 9.025, 5.975], "rotation": 180, "texture": "#layer0"},
				"down": {"uv": [9.025, 5.525, 9.475, 5.975], "texture": "#layer0"}
			}
		},
		{
			"name": "shovel_65",
			"from": [9.5, 10, 7.75],
			"to": [10, 10.5, 8.25],
			"faces": {
				"north": {"uv": [9.525, 5.975, 9.975, 5.525], "rotation": 180, "texture": "#layer0"},
				"south": {"uv": [9.525, 5.525, 9.975, 5.975], "texture": "#layer0"}
			}
		},
		{
			"name": "shovel_66",
			"from": [10, 10, 7.75],
			"to": [10.5, 10.5, 8.25],
			"faces": {
				"north": {"uv": [10.025, 5.975, 10.475, 5.525], "rotation": 180, "texture": "#layer0"},
				"south": {"uv": [10.025, 5.525, 10.475, 5.975], "texture": "#layer0"}
			}
		},
		{
			"name": "shovel_67",
			"from": [10.5, 10, 7.75],
			"to": [11, 10.5, 8.25],
			"faces": {
				"north": {"uv": [10.525, 5.975, 10.975, 5.525], "rotation": 180, "texture": "#layer0"},
				"south": {"uv": [10.525, 5.525, 10.975, 5.975], "texture": "#layer0"}
			}
		},
		{
			"name": "shovel_68",
			"from": [11, 10, 7.75],
			"to": [11.5, 10.5, 8.25],
			"faces": {
				"north": {"uv": [11.025, 5.975, 11.475, 5.525], "rotation": 180, "texture": "#layer0"},
				"south": {"uv": [11.025, 5.525, 11.475, 5.975], "texture": "#layer0"}
			}
		},
		{
			"name": "shovel_69",
			"from": [11.5, 10, 7.75],
			"to": [12, 10.5, 8.25],
			"faces": {
				"north": {"uv": [11.525, 5.975, 11.975, 5.525], "rotation": 180, "texture": "#layer0"},
				"south": {"uv": [11.525, 5.525, 11.975, 5.975], "texture": "#layer0"}
			}
		},
		{
			"name": "shovel_70",
			"from": [12, 10, 7.75],
			"to": [12.5, 10.5, 8.25],
			"faces": {
				"north": {"uv": [12.025, 5.975, 12.475, 5.525], "rotation": 180, "texture": "#layer0"},
				"south": {"uv": [12.025, 5.525, 12.475, 5.975], "texture": "#layer0"}
			}
		},
		{
			"name": "shovel_71",
			"from": [12.5, 10, 7.75],
			"to": [13, 10.5, 8.25],
			"faces": {
				"north": {"uv": [12.525, 5.975, 12.975, 5.525], "rotation": 180, "texture": "#layer0"},
				"south": {"uv": [12.525, 5.525, 12.975, 5.975], "texture": "#layer0"}
			}
		},
		{
			"name": "shovel_72",
			"from": [13, 10, 7.75],
			"to": [13.5, 10.5, 8.25],
			"faces": {
				"north": {"uv": [13.025, 5.975, 13.475, 5.525], "rotation": 180, "texture": "#layer0"},
				"south": {"uv": [13.025, 5.525, 13.475, 5.975], "texture": "#layer0"}
			}
		},
		{
			"name": "shovel_73",
			"from": [13.5, 10, 7.75],
			"to": [14, 10.5, 8.25],
			"faces": {
				"north": {"uv": [13.525, 5.975, 13.975, 5.525], "rotation": 180, "texture": "#layer0"},
				"south": {"uv": [13.525, 5.525, 13.975, 5.975], "texture": "#layer0"}
			}
		},
		{
			"name": "shovel_74",
			"from": [14, 10, 7.55],
			"to": [14.5, 10.5, 8.45],
			"faces": {
				"north": {"uv": [14.025, 5.975, 14.475, 5.525], "rotation": 180, "texture": "#layer0"},
				"east": {"uv": [14.025, 5.525, 14.475, 5.975], "texture": "#layer0"},
				"south": {"uv": [14.025, 5.525, 14.475, 5.975], "texture": "#layer0"},
				"west": {"uv": [14.025, 5.525, 14.475, 5.975], "texture": "#layer0"},
				"up": {"uv": [14.475, 5.525, 14.025, 5.975], "rotation": 180, "texture": "#layer0"},
				"down": {"uv": [14.025, 5.525, 14.475, 5.975], "texture": "#layer0"}
			}
		},
		{
			"name": "shovel_75",
			"from": [9.5, 9.5, 7.55],
			"to": [10, 10, 8.45],
			"faces": {
				"north": {"uv": [9.525, 6.475, 9.975, 6.025], "rotation": 180, "texture": "#layer0"},
				"east": {"uv": [9.525, 6.025, 9.975, 6.475], "texture": "#layer0"},
				"south": {"uv": [9.525, 6.025, 9.975, 6.475], "texture": "#layer0"},
				"west": {"uv": [9.525, 6.025, 9.975, 6.475], "texture": "#layer0"},
				"up": {"uv": [9.975, 6.025, 9.525, 6.475], "rotation": 180, "texture": "#layer0"}
			}
		},
		{
			"name": "shovel_76",
			"from": [10, 9.5, 7.75],
			"to": [10.5, 10, 8.25],
			"faces": {
				"north": {"uv": [10.025, 6.475, 10.475, 6.025], "rotation": 180, "texture": "#layer0"},
				"south": {"uv": [10.025, 6.025, 10.475, 6.475], "texture": "#layer0"}
			}
		},
		{
			"name": "shovel_77",
			"from": [10.5, 9.5, 7.75],
			"to": [11, 10, 8.25],
			"faces": {
				"north": {"uv": [10.525, 6.475, 10.975, 6.025], "rotation": 180, "texture": "#layer0"},
				"south": {"uv": [10.525, 6.025, 10.975, 6.475], "texture": "#layer0"}
			}
		},
		{
			"name": "shovel_78",
			"from": [11, 9.5, 7.75],
			"to": [11.5, 10, 8.25],
			"faces": {
				"north": {"uv": [11.025, 6.475, 11.475, 6.025], "rotation": 180, "texture": "#layer0"},
				"south": {"uv": [11.025, 6.025, 11.475, 6.475], "texture": "#layer0"}
			}
		},
		{
			"name": "shovel_79",
			"from": [11.5, 9.5, 7.75],
			"to": [12, 10, 8.25],
			"faces": {
				"north": {"uv": [11.525, 6.475, 11.975, 6.025], "rotation": 180, "texture": "#layer0"},
				"south": {"uv": [11.525, 6.025, 11.975, 6.475], "texture": "#layer0"}
			}
		},
		{
			"name": "shovel_80",
			"from": [12, 9.5, 7.75],
			"to": [12.5, 10, 8.25],
			"faces": {
				"north": {"uv": [12.025, 6.475, 12.475, 6.025], "rotation": 180, "texture": "#layer0"},
				"south": {"uv": [12.025, 6.025, 12.475, 6.475], "texture": "#layer0"}
			}
		},
		{
			"name": "shovel_81",
			"from": [12.5, 9.5, 7.75],
			"to": [13, 10, 8.25],
			"faces": {
				"north": {"uv": [12.525, 6.475, 12.975, 6.025], "rotation": 180, "texture": "#layer0"},
				"south": {"uv": [12.525, 6.025, 12.975, 6.475], "texture": "#layer0"}
			}
		},
		{
			"name": "shovel_82",
			"from": [13, 9.5, 7.75],
			"to": [13.5, 10, 8.25],
			"faces": {
				"north": {"uv": [13.025, 6.475, 13.475, 6.025], "rotation": 180, "texture": "#layer0"},
				"south": {"uv": [13.025, 6.025, 13.475, 6.475], "texture": "#layer0"}
			}
		},
		{
			"name": "shovel_83",
			"from": [13.5, 9.5, 7.55],
			"to": [14, 10, 8.45],
			"faces": {
				"north": {"uv": [13.525, 6.475, 13.975, 6.025], "rotation": 180, "texture": "#layer0"},
				"east": {"uv": [13.525, 6.025, 13.975, 6.475], "texture": "#layer0"},
				"south": {"uv": [13.525, 6.025, 13.975, 6.475], "texture": "#layer0"},
				"west": {"uv": [13.525, 6.025, 13.975, 6.475], "texture": "#layer0"},
				"up": {"uv": [13.975, 6.025, 13.525, 6.475], "rotation": 180, "texture": "#layer0"},
				"down": {"uv": [13.525, 6.025, 13.975, 6.475], "texture": "#layer0"}
			}
		},
		{
			"name": "shovel_84",
			"from": [9, 9, 7.75],
			"to": [9.5, 9.5, 8.25],
			"faces": {
				"north": {"uv": [9.025, 6.975, 9.475, 6.525], "rotation": 180, "texture": "#layer0"},
				"south": {"uv": [9.025, 6.525, 9.475, 6.975], "texture": "#layer0"},
				"west": {"uv": [9.025, 6.525, 9.475, 6.975], "texture": "#layer0"},
				"up": {"uv": [9.475, 6.525, 9.025, 6.975], "rotation": 180, "texture": "#layer0"}
			}
		},
		{
			"name": "shovel_85",
			"from": [9.5, 9, 7.55],
			"to": [10, 9.5, 8.45],
			"faces": {
				"north": {"uv": [9.525, 6.975, 9.975, 6.525], "rotation": 180, "texture": "#layer0"},
				"south": {"uv": [9.525, 6.525, 9.975, 6.975], "texture": "#layer0"},
				"west": {"uv": [9.525, 6.525, 9.975, 6.975], "texture": "#layer0"}
			}
		},
		{
			"name": "shovel_86",
			"from": [10, 9, 7.55],
			"to": [10.5, 9.5, 8.45],
			"faces": {
				"north": {"uv": [10.025, 6.975, 10.475, 6.525], "rotation": 180, "texture": "#layer0"},
				"east": {"uv": [10.025, 6.525, 10.475, 6.975], "texture": "#layer0"},
				"south": {"uv": [10.025, 6.525, 10.475, 6.975], "texture": "#layer0"},
				"up": {"uv": [10.475, 6.525, 10.025, 6.975], "rotation": 180, "texture": "#layer0"}
			}
		},
		{
			"name": "shovel_87",
			"from": [10.5, 9, 7.75],
			"to": [11, 9.5, 8.25],
			"faces": {
				"north": {"uv": [10.525, 6.975, 10.975, 6.525], "rotation": 180, "texture": "#layer0"},
				"south": {"uv": [10.525, 6.525, 10.975, 6.975], "texture": "#layer0"}
			}
		},
		{
			"name": "shovel_88",
			"from": [11, 9, 7.75],
			"to": [11.5, 9.5, 8.25],
			"faces": {
				"north": {"uv": [11.025, 6.975, 11.475, 6.525], "rotation": 180, "texture": "#layer0"},
				"south": {"uv": [11.025, 6.525, 11.475, 6.975], "texture": "#layer0"}
			}
		},
		{
			"name": "shovel_89",
			"from": [11.5, 9, 7.75],
			"to": [12, 9.5, 8.25],
			"faces": {
				"north": {"uv": [11.525, 6.975, 11.975, 6.525], "rotation": 180, "texture": "#layer0"},
				"south": {"uv": [11.525, 6.525, 11.975, 6.975], "texture": "#layer0"}
			}
		},
		{
			"name": "shovel_90",
			"from": [12, 9, 7.75],
			"to": [12.5, 9.5, 8.25],
			"faces": {
				"north": {"uv": [12.025, 6.975, 12.475, 6.525], "rotation": 180, "texture": "#layer0"},
				"south": {"uv": [12.025, 6.525, 12.475, 6.975], "texture": "#layer0"}
			}
		},
		{
			"name": "shovel_91",
			"from": [12.5, 9, 7.75],
			"to": [13, 9.5, 8.25],
			"faces": {
				"north": {"uv": [12.525, 6.975, 12.975, 6.525], "rotation": 180, "texture": "#layer0"},
				"south": {"uv": [12.525, 6.525, 12.975, 6.975], "texture": "#layer0"}
			}
		},
		{
			"name": "shovel_92",
			"from": [13, 9, 7.55],
			"to": [13.5, 9.5, 8.45],
			"faces": {
				"north": {"uv": [13.025, 6.975, 13.475, 6.525], "rotation": 180, "texture": "#layer0"},
				"east": {"uv": [13.025, 6.525, 13.475, 6.975], "texture": "#layer0"},
				"south": {"uv": [13.025, 6.525, 13.475, 6.975], "texture": "#layer0"},
				"west": {"uv": [13.025, 6.525, 13.475, 6.975], "texture": "#layer0"},
				"up": {"uv": [13.475, 6.525, 13.025, 6.975], "rotation": 180, "texture": "#layer0"},
				"down": {"uv": [13.025, 6.525, 13.475, 6.975], "texture": "#layer0"}
			}
		},
		{
			"name": "shovel_93",
			"from": [8.5, 8.5, 7.75],
			"to": [9, 9, 8.25],
			"faces": {
				"north": {"uv": [8.525, 7.475, 8.975, 7.025], "rotation": 180, "texture": "#layer0"},
				"south": {"uv": [8.525, 7.025, 8.975, 7.475], "texture": "#layer0"},
				"west": {"uv": [8.525, 7.025, 8.975, 7.475], "texture": "#layer0"},
				"up": {"uv": [8.975, 7.025, 8.525, 7.475], "rotation": 180, "texture": "#layer0"}
			}
		},
		{
			"name": "shovel_94",
			"from": [9, 8.5, 7.55],
			"to": [9.5, 9, 8.45],
			"faces": {
				"north": {"uv": [9.025, 7.475, 9.475, 7.025], "rotation": 180, "texture": "#layer0"},
				"south": {"uv": [9.025, 7.025, 9.475, 7.475], "texture": "#layer0"},
				"west": {"uv": [9.025, 7.025, 9.475, 7.475], "texture": "#layer0"},
				"up": {"uv": [9.475, 7.025, 9.025, 7.475], "rotation": 180, "texture": "#layer0"}
			}
		},
		{
			"name": "shovel_95",
			"from": [9.5, 8.5, 7.55],
			"to": [10, 9, 8.45],
			"faces": {
				"north": {"uv": [9.525, 7.475, 9.975, 7.025], "rotation": 180, "texture": "#layer0"},
				"south": {"uv": [9.525, 7.025, 9.975, 7.475], "texture": "#layer0"}
			}
		},
		{
			"name": "shovel_96",
			"from": [10, 8.5, 7.55],
			"to": [10.5, 9, 8.45],
			"faces": {
				"north": {"uv": [10.025, 7.475, 10.475, 7.025], "rotation": 180, "texture": "#layer0"},
				"south": {"uv": [10.025, 7.025, 10.475, 7.475], "texture": "#layer0"},
				"down": {"uv": [10.025, 7.025, 10.475, 7.475], "texture": "#layer0"}
			}
		},
		{
			"name": "shovel_97",
			"from": [10.5, 8.5, 7.55],
			"to": [11, 9, 8.45],
			"faces": {
				"north": {"uv": [10.525, 7.475, 10.975, 7.025], "rotation": 180, "texture": "#layer0"},
				"east": {"uv": [10.525, 7.025, 10.975, 7.475], "texture": "#layer0"},
				"south": {"uv": [10.525, 7.025, 10.975, 7.475], "texture": "#layer0"},
				"up": {"uv": [10.975, 7.025, 10.525, 7.475], "rotation": 180, "texture": "#layer0"},
				"down": {"uv": [10.525, 7.025, 10.975, 7.475], "texture": "#layer0"}
			}
		},
		{
			"name": "shovel_98",
			"from": [11, 8.5, 7.75],
			"to": [11.5, 9, 8.25],
			"faces": {
				"north": {"uv": [11.025, 7.475, 11.475, 7.025], "rotation": 180, "texture": "#layer0"},
				"south": {"uv": [11.025, 7.025, 11.475, 7.475], "texture": "#layer0"}
			}
		},
		{
			"name": "shovel_99",
			"from": [11.5, 8.5, 7.75],
			"to": [12, 9, 8.25],
			"faces": {
				"north": {"uv": [11.525, 7.475, 11.975, 7.025], "rotation": 180, "texture": "#layer0"},
				"south": {"uv": [11.525, 7.025, 11.975, 7.475], "texture": "#layer0"}
			}
		},
		{
			"name": "shovel_100",
			"from": [12, 8.5, 7.75],
			"to": [12.5, 9, 8.25],
			"faces": {
				"north": {"uv": [12.025, 7.475, 12.475, 7.025], "rotation": 180, "texture": "#layer0"},
				"south": {"uv": [12.025, 7.025, 12.475, 7.475], "texture": "#layer0"}
			}
		},
		{
			"name": "shovel_101",
			"from": [12.5, 8.5, 7.55],
			"to": [13, 9, 8.45],
			"faces": {
				"north": {"uv": [12.525, 7.475, 12.975, 7.025], "rotation": 180, "texture": "#layer0"},
				"east": {"uv": [12.525, 7.025, 12.975, 7.475], "texture": "#layer0"},
				"south": {"uv": [12.525, 7.025, 12.975, 7.475], "texture": "#layer0"},
				"west": {"uv": [12.525, 7.025, 12.975, 7.475], "texture": "#layer0"},
				"up": {"uv": [12.975, 7.025, 12.525, 7.475], "rotation": 180, "texture": "#layer0"},
				"down": {"uv": [12.525, 7.025, 12.975, 7.475], "texture": "#layer0"}
			}
		},
		{
			"name": "shovel_102",
			"from": [8, 8, 7.75],
			"to": [8.5, 8.5, 8.25],
			"faces": {
				"north": {"uv": [8.025, 7.975, 8.475, 7.525], "rotation": 180, "texture": "#layer0"},
				"south": {"uv": [8.025, 7.525, 8.475, 7.975], "texture": "#layer0"},
				"west": {"uv": [8.025, 7.525, 8.475, 7.975], "texture": "#layer0"},
				"up": {"uv": [8.475, 7.525, 8.025, 7.975], "rotation": 180, "texture": "#layer0"}
			}
		},
		{
			"name": "shovel_103",
			"from": [8.5, 8, 7.55],
			"to": [9, 8.5, 8.45],
			"faces": {
				"north": {"uv": [8.525, 7.975, 8.975, 7.525], "rotation": 180, "texture": "#layer0"},
				"south": {"uv": [8.525, 7.525, 8.975, 7.975], "texture": "#layer0"},
				"west": {"uv": [8.525, 7.525, 8.975, 7.975], "texture": "#layer0"},
				"up": {"uv": [8.975, 7.525, 8.525, 7.975], "rotation": 180, "texture": "#layer0"}
			}
		},
		{
			"name": "shovel_104",
			"from": [9, 8, 7.55],
			"to": [9.5, 8.5, 8.45],
			"faces": {
				"north": {"uv": [9.025, 7.975, 9.475, 7.525], "rotation": 180, "texture": "#layer0"},
				"south": {"uv": [9.025, 7.525, 9.475, 7.975], "texture": "#layer0"}
			}
		},
		{
			"name": "shovel_105",
			"from": [9.5, 8, 7.55],
			"to": [10, 8.5, 8.45],
			"faces": {
				"north": {"uv": [9.525, 7.975, 9.975, 7.525], "rotation": 180, "texture": "#layer0"},
				"east": {"uv": [9.525, 7.525, 9.975, 7.975], "texture": "#layer0"},
				"south": {"uv": [9.525, 7.525, 9.975, 7.975], "texture": "#layer0"},
				"down": {"uv": [9.525, 7.525, 9.975, 7.975], "texture": "#layer0"}
			}
		},
		{
			"name": "shovel_106",
			"from": [10, 8, 7.75],
			"to": [10.5, 8.5, 8.25],
			"faces": {
				"north": {"uv": [10.025, 7.975, 10.475, 7.525], "rotation": 180, "texture": "#layer0"},
				"east": {"uv": [10.025, 7.525, 10.475, 7.975], "texture": "#layer0"},
				"south": {"uv": [10.025, 7.525, 10.475, 7.975], "texture": "#layer0"},
				"down": {"uv": [10.025, 7.525, 10.475, 7.975], "texture": "#layer0"}
			}
		},
		{
			"name": "shovel_107",
			"from": [11, 8, 7.55],
			"to": [11.5, 8.5, 8.45],
			"faces": {
				"north": {"uv": [11.025, 7.975, 11.475, 7.525], "rotation": 180, "texture": "#layer0"},
				"east": {"uv": [11.025, 7.525, 11.475, 7.975], "texture": "#layer0"},
				"south": {"uv": [11.025, 7.525, 11.475, 7.975], "texture": "#layer0"},
				"west": {"uv": [11.025, 7.525, 11.475, 7.975], "texture": "#layer0"},
				"up": {"uv": [11.475, 7.525, 11.025, 7.975], "rotation": 180, "texture": "#layer0"},
				"down": {"uv": [11.025, 7.525, 11.475, 7.975], "texture": "#layer0"}
			}
		},
		{
			"name": "shovel_108",
			"from": [11.5, 8, 7.75],
			"to": [12, 8.5, 8.25],
			"faces": {
				"north": {"uv": [11.525, 7.975, 11.975, 7.525], "rotation": 180, "texture": "#layer0"},
				"south": {"uv": [11.525, 7.525, 11.975, 7.975], "texture": "#layer0"}
			}
		},
		{
			"name": "shovel_109",
			"from": [12, 8, 7.55],
			"to": [12.5, 8.5, 8.45],
			"faces": {
				"north": {"uv": [12.025, 7.975, 12.475, 7.525], "rotation": 180, "texture": "#layer0"},
				"east": {"uv": [12.025, 7.525, 12.475, 7.975], "texture": "#layer0"},
				"south": {"uv": [12.025, 7.525, 12.475, 7.975], "texture": "#layer0"},
				"west": {"uv": [12.025, 7.525, 12.475, 7.975], "texture": "#layer0"},
				"up": {"uv": [12.475, 7.525, 12.025, 7.975], "rotation": 180, "texture": "#layer0"},
				"down": {"uv": [12.025, 7.525, 12.475, 7.975], "texture": "#layer0"}
			}
		},
		{
			"name": "shovel_110",
			"from": [7.5, 7.5, 7.75],
			"to": [8, 8, 8.25],
			"faces": {
				"north": {"uv": [7.525, 8.475, 7.975, 8.025], "rotation": 180, "texture": "#layer0"},
				"south": {"uv": [7.525, 8.025, 7.975, 8.475], "texture": "#layer0"},
				"west": {"uv": [7.525, 8.025, 7.975, 8.475], "texture": "#layer0"},
				"up": {"uv": [7.975, 8.025, 7.525, 8.475], "rotation": 180, "texture": "#layer0"}
			}
		},
		{
			"name": "shovel_111",
			"from": [8, 7.5, 7.55],
			"to": [8.5, 8, 8.45],
			"faces": {
				"north": {"uv": [8.025, 8.475, 8.475, 8.025], "rotation": 180, "texture": "#layer0"},
				"south": {"uv": [8.025, 8.025, 8.475, 8.475], "texture": "#layer0"},
				"west": {"uv": [8.025, 8.025, 8.475, 8.475], "texture": "#layer0"},
				"up": {"uv": [8.475, 8.025, 8.025, 8.475], "rotation": 180, "texture": "#layer0"}
			}
		},
		{
			"name": "shovel_112",
			"from": [8.5, 7.5, 7.55],
			"to": [9, 8, 8.45],
			"faces": {
				"north": {"uv": [8.525, 8.475, 8.975, 8.025], "rotation": 180, "texture": "#layer0"},
				"south": {"uv": [8.525, 8.025, 8.975, 8.475], "texture": "#layer0"}
			}
		},
		{
			"name": "shovel_113",
			"from": [9, 7.5, 7.55],
			"to": [9.5, 8, 8.45],
			"faces": {
				"north": {"uv": [9.025, 8.475, 9.475, 8.025], "rotation": 180, "texture": "#layer0"},
				"east": {"uv": [9.025, 8.025, 9.475, 8.475], "texture": "#layer0"},
				"south": {"uv": [9.025, 8.025, 9.475, 8.475], "texture": "#layer0"},
				"down": {"uv": [9.025, 8.025, 9.475, 8.475], "texture": "#layer0"}
			}
		},
		{
			"name": "shovel_114",
			"from": [9.5, 7.5, 7.75],
			"to": [10, 8, 8.25],
			"faces": {
				"north": {"uv": [9.525, 8.475, 9.975, 8.025], "rotation": 180, "texture": "#layer0"},
				"east": {"uv": [9.525, 8.025, 9.975, 8.475], "texture": "#layer0"},
				"south": {"uv": [9.525, 8.025, 9.975, 8.475], "texture": "#layer0"},
				"down": {"uv": [9.525, 8.025, 9.975, 8.475], "texture": "#layer0"}
			}
		},
		{
			"name": "shovel_115",
			"from": [11.5, 7.5, 7.55],
			"to": [12, 8, 8.45],
			"faces": {
				"north": {"uv": [11.525, 8.475, 11.975, 8.025], "rotation": 180, "texture": "#layer0"},
				"east": {"uv": [11.525, 8.025, 11.975, 8.475], "texture": "#layer0"},
				"south": {"uv": [11.525, 8.025, 11.975, 8.475], "texture": "#layer0"},
				"west": {"uv": [11.525, 8.025, 11.975, 8.475], "texture": "#layer0"},
				"up": {"uv": [11.975, 8.025, 11.525, 8.475], "rotation": 180, "texture": "#layer0"},
				"down": {"uv": [11.525, 8.025, 11.975, 8.475], "texture": "#layer0"}
			}
		},
		{
			"name": "shovel_116",
			"from": [7, 7, 7.75],
			"to": [7.5, 7.5, 8.25],
			"faces": {
				"north": {"uv": [7.025, 8.975, 7.475, 8.525], "rotation": 180, "texture": "#layer0"},
				"south": {"uv": [7.025, 8.525, 7.475, 8.975], "texture": "#layer0"},
				"west": {"uv": [7.025, 8.525, 7.475, 8.975], "texture": "#layer0"},
				"up": {"uv": [7.475, 8.525, 7.025, 8.975], "rotation": 180, "texture": "#layer0"}
			}
		},
		{
			"name": "shovel_117",
			"from": [7.5, 7, 7.55],
			"to": [8, 7.5, 8.45],
			"faces": {
				"north": {"uv": [7.525, 8.975, 7.975, 8.525], "rotation": 180, "texture": "#layer0"},
				"south": {"uv": [7.525, 8.525, 7.975, 8.975], "texture": "#layer0"},
				"west": {"uv": [7.525, 8.525, 7.975, 8.975], "texture": "#layer0"},
				"up": {"uv": [7.975, 8.525, 7.525, 8.975], "rotation": 180, "texture": "#layer0"}
			}
		},
		{
			"name": "shovel_118",
			"from": [8, 7, 7.55],
			"to": [8.5, 7.5, 8.45],
			"faces": {
				"north": {"uv": [8.025, 8.975, 8.475, 8.525], "rotation": 180, "texture": "#layer0"},
				"south": {"uv": [8.025, 8.525, 8.475, 8.975], "texture": "#layer0"}
			}
		},
		{
			"name": "shovel_119",
			"from": [8.5, 7, 7.55],
			"to": [9, 7.5, 8.45],
			"faces": {
				"north": {"uv": [8.525, 8.975, 8.975, 8.525], "rotation": 180, "texture": "#layer0"},
				"east": {"uv": [8.525, 8.525, 8.975, 8.975], "texture": "#layer0"},
				"south": {"uv": [8.525, 8.525, 8.975, 8.975], "texture": "#layer0"},
				"down": {"uv": [8.525, 8.525, 8.975, 8.975], "texture": "#layer0"}
			}
		},
		{
			"name": "shovel_120",
			"from": [9, 7, 7.75],
			"to": [9.5, 7.5, 8.25],
			"faces": {
				"north": {"uv": [9.025, 8.975, 9.475, 8.525], "rotation": 180, "texture": "#layer0"},
				"east": {"uv": [9.025, 8.525, 9.475, 8.975], "texture": "#layer0"},
				"south": {"uv": [9.025, 8.525, 9.475, 8.975], "texture": "#layer0"},
				"down": {"uv": [9.025, 8.525, 9.475, 8.975], "texture": "#layer0"}
			}
		},
		{
			"name": "shovel_121",
			"from": [6.5, 6.5, 7.75],
			"to": [7, 7, 8.25],
			"faces": {
				"north": {"uv": [6.525, 9.475, 6.975, 9.025], "rotation": 180, "texture": "#layer0"},
				"south": {"uv": [6.525, 9.025, 6.975, 9.475], "texture": "#layer0"},
				"west": {"uv": [6.525, 9.025, 6.975, 9.475], "texture": "#layer0"},
				"up": {"uv": [6.975, 9.025, 6.525, 9.475], "rotation": 180, "texture": "#layer0"}
			}
		},
		{
			"name": "shovel_122",
			"from": [7, 6.5, 7.55],
			"to": [7.5, 7, 8.45],
			"faces": {
				"north": {"uv": [7.025, 9.475, 7.475, 9.025], "rotation": 180, "texture": "#layer0"},
				"south": {"uv": [7.025, 9.025, 7.475, 9.475], "texture": "#layer0"},
				"west": {"uv": [7.025, 9.025, 7.475, 9.475], "texture": "#layer0"},
				"up": {"uv": [7.475, 9.025, 7.025, 9.475], "rotation": 180, "texture": "#layer0"}
			}
		},
		{
			"name": "shovel_123",
			"from": [7.5, 6.5, 7.55],
			"to": [8, 7, 8.45],
			"faces": {
				"north": {"uv": [7.525, 9.475, 7.975, 9.025], "rotation": 180, "texture": "#layer0"},
				"south": {"uv": [7.525, 9.025, 7.975, 9.475], "texture": "#layer0"}
			}
		},
		{
			"name": "shovel_124",
			"from": [8, 6.5, 7.55],
			"to": [8.5, 7, 8.45],
			"faces": {
				"north": {"uv": [8.025, 9.475, 8.475, 9.025], "rotation": 180, "texture": "#layer0"},
				"east": {"uv": [8.025, 9.025, 8.475, 9.475], "texture": "#layer0"},
				"south": {"uv": [8.025, 9.025, 8.475, 9.475], "texture": "#layer0"},
				"down": {"uv": [8.025, 9.025, 8.475, 9.475], "texture": "#layer0"}
			}
		},
		{
			"name": "shovel_125",
			"from": [8.5, 6.5, 7.75],
			"to": [9, 7, 8.25],
			"faces": {
				"north": {"uv": [8.525, 9.475, 8.975, 9.025], "rotation": 180, "texture": "#layer0"},
				"east": {"uv": [8.525, 9.025, 8.975, 9.475], "texture": "#layer0"},
				"south": {"uv": [8.525, 9.025, 8.975, 9.475], "texture": "#layer0"},
				"down": {"uv": [8.525, 9.025, 8.975, 9.475], "texture": "#layer0"}
			}
		},
		{
			"name": "shovel_126",
			"from": [6, 6, 7.75],
			"to": [6.5, 6.5, 8.25],
			"faces": {
				"north": {"uv": [6.025, 9.975, 6.475, 9.525], "rotation": 180, "texture": "#layer0"},
				"south": {"uv": [6.025, 9.525, 6.475, 9.975], "texture": "#layer0"},
				"west": {"uv": [6.025, 9.525, 6.475, 9.975], "texture": "#layer0"},
				"up": {"uv": [6.475, 9.525, 6.025, 9.975], "rotation": 180, "texture": "#layer0"}
			}
		},
		{
			"name": "shovel_127",
			"from": [6.5, 6, 7.55],
			"to": [7, 6.5, 8.45],
			"faces": {
				"north": {"uv": [6.525, 9.975, 6.975, 9.525], "rotation": 180, "texture": "#layer0"},
				"south": {"uv": [6.525, 9.525, 6.975, 9.975], "texture": "#layer0"},
				"west": {"uv": [6.525, 9.525, 6.975, 9.975], "texture": "#layer0"},
				"up": {"uv": [6.975, 9.525, 6.525, 9.975], "rotation": 180, "texture": "#layer0"}
			}
		},
		{
			"name": "shovel_128",
			"from": [7, 6, 7.55],
			"to": [7.5, 6.5, 8.45],
			"faces": {
				"north": {"uv": [7.025, 9.975, 7.475, 9.525], "rotation": 180, "texture": "#layer0"},
				"south": {"uv": [7.025, 9.525, 7.475, 9.975], "texture": "#layer0"}
			}
		},
		{
			"name": "shovel_129",
			"from": [7.5, 6, 7.55],
			"to": [8, 6.5, 8.45],
			"faces": {
				"north": {"uv": [7.525, 9.975, 7.975, 9.525], "rotation": 180, "texture": "#layer0"},
				"east": {"uv": [7.525, 9.525, 7.975, 9.975], "texture": "#layer0"},
				"south": {"uv": [7.525, 9.525, 7.975, 9.975], "texture": "#layer0"},
				"down": {"uv": [7.525, 9.525, 7.975, 9.975], "texture": "#layer0"}
			}
		},
		{
			"name": "shovel_130",
			"from": [8, 6, 7.75],
			"to": [8.5, 6.5, 8.25],
			"faces": {
				"north": {"uv": [8.025, 9.975, 8.475, 9.525], "rotation": 180, "texture": "#layer0"},
				"east": {"uv": [8.025, 9.525, 8.475, 9.975], "texture": "#layer0"},
				"south": {"uv": [8.025, 9.525, 8.475, 9.975], "texture": "#layer0"},
				"down": {"uv": [8.025, 9.525, 8.475, 9.975], "texture": "#layer0"}
			}
		},
		{
			"name": "shovel_131",
			"from": [5.5, 5.5, 7.75],
			"to": [6, 6, 8.25],
			"faces": {
				"north": {"uv": [5.525, 10.475, 5.975, 10.025], "rotation": 180, "texture": "#layer0"},
				"south": {"uv": [5.525, 10.025, 5.975, 10.475], "texture": "#layer0"},
				"west": {"uv": [5.525, 10.025, 5.975, 10.475], "texture": "#layer0"},
				"up": {"uv": [5.975, 10.025, 5.525, 10.475], "rotation": 180, "texture": "#layer0"}
			}
		},
		{
			"name": "shovel_132",
			"from": [6, 5.5, 7.55],
			"to": [6.5, 6, 8.45],
			"faces": {
				"north": {"uv": [6.025, 10.475, 6.475, 10.025], "rotation": 180, "texture": "#layer0"},
				"south": {"uv": [6.025, 10.025, 6.475, 10.475], "texture": "#layer0"},
				"west": {"uv": [6.025, 10.025, 6.475, 10.475], "texture": "#layer0"},
				"up": {"uv": [6.475, 10.025, 6.025, 10.475], "rotation": 180, "texture": "#layer0"}
			}
		},
		{
			"name": "shovel_133",
			"from": [6.5, 5.5, 7.55],
			"to": [7, 6, 8.45],
			"faces": {
				"north": {"uv": [6.525, 10.475, 6.975, 10.025], "rotation": 180, "texture": "#layer0"},
				"south": {"uv": [6.525, 10.025, 6.975, 10.475], "texture": "#layer0"}
			}
		},
		{
			"name": "shovel_134",
			"from": [7, 5.5, 7.55],
			"to": [7.5, 6, 8.45],
			"faces": {
				"north": {"uv": [7.025, 10.475, 7.475, 10.025], "rotation": 180, "texture": "#layer0"},
				"east": {"uv": [7.025, 10.025, 7.475, 10.475], "texture": "#layer0"},
				"south": {"uv": [7.025, 10.025, 7.475, 10.475], "texture": "#layer0"},
				"down": {"uv": [7.025, 10.025, 7.475, 10.475], "texture": "#layer0"}
			}
		},
		{
			"name": "shovel_135",
			"from": [7.5, 5.5, 7.75],
			"to": [8, 6, 8.25],
			"faces": {
				"north": {"uv": [7.525, 10.475, 7.975, 10.025], "rotation": 180, "texture": "#layer0"},
				"east": {"uv": [7.525, 10.025, 7.975, 10.475], "texture": "#layer0"},
				"south": {"uv": [7.525, 10.025, 7.975, 10.475], "texture": "#layer0"},
				"down": {"uv": [7.525, 10.025, 7.975, 10.475], "texture": "#layer0"}
			}
		},
		{
			"name": "shovel_136",
			"from": [5, 5, 7.75],
			"to": [5.5, 5.5, 8.25],
			"faces": {
				"north": {"uv": [5.025, 10.975, 5.475, 10.525], "rotation": 180, "texture": "#layer0"},
				"south": {"uv": [5.025, 10.525, 5.475, 10.975], "texture": "#layer0"},
				"west": {"uv": [5.025, 10.525, 5.475, 10.975], "texture": "#layer0"},
				"up": {"uv": [5.475, 10.525, 5.025, 10.975], "rotation": 180, "texture": "#layer0"}
			}
		},
		{
			"name": "shovel_137",
			"from": [5.5, 5, 7.55],
			"to": [6, 5.5, 8.45],
			"faces": {
				"north": {"uv": [5.525, 10.975, 5.975, 10.525], "rotation": 180, "texture": "#layer0"},
				"south": {"uv": [5.525, 10.525, 5.975, 10.975], "texture": "#layer0"},
				"west": {"uv": [5.525, 10.525, 5.975, 10.975], "texture": "#layer0"},
				"up": {"uv": [5.975, 10.525, 5.525, 10.975], "rotation": 180, "texture": "#layer0"}
			}
		},
		{
			"name": "shovel_138",
			"from": [6, 5, 7.55],
			"to": [6.5, 5.5, 8.45],
			"faces": {
				"north": {"uv": [6.025, 10.975, 6.475, 10.525], "rotation": 180, "texture": "#layer0"},
				"south": {"uv": [6.025, 10.525, 6.475, 10.975], "texture": "#layer0"}
			}
		},
		{
			"name": "shovel_139",
			"from": [6.5, 5, 7.55],
			"to": [7, 5.5, 8.45],
			"faces": {
				"north": {"uv": [6.525, 10.975, 6.975, 10.525], "rotation": 180, "texture": "#layer0"},
				"east": {"uv": [6.525, 10.525, 6.975, 10.975], "texture": "#layer0"},
				"south": {"uv": [6.525, 10.525, 6.975, 10.975], "texture": "#layer0"},
				"down": {"uv": [6.525, 10.525, 6.975, 10.975], "texture": "#layer0"}
			}
		},
		{
			"name": "shovel_140",
			"from": [7, 5, 7.75],
			"to": [7.5, 5.5, 8.25],
			"faces": {
				"north": {"uv": [7.025, 10.975, 7.475, 10.525], "rotation": 180, "texture": "#layer0"},
				"east": {"uv": [7.025, 10.525, 7.475, 10.975], "texture": "#layer0"},
				"south": {"uv": [7.025, 10.525, 7.475, 10.975], "texture": "#layer0"},
				"down": {"uv": [7.025, 10.525, 7.475, 10.975], "texture": "#layer0"}
			}
		},
		{
			"name": "shovel_141",
			"from": [4.5, 4.5, 7.75],
			"to": [5, 5, 8.25],
			"faces": {
				"north": {"uv": [4.525, 11.475, 4.975, 11.025], "rotation": 180, "texture": "#layer0"},
				"south": {"uv": [4.525, 11.025, 4.975, 11.475], "texture": "#layer0"},
				"west": {"uv": [4.525, 11.025, 4.975, 11.475], "texture": "#layer0"},
				"up": {"uv": [4.975, 11.025, 4.525, 11.475], "rotation": 180, "texture": "#layer0"}
			}
		},
		{
			"name": "shovel_142",
			"from": [5, 4.5, 7.55],
			"to": [5.5, 5, 8.45],
			"faces": {
				"north": {"uv": [5.025, 11.475, 5.475, 11.025], "rotation": 180, "texture": "#layer0"},
				"south": {"uv": [5.025, 11.025, 5.475, 11.475], "texture": "#layer0"},
				"west": {"uv": [5.025, 11.025, 5.475, 11.475], "texture": "#layer0"},
				"up": {"uv": [5.475, 11.025, 5.025, 11.475], "rotation": 180, "texture": "#layer0"}
			}
		},
		{
			"name": "shovel_143",
			"from": [5.5, 4.5, 7.55],
			"to": [6, 5, 8.45],
			"faces": {
				"north": {"uv": [5.525, 11.475, 5.975, 11.025], "rotation": 180, "texture": "#layer0"},
				"south": {"uv": [5.525, 11.025, 5.975, 11.475], "texture": "#layer0"}
			}
		},
		{
			"name": "shovel_144",
			"from": [6, 4.5, 7.55],
			"to": [6.5, 5, 8.45],
			"faces": {
				"north": {"uv": [6.025, 11.475, 6.475, 11.025], "rotation": 180, "texture": "#layer0"},
				"east": {"uv": [6.025, 11.025, 6.475, 11.475], "texture": "#layer0"},
				"south": {"uv": [6.025, 11.025, 6.475, 11.475], "texture": "#layer0"},
				"down": {"uv": [6.025, 11.025, 6.475, 11.475], "texture": "#layer0"}
			}
		},
		{
			"name": "shovel_145",
			"from": [6.5, 4.5, 7.75],
			"to": [7, 5, 8.25],
			"faces": {
				"north": {"uv": [6.525, 11.475, 6.975, 11.025], "rotation": 180, "texture": "#layer0"},
				"east": {"uv": [6.525, 11.025, 6.975, 11.475], "texture": "#layer0"},
				"south": {"uv": [6.525, 11.025, 6.975, 11.475], "texture": "#layer0"},
				"down": {"uv": [6.525, 11.025, 6.975, 11.475], "texture": "#layer0"}
			}
		},
		{
			"name": "shovel_146",
			"from": [4, 4, 7.75],
			"to": [4.5, 4.5, 8.25],
			"faces": {
				"north": {"uv": [4.025, 11.975, 4.475, 11.525], "rotation": 180, "texture": "#layer0"},
				"south": {"uv": [4.025, 11.525, 4.475, 11.975], "texture": "#layer0"},
				"west": {"uv": [4.025, 11.525, 4.475, 11.975], "texture": "#layer0"},
				"up": {"uv": [4.475, 11.525, 4.025, 11.975], "rotation": 180, "texture": "#layer0"}
			}
		},
		{
			"name": "shovel_147",
			"from": [4.5, 4, 7.55],
			"to": [5, 4.5, 8.45],
			"faces": {
				"north": {"uv": [4.525, 11.975, 4.975, 11.525], "rotation": 180, "texture": "#layer0"},
				"south": {"uv": [4.525, 11.525, 4.975, 11.975], "texture": "#layer0"},
				"west": {"uv": [4.525, 11.525, 4.975, 11.975], "texture": "#layer0"},
				"up": {"uv": [4.975, 11.525, 4.525, 11.975], "rotation": 180, "texture": "#layer0"}
			}
		},
		{
			"name": "shovel_148",
			"from": [5, 4, 7.55],
			"to": [5.5, 4.5, 8.45],
			"faces": {
				"north": {"uv": [5.025, 11.975, 5.475, 11.525], "rotation": 180, "texture": "#layer0"},
				"south": {"uv": [5.025, 11.525, 5.475, 11.975], "texture": "#layer0"}
			}
		},
		{
			"name": "shovel_149",
			"from": [5.5, 4, 7.55],
			"to": [6, 4.5, 8.45],
			"faces": {
				"north": {"uv": [5.525, 11.975, 5.975, 11.525], "rotation": 180, "texture": "#layer0"},
				"east": {"uv": [5.525, 11.525, 5.975, 11.975], "texture": "#layer0"},
				"south": {"uv": [5.525, 11.525, 5.975, 11.975], "texture": "#layer0"},
				"down": {"uv": [5.525, 11.525, 5.975, 11.975], "texture": "#layer0"}
			}
		},
		{
			"name": "shovel_150",
			"from": [6, 4, 7.75],
			"to": [6.5, 4.5, 8.25],
			"faces": {
				"north": {"uv": [6.025, 11.975, 6.475, 11.525], "rotation": 180, "texture": "#layer0"},
				"east": {"uv": [6.025, 11.525, 6.475, 11.975], "texture": "#layer0"},
				"south": {"uv": [6.025, 11.525, 6.475, 11.975], "texture": "#layer0"},
				"down": {"uv": [6.025, 11.525, 6.475, 11.975], "texture": "#layer0"}
			}
		},
		{
			"name": "shovel_151",
			"from": [3.5, 3.5, 7.75],
			"to": [4, 4, 8.25],
			"faces": {
				"north": {"uv": [3.525, 12.475, 3.975, 12.025], "rotation": 180, "texture": "#layer0"},
				"south": {"uv": [3.525, 12.025, 3.975, 12.475], "texture": "#layer0"},
				"west": {"uv": [3.525, 12.025, 3.975, 12.475], "texture": "#layer0"},
				"up": {"uv": [3.975, 12.025, 3.525, 12.475], "rotation": 180, "texture": "#layer0"}
			}
		},
		{
			"name": "shovel_152",
			"from": [4, 3.5, 7.55],
			"to": [4.5, 4, 8.45],
			"faces": {
				"north": {"uv": [4.025, 12.475, 4.475, 12.025], "rotation": 180, "texture": "#layer0"},
				"south": {"uv": [4.025, 12.025, 4.475, 12.475], "texture": "#layer0"},
				"west": {"uv": [4.025, 12.025, 4.475, 12.475], "texture": "#layer0"},
				"up": {"uv": [4.475, 12.025, 4.025, 12.475], "rotation": 180, "texture": "#layer0"}
			}
		},
		{
			"name": "shovel_153",
			"from": [4.5, 3.5, 7.55],
			"to": [5, 4, 8.45],
			"faces": {
				"north": {"uv": [4.525, 12.475, 4.975, 12.025], "rotation": 180, "texture": "#layer0"},
				"south": {"uv": [4.525, 12.025, 4.975, 12.475], "texture": "#layer0"}
			}
		},
		{
			"name": "shovel_154",
			"from": [5, 3.5, 7.55],
			"to": [5.5, 4, 8.45],
			"faces": {
				"north": {"uv": [5.025, 12.475, 5.475, 12.025], "rotation": 180, "texture": "#layer0"},
				"east": {"uv": [5.025, 12.025, 5.475, 12.475], "texture": "#layer0"},
				"south": {"uv": [5.025, 12.025, 5.475, 12.475], "texture": "#layer0"},
				"down": {"uv": [5.025, 12.025, 5.475, 12.475], "texture": "#layer0"}
			}
		},
		{
			"name": "shovel_155",
			"from": [5.5, 3.5, 7.75],
			"to": [6, 4, 8.25],
			"faces": {
				"north": {"uv": [5.525, 12.475, 5.975, 12.025], "rotation": 180, "texture": "#layer0"},
				"east": {"uv": [5.525, 12.025, 5.975, 12.475], "texture": "#layer0"},
				"south": {"uv": [5.525, 12.025, 5.975, 12.475], "texture": "#layer0"},
				"down": {"uv": [5.525, 12.025, 5.975, 12.475], "texture": "#layer0"}
			}
		},
		{
			"name": "shovel_156",
			"from": [2, 3, 7.75],
			"to": [2.5, 3.5, 8.25],
			"faces": {
				"north": {"uv": [2.025, 12.975, 2.475, 12.525], "rotation": 180, "texture": "#layer0"},
				"south": {"uv": [2.025, 12.525, 2.475, 12.975], "texture": "#layer0"},
				"west": {"uv": [2.025, 12.525, 2.475, 12.975], "texture": "#layer0"},
				"up": {"uv": [2.475, 12.525, 2.025, 12.975], "rotation": 180, "texture": "#layer0"}
			}
		},
		{
			"name": "shovel_157",
			"from": [2.5, 3, 7.75],
			"to": [3, 3.5, 8.25],
			"faces": {
				"north": {"uv": [2.525, 12.975, 2.975, 12.525], "rotation": 180, "texture": "#layer0"},
				"south": {"uv": [2.525, 12.525, 2.975, 12.975], "texture": "#layer0"},
				"up": {"uv": [2.975, 12.525, 2.525, 12.975], "rotation": 180, "texture": "#layer0"}
			}
		},
		{
			"name": "shovel_158",
			"from": [3, 3, 7.75],
			"to": [3.5, 3.5, 8.25],
			"faces": {
				"north": {"uv": [3.025, 12.975, 3.475, 12.525], "rotation": 180, "texture": "#layer0"},
				"south": {"uv": [3.025, 12.525, 3.475, 12.975], "texture": "#layer0"},
				"up": {"uv": [3.475, 12.525, 3.025, 12.975], "rotation": 180, "texture": "#layer0"}
			}
		},
		{
			"name": "shovel_159",
			"from": [3.5, 3, 7.55],
			"to": [4, 3.5, 8.45],
			"faces": {
				"north": {"uv": [3.525, 12.975, 3.975, 12.525], "rotation": 180, "texture": "#layer0"},
				"south": {"uv": [3.525, 12.525, 3.975, 12.975], "texture": "#layer0"},
				"west": {"uv": [3.525, 12.525, 3.975, 12.975], "texture": "#layer0"},
				"up": {"uv": [3.975, 12.525, 3.525, 12.975], "rotation": 180, "texture": "#layer0"}
			}
		},
		{
			"name": "shovel_160",
			"from": [4, 3, 7.55],
			"to": [4.5, 3.5, 8.45],
			"faces": {
				"north": {"uv": [4.025, 12.975, 4.475, 12.525], "rotation": 180, "texture": "#layer0"},
				"south": {"uv": [4.025, 12.525, 4.475, 12.975], "texture": "#layer0"}
			}
		},
		{
			"name": "shovel_161",
			"from": [4.5, 3, 7.55],
			"to": [5, 3.5, 8.45],
			"faces": {
				"north": {"uv": [4.525, 12.975, 4.975, 12.525], "rotation": 180, "texture": "#layer0"},
				"east": {"uv": [4.525, 12.525, 4.975, 12.975], "texture": "#layer0"},
				"south": {"uv": [4.525, 12.525, 4.975, 12.975], "texture": "#layer0"},
				"down": {"uv": [4.525, 12.525, 4.975, 12.975], "texture": "#layer0"}
			}
		},
		{
			"name": "shovel_162",
			"from": [5, 3, 7.75],
			"to": [5.5, 3.5, 8.25],
			"faces": {
				"north": {"uv": [5.025, 12.975, 5.475, 12.525], "rotation": 180, "texture": "#layer0"},
				"east": {"uv": [5.025, 12.525, 5.475, 12.975], "texture": "#layer0"},
				"south": {"uv": [5.025, 12.525, 5.475, 12.975], "texture": "#layer0"},
				"down": {"uv": [5.025, 12.525, 5.475, 12.975], "texture": "#layer0"}
			}
		},
		{
			"name": "shovel_163",
			"from": [2, 2.5, 7.75],
			"to": [2.5, 3, 8.25],
			"faces": {
				"north": {"uv": [2.025, 13.475, 2.475, 13.025], "rotation": 180, "texture": "#layer0"},
				"south": {"uv": [2.025, 13.025, 2.475, 13.475], "texture": "#layer0"},
				"west": {"uv": [2.025, 13.025, 2.475, 13.475], "texture": "#layer0"}
			}
		},
		{
			"name": "shovel_164",
			"from": [2.5, 2.5, 7.55],
			"to": [3, 3, 8.45],
			"faces": {
				"north": {"uv": [2.525, 13.475, 2.975, 13.025], "rotation": 180, "texture": "#layer0"},
				"south": {"uv": [2.525, 13.025, 2.975, 13.475], "texture": "#layer0"},
				"west": {"uv": [2.525, 13.025, 2.975, 13.475], "texture": "#layer0"},
				"up": {"uv": [2.975, 13.025, 2.525, 13.475], "rotation": 180, "texture": "#layer0"}
			}
		},
		{
			"name": "shovel_165",
			"from": [3, 2.5, 7.55],
			"to": [3.5, 3, 8.45],
			"faces": {
				"north": {"uv": [3.025, 13.475, 3.475, 13.025], "rotation": 180, "texture": "#layer0"},
				"south": {"uv": [3.025, 13.025, 3.475, 13.475], "texture": "#layer0"},
				"up": {"uv": [3.475, 13.025, 3.025, 13.475], "rotation": 180, "texture": "#layer0"}
			}
		},
		{
			"name": "shovel_166",
			"from": [3.5, 2.5, 7.55],
			"to": [4, 3, 8.45],
			"faces": {
				"north": {"uv": [3.525, 13.475, 3.975, 13.025], "rotation": 180, "texture": "#layer0"},
				"south": {"uv": [3.525, 13.025, 3.975, 13.475], "texture": "#layer0"}
			}
		},
		{
			"name": "shovel_167",
			"from": [4, 2.5, 7.55],
			"to": [4.5, 3, 8.45],
			"faces": {
				"north": {"uv": [4.025, 13.475, 4.475, 13.025], "rotation": 180, "texture": "#layer0"},
				"east": {"uv": [4.025, 13.025, 4.475, 13.475], "texture": "#layer0"},
				"south": {"uv": [4.025, 13.025, 4.475, 13.475], "texture": "#layer0"},
				"down": {"uv": [4.025, 13.025, 4.475, 13.475], "texture": "#layer0"}
			}
		},
		{
			"name": "shovel_168",
			"from": [4.5, 2.5, 7.75],
			"to": [5, 3, 8.25],
			"faces": {
				"north": {"uv": [4.525, 13.475, 4.975, 13.025], "rotation": 180, "texture": "#layer0"},
				"east": {"uv": [4.525, 13.025, 4.975, 13.475], "texture": "#layer0"},
				"south": {"uv": [4.525, 13.025, 4.975, 13.475], "texture": "#layer0"},
				"down": {"uv": [4.525, 13.025, 4.975, 13.475], "texture": "#layer0"}
			}
		},
		{
			"name": "shovel_169",
			"from": [2, 2, 7.75],
			"to": [2.5, 2.5, 8.25],
			"faces": {
				"north": {"uv": [2.025, 13.975, 2.475, 13.525], "rotation": 180, "texture": "#layer0"},
				"south": {"uv": [2.025, 13.525, 2.475, 13.975], "texture": "#layer0"},
				"west": {"uv": [2.025, 13.525, 2.475, 13.975], "texture": "#layer0"},
				"down": {"uv": [2.025, 13.525, 2.475, 13.975], "texture": "#layer0"}
			}
		},
		{
			"name": "shovel_170",
			"from": [2.5, 2, 7.55],
			"to": [3, 2.5, 8.45],
			"faces": {
				"north": {"uv": [2.525, 13.975, 2.975, 13.525], "rotation": 180, "texture": "#layer0"},
				"south": {"uv": [2.525, 13.525, 2.975, 13.975], "texture": "#layer0"},
				"west": {"uv": [2.525, 13.525, 2.975, 13.975], "texture": "#layer0"},
				"down": {"uv": [2.525, 13.525, 2.975, 13.975], "texture": "#layer0"}
			}
		},
		{
			"name": "shovel_171",
			"from": [3, 2, 7.55],
			"to": [3.5, 2.5, 8.45],
			"faces": {
				"north": {"uv": [3.025, 13.975, 3.475, 13.525], "rotation": 180, "texture": "#layer0"},
				"south": {"uv": [3.025, 13.525, 3.475, 13.975], "texture": "#layer0"}
			}
		},
		{
			"name": "shovel_172",
			"from": [3.5, 2, 7.55],
			"to": [4, 2.5, 8.45],
			"faces": {
				"north": {"uv": [3.525, 13.975, 3.975, 13.525], "rotation": 180, "texture": "#layer0"},
				"east": {"uv": [3.525, 13.525, 3.975, 13.975], "texture": "#layer0"},
				"south": {"uv": [3.525, 13.525, 3.975, 13.975], "texture": "#layer0"}
			}
		},
		{
			"name": "shovel_173",
			"from": [4, 2, 7.75],
			"to": [4.5, 2.5, 8.25],
			"faces": {
				"north": {"uv": [4.025, 13.975, 4.475, 13.525], "rotation": 180, "texture": "#layer0"},
				"east": {"uv": [4.025, 13.525, 4.475, 13.975], "texture": "#layer0"},
				"south": {"uv": [4.025, 13.525, 4.475, 13.975], "texture": "#layer0"}
			}
		},
		{
			"name": "shovel_174",
			"from": [2.5, 1.5, 7.75],
			"to": [3, 2, 8.25],
			"faces": {
				"north": {"uv": [2.525, 14.475, 2.975, 14.025], "rotation": 180, "texture": "#layer0"},
				"south": {"uv": [2.525, 14.025, 2.975, 14.475], "texture": "#layer0"},
				"west": {"uv": [2.525, 14.025, 2.975, 14.475], "texture": "#layer0"},
				"down": {"uv": [2.525, 14.025, 2.975, 14.475], "texture": "#layer0"}
			}
		},
		{
			"name": "shovel_175",
			"from": [3, 1.5, 7.55],
			"to": [3.5, 2, 8.45],
			"faces": {
				"north": {"uv": [3.025, 14.475, 3.475, 14.025], "rotation": 180, "texture": "#layer0"},
				"south": {"uv": [3.025, 14.025, 3.475, 14.475], "texture": "#layer0"},
				"west": {"uv": [3.025, 14.025, 3.475, 14.475], "texture": "#layer0"},
				"down": {"uv": [3.025, 14.025, 3.475, 14.475], "texture": "#layer0"}
			}
		},
		{
			"name": "shovel_176",
			"from": [3.5, 1.5, 7.55],
			"to": [4, 2, 8.45],
			"faces": {
				"north": {"uv": [3.525, 14.475, 3.975, 14.025], "rotation": 180, "texture": "#layer0"},
				"east": {"uv": [3.525, 14.025, 3.975, 14.475], "texture": "#layer0"},
				"south": {"uv": [3.525, 14.025, 3.975, 14.475], "texture": "#layer0"},
				"down": {"uv": [3.525, 14.025, 3.975, 14.475], "texture": "#layer0"}
			}
		},
		{
			"name": "shovel_177",
			"from": [4, 1.5, 7.75],
			"to": [4.5, 2, 8.25],
			"faces": {
				"north": {"uv": [4.025, 14.475, 4.475, 14.025], "rotation": 180, "texture": "#layer0"},
				"east": {"uv": [4.025, 14.025, 4.475, 14.475], "texture": "#layer0"},
				"south": {"uv": [4.025, 14.025, 4.475, 14.475], "texture": "#layer0"}
			}
		},
		{
			"name": "shovel_178",
			"from": [3, 1, 7.75],
			"to": [3.5, 1.5, 8.25],
			"faces": {
				"north": {"uv": [3.025, 14.975, 3.475, 14.525], "rotation": 180, "texture": "#layer0"},
				"south": {"uv": [3.025, 14.525, 3.475, 14.975], "texture": "#layer0"},
				"west": {"uv": [3.025, 14.525, 3.475, 14.975], "texture": "#layer0"},
				"down": {"uv": [3.025, 14.525, 3.475, 14.975], "texture": "#layer0"}
			}
		},
		{
			"name": "shovel_179",
			"from": [3.5, 1, 7.75],
			"to": [4, 1.5, 8.25],
			"faces": {
				"north": {"uv": [3.525, 14.975, 3.975, 14.525], "rotation": 180, "texture": "#layer0"},
				"south": {"uv": [3.525, 14.525, 3.975, 14.975], "texture": "#layer0"},
				"down": {"uv": [3.525, 14.525, 3.975, 14.975], "texture": "#layer0"}
			}
		},
		{
			"name": "shovel_180",
			"from": [4, 1, 7.75],
			"to": [4.5, 1.5, 8.25],
			"faces": {
				"north": {"uv": [4.025, 14.975, 4.475, 14.525], "rotation": 180, "texture": "#layer0"},
				"east": {"uv": [4.025, 14.525, 4.475, 14.975], "texture": "#layer0"},
				"south": {"uv": [4.025, 14.525, 4.475, 14.975], "texture": "#layer0"},
				"down": {"uv": [4.025, 14.525, 4.475, 14.975], "texture": "#layer0"}
			}
		}
	],
	"groups": [
		{
			"name": "shovel",
			"origin": [8, 8, 8],
			"children": [0, 1, 2, 3, 4, 5, 6, 7, 8, 9, 10, 11, 12, 13, 14, 15, 16, 17, 18, 19, 20, 21, 22, 23, 24, 25, 26, 27, 28, 29, 30, 31, 32, 33, 34, 35, 36, 37, 38, 39, 40, 41, 42, 43, 44, 45, 46, 47, 48, 49, 50, 51, 52, 53, 54, 55, 56, 57, 58, 59, 60, 61, 62, 63, 64, 65, 66, 67, 68, 69, 70, 71, 72, 73, 74, 75, 76, 77, 78, 79, 80, 81, 82, 83, 84, 85, 86, 87, 88, 89, 90, 91, 92, 93, 94, 95, 96, 97, 98, 99, 100, 101, 102, 103, 104, 105, 106, 107, 108, 109, 110, 111, 112, 113, 114, 115, 116, 117, 118, 119, 120, 121, 122, 123, 124, 125, 126, 127, 128, 129, 130, 131, 132, 133, 134, 135, 136, 137, 138, 139, 140, 141, 142, 143, 144, 145, 146, 147, 148, 149, 150, 151, 152, 153, 154, 155, 156, 157, 158, 159, 160, 161, 162, 163, 164, 165, 166, 167, 168, 169, 170, 171, 172, 173, 174, 175, 176, 177, 178, 179, 180]
		}
	]
}