{
	"credit": "Made with Blockbench",
	"parent": "item/tool_display",
	"textures": {
		"particle": "items/wood_axe",
		"layer0": "items/wood_axe"
	},
	"elements": [
		{
			"name": "axe_7",
			"from": [10, 14, 7.75],
			"to": [10.5, 14.5, 8.25],
			"faces": {
				"north": {"uv": [10.025, 1.525, 10.475, 1.975], "texture": "#layer0"},
				"south": {"uv": [10.025, 1.525, 10.475, 1.975], "texture": "#layer0"},
				"west": {"uv": [10.025, 1.525, 10.475, 1.975], "texture": "#layer0"},
				"up": {"uv": [10.025, 1.525, 10.475, 1.975], "texture": "#layer0"}
			}
		},
		{
			"name": "axe_8",
			"from": [10.5, 14, 7.75],
			"to": [11, 14.5, 8.25],
			"faces": {
				"north": {"uv": [10.525, 1.975, 10.975, 1.525], "rotation": 180, "texture": "#layer0"},
				"east": {"uv": [10.525, 1.525, 10.975, 1.975], "texture": "#layer0"},
				"south": {"uv": [10.525, 1.525, 10.975, 1.975], "texture": "#layer0"},
				"up": {"uv": [10.975, 1.525, 10.525, 1.975], "rotation": 180, "texture": "#layer0"}
			}
		},
		{
			"name": "axe_9",
			"from": [9, 13.5, 7.75],
			"to": [9.5, 14, 8.25],
			"faces": {
				"north": {"uv": [9.025, 2.475, 9.475, 2.025], "rotation": 180, "texture": "#layer0"},
				"south": {"uv": [9.025, 2.025, 9.475, 2.475], "texture": "#layer0"},
				"west": {"uv": [9.025, 2.025, 9.475, 2.475], "texture": "#layer0"},
				"up": {"uv": [9.475, 2.025, 9.025, 2.475], "rotation": 180, "texture": "#layer0"}
			}
		},
		{
			"name": "axe_10",
			"from": [9.5, 13.5, 7.75],
			"to": [10, 14, 8.25],
			"faces": {
				"north": {"uv": [9.525, 2.025, 9.975, 2.475], "texture": "#layer0"},
				"south": {"uv": [9.525, 2.025, 9.975, 2.475], "texture": "#layer0"},
				"up": {"uv": [9.525, 2.025, 9.975, 2.475], "texture": "#layer0"}
			}
		},
		{
			"name": "axe_11",
			"from": [10, 13.5, 7.55],
			"to": [10.5, 14, 8.45],
			"faces": {
				"north": {"uv": [10.025, 2.025, 10.475, 2.475], "texture": "#layer0"},
				"south": {"uv": [10.025, 2.025, 10.475, 2.475], "texture": "#layer0"},
				"west": {"uv": [10.025, 2.025, 10.475, 2.475], "texture": "#layer0"},
				"up": {"uv": [10.025, 2.025, 10.475, 2.475], "texture": "#layer0"}
			}
		},
		{
			"name": "axe_12",
			"from": [10.5, 13.5, 7.55],
			"to": [11, 14, 8.45],
			"faces": {
				"north": {"uv": [10.525, 2.025, 10.975, 2.475], "texture": "#layer0"},
				"east": {"uv": [10.525, 2.025, 10.975, 2.475], "texture": "#layer0"},
				"south": {"uv": [10.525, 2.025, 10.975, 2.475], "texture": "#layer0"},
				"up": {"uv": [10.525, 2.025, 10.975, 2.475], "texture": "#layer0"}
			}
		},
		{
			"name": "axe_13",
			"from": [11, 13.5, 7.75],
			"to": [11.5, 14, 8.25],
			"faces": {
				"north": {"uv": [11.025, 2.025, 11.475, 2.475], "texture": "#layer0"},
				"east": {"uv": [11.025, 2.025, 11.475, 2.475], "texture": "#layer0"},
				"south": {"uv": [11.025, 2.025, 11.475, 2.475], "texture": "#layer0"},
				"up": {"uv": [11.025, 2.025, 11.475, 2.475], "texture": "#layer0"}
			}
		},
		{
			"name": "axe_15",
			"from": [8.5, 13, 7.75],
			"to": [9, 13.5, 8.25],
			"faces": {
				"north": {"uv": [8.525, 2.975, 8.975, 2.525], "rotation": 180, "texture": "#layer0"},
				"south": {"uv": [8.525, 2.525, 8.975, 2.975], "texture": "#layer0"},
				"west": {"uv": [8.525, 2.525, 8.975, 2.975], "texture": "#layer0"},
				"up": {"uv": [8.975, 2.525, 8.525, 2.975], "rotation": 180, "texture": "#layer0"}
			}
		},
		{
			"name": "axe_16",
			"from": [9, 13, 7.55],
			"to": [9.5, 13.5, 8.45],
			"faces": {
				"north": {"uv": [9.025, 2.525, 9.475, 2.975], "texture": "#layer0"},
				"south": {"uv": [9.025, 2.525, 9.475, 2.975], "texture": "#layer0"},
				"west": {"uv": [9.025, 2.525, 9.475, 2.975], "texture": "#layer0"},
				"up": {"uv": [9.025, 2.525, 9.475, 2.975], "texture": "#layer0"}
			}
		},
		{
			"name": "axe_17",
			"from": [9.5, 13, 7.55],
			"to": [10, 13.5, 8.45],
			"faces": {
				"north": {"uv": [9.525, 2.525, 9.975, 2.975], "texture": "#layer0"},
				"south": {"uv": [9.525, 2.525, 9.975, 2.975], "texture": "#layer0"},
				"up": {"uv": [9.525, 2.525, 9.975, 2.975], "texture": "#layer0"}
			}
		},
		{
			"name": "axe_18",
			"from": [10, 13, 7.55],
			"to": [10.5, 13.5, 8.45],
			"faces": {
				"north": {"uv": [10.025, 2.975, 10.475, 2.525], "rotation": 180, "texture": "#layer0"},
				"south": {"uv": [10.025, 2.525, 10.475, 2.975], "texture": "#layer0"}
			}
		},
		{
			"name": "axe_19",
			"from": [10.5, 13, 7.55],
			"to": [11, 13.5, 8.45],
			"faces": {
				"north": {"uv": [10.525, 2.975, 10.975, 2.525], "rotation": 180, "texture": "#layer0"},
				"east": {"uv": [10.525, 2.525, 10.975, 2.975], "texture": "#layer0"},
				"south": {"uv": [10.525, 2.525, 10.975, 2.975], "texture": "#layer0"}
			}
		},
		{
			"name": "axe_20",
			"from": [11, 13, 7.75],
			"to": [11.5, 13.5, 8.25],
			"faces": {
				"north": {"uv": [11.025, 2.975, 11.475, 2.525], "rotation": 180, "texture": "#layer0"},
				"east": {"uv": [11.025, 2.525, 11.475, 2.975], "texture": "#layer0"},
				"south": {"uv": [11.025, 2.525, 11.475, 2.975], "texture": "#layer0"}
			}
		},
		{
			"name": "axe_22",
			"from": [8, 12.5, 7.75],
			"to": [8.5, 13, 8.25],
			"faces": {
				"north": {"uv": [8.025, 3.475, 8.475, 3.025], "rotation": 180, "texture": "#layer0"},
				"south": {"uv": [8.025, 3.025, 8.475, 3.475], "texture": "#layer0"},
				"west": {"uv": [8.025, 3.025, 8.475, 3.475], "texture": "#layer0"},
				"up": {"uv": [8.475, 3.025, 8.025, 3.475], "rotation": 180, "texture": "#layer0"}
			}
		},
		{
			"name": "axe_23",
			"from": [8.5, 12.5, 7.55],
			"to": [9, 13, 8.45],
			"faces": {
				"north": {"uv": [8.525, 3.025, 8.975, 3.475], "texture": "#layer0"},
				"south": {"uv": [8.525, 3.025, 8.975, 3.475], "texture": "#layer0"},
				"west": {"uv": [8.525, 3.025, 8.975, 3.475], "texture": "#layer0"},
				"up": {"uv": [8.525, 3.025, 8.975, 3.475], "texture": "#layer0"}
			}
		},
		{
			"name": "axe_24",
			"from": [9, 12.5, 7.55],
			"to": [9.5, 13, 8.45],
			"faces": {
				"north": {"uv": [9.025, 3.475, 9.475, 3.025], "rotation": 180, "texture": "#layer0"},
				"south": {"uv": [9.025, 3.025, 9.475, 3.475], "texture": "#layer0"}
			}
		},
		{
			"name": "axe_25",
			"from": [9.5, 12.5, 7.55],
			"to": [10, 13, 8.45],
			"faces": {
				"north": {"uv": [9.525, 3.475, 9.975, 3.025], "rotation": 180, "texture": "#layer0"},
				"south": {"uv": [9.525, 3.025, 9.975, 3.475], "texture": "#layer0"}
			}
		},
		{
			"name": "axe_26",
			"from": [10, 12.5, 7.55],
			"to": [10.5, 13, 8.45],
			"faces": {
				"north": {"uv": [10.025, 3.475, 10.475, 3.025], "rotation": 180, "texture": "#layer0"},
				"south": {"uv": [10.025, 3.025, 10.475, 3.475], "texture": "#layer0"}
			}
		},
		{
			"name": "axe_27",
			"from": [10.5, 12.5, 7.55],
			"to": [11, 13, 8.45],
			"faces": {
				"north": {"uv": [10.525, 3.475, 10.975, 3.025], "rotation": 180, "texture": "#layer0"},
				"east": {"uv": [10.525, 3.025, 10.975, 3.475], "texture": "#layer0"},
				"south": {"uv": [10.525, 3.025, 10.975, 3.475], "texture": "#layer0"}
			}
		},
		{
			"name": "axe_28",
			"from": [11, 12.5, 7.75],
			"to": [11.5, 13, 8.25],
			"faces": {
				"north": {"uv": [11.025, 3.475, 11.475, 3.025], "rotation": 180, "texture": "#layer0"},
				"east": {"uv": [11.025, 3.025, 11.475, 3.475], "texture": "#layer0"},
				"south": {"uv": [11.025, 3.025, 11.475, 3.475], "texture": "#layer0"}
			}
		},
		{
			"name": "axe_30",
			"from": [7.5, 12, 7.75],
			"to": [8, 12.5, 8.25],
			"faces": {
				"north": {"uv": [7.525, 3.975, 7.975, 3.525], "rotation": 180, "texture": "#layer0"},
				"south": {"uv": [7.525, 3.525, 7.975, 3.975], "texture": "#layer0"},
				"west": {"uv": [7.525, 3.525, 7.975, 3.975], "texture": "#layer0"},
				"up": {"uv": [7.975, 3.525, 7.525, 3.975], "rotation": 180, "texture": "#layer0"}
			}
		},
		{
			"name": "axe_31",
			"from": [8, 12, 7.55],
			"to": [8.5, 12.5, 8.45],
			"faces": {
				"north": {"uv": [8.025, 3.525, 8.475, 3.975], "texture": "#layer0"},
				"south": {"uv": [8.025, 3.525, 8.475, 3.975], "texture": "#layer0"},
				"west": {"uv": [8.025, 3.525, 8.475, 3.975], "texture": "#layer0"},
				"up": {"uv": [8.025, 3.525, 8.475, 3.975], "texture": "#layer0"}
			}
		},
		{
			"name": "axe_32",
			"from": [8.5, 12, 7.55],
			"to": [9, 12.5, 8.45],
			"faces": {
				"north": {"uv": [8.525, 3.975, 8.975, 3.525], "rotation": 180, "texture": "#layer0"},
				"south": {"uv": [8.525, 3.525, 8.975, 3.975], "texture": "#layer0"}
			}
		},
		{
			"name": "axe_33",
			"from": [9, 12, 7.55],
			"to": [9.5, 12.5, 8.45],
			"faces": {
				"north": {"uv": [9.025, 3.975, 9.475, 3.525], "rotation": 180, "texture": "#layer0"},
				"south": {"uv": [9.025, 3.525, 9.475, 3.975], "texture": "#layer0"}
			}
		},
		{
			"name": "axe_34",
			"from": [9.5, 12, 7.55],
			"to": [10, 12.5, 8.45],
			"faces": {
				"north": {"uv": [9.525, 3.975, 9.975, 3.525], "rotation": 180, "texture": "#layer0"},
				"south": {"uv": [9.525, 3.525, 9.975, 3.975], "texture": "#layer0"}
			}
		},
		{
			"name": "axe_35",
			"from": [10, 12, 7.55],
			"to": [10.5, 12.5, 8.45],
			"faces": {
				"north": {"uv": [10.025, 3.975, 10.475, 3.525], "rotation": 180, "texture": "#layer0"},
				"south": {"uv": [10.025, 3.525, 10.475, 3.975], "texture": "#layer0"}
			}
		},
		{
			"name": "axe_36",
			"from": [10.5, 12, 7.55],
			"to": [11, 12.5, 8.45],
			"faces": {
				"north": {"uv": [10.525, 3.975, 10.975, 3.525], "rotation": 180, "texture": "#layer0"},
				"east": {"uv": [10.525, 3.525, 10.975, 3.975], "texture": "#layer0"},
				"south": {"uv": [10.525, 3.525, 10.975, 3.975], "texture": "#layer0"}
			}
		},
		{
			"name": "axe_37",
			"from": [11, 12, 7.75],
			"to": [11.5, 12.5, 8.25],
			"faces": {
				"north": {"uv": [11.025, 3.975, 11.475, 3.525], "rotation": 180, "texture": "#layer0"},
				"east": {"uv": [11.025, 3.525, 11.475, 3.975], "texture": "#layer0"},
				"south": {"uv": [11.025, 3.525, 11.475, 3.975], "texture": "#layer0"}
			}
		},
		{
			"name": "axe_39",
			"from": [7, 11.5, 7.75],
			"to": [7.5, 12, 8.25],
			"faces": {
				"north": {"uv": [7.025, 4.475, 7.475, 4.025], "rotation": 180, "texture": "#layer0"},
				"south": {"uv": [7.025, 4.025, 7.475, 4.475], "texture": "#layer0"},
				"west": {"uv": [7.025, 4.025, 7.475, 4.475], "texture": "#layer0"},
				"up": {"uv": [7.475, 4.025, 7.025, 4.475], "rotation": 180, "texture": "#layer0"}
			}
		},
		{
			"name": "axe_40",
			"from": [7.5, 11.5, 7.55],
			"to": [8, 12, 8.45],
			"faces": {
				"north": {"uv": [7.525, 4.025, 7.975, 4.475], "texture": "#layer0"},
				"south": {"uv": [7.525, 4.025, 7.975, 4.475], "texture": "#layer0"},
				"west": {"uv": [7.525, 4.025, 7.975, 4.475], "texture": "#layer0"},
				"up": {"uv": [7.525, 4.025, 7.975, 4.475], "texture": "#layer0"}
			}
		},
		{
			"name": "axe_41",
			"from": [8, 11.5, 7.55],
			"to": [8.5, 12, 8.45],
			"faces": {
				"north": {"uv": [8.025, 4.475, 8.475, 4.025], "rotation": 180, "texture": "#layer0"},
				"south": {"uv": [8.025, 4.025, 8.475, 4.475], "texture": "#layer0"}
			}
		},
		{
			"name": "axe_42",
			"from": [8.5, 11.5, 7.55],
			"to": [9, 12, 8.45],
			"faces": {
				"north": {"uv": [8.525, 4.475, 8.975, 4.025], "rotation": 180, "texture": "#layer0"},
				"south": {"uv": [8.525, 4.025, 8.975, 4.475], "texture": "#layer0"}
			}
		},
		{
			"name": "axe_43",
			"from": [9, 11.5, 7.55],
			"to": [9.5, 12, 8.45],
			"faces": {
				"north": {"uv": [9.025, 4.475, 9.475, 4.025], "rotation": 180, "texture": "#layer0"},
				"south": {"uv": [9.025, 4.025, 9.475, 4.475], "texture": "#layer0"}
			}
		},
		{
			"name": "axe_44",
			"from": [9.5, 11.5, 7.55],
			"to": [10, 12, 8.45],
			"faces": {
				"north": {"uv": [9.525, 4.475, 9.975, 4.025], "rotation": 180, "texture": "#layer0"},
				"south": {"uv": [9.525, 4.025, 9.975, 4.475], "texture": "#layer0"}
			}
		},
		{
			"name": "axe_45",
			"from": [10, 11.5, 7.55],
			"to": [10.5, 12, 8.45],
			"faces": {
				"north": {"uv": [10.025, 4.475, 10.475, 4.025], "rotation": 180, "texture": "#layer0"},
				"south": {"uv": [10.025, 4.025, 10.475, 4.475], "texture": "#layer0"}
			}
		},
		{
			"name": "axe_46",
			"from": [10.5, 11.5, 7.55],
			"to": [11, 12, 8.45],
			"faces": {
				"north": {"uv": [10.525, 4.475, 10.975, 4.025], "rotation": 180, "texture": "#layer0"},
				"east": {"uv": [10.525, 4.025, 10.975, 4.475], "texture": "#layer0"},
				"south": {"uv": [10.525, 4.025, 10.975, 4.475], "texture": "#layer0"}
			}
		},
		{
			"name": "axe_47",
			"from": [11, 11.5, 7.75],
			"to": [11.5, 12, 8.25],
			"faces": {
				"north": {"uv": [11.025, 4.475, 11.475, 4.025], "rotation": 180, "texture": "#layer0"},
				"south": {"uv": [11.025, 4.025, 11.475, 4.475], "texture": "#layer0"}
			}
		},
		{
			"name": "axe_48",
			"from": [11.5, 11.5, 7.75],
			"to": [12.5, 12, 8.25],
			"faces": {
				"north": {"uv": [11.525, 4.475, 12.475, 4.025], "rotation": 180, "texture": "#layer0"},
				"east": {"uv": [12.025, 4.025, 12.45, 4.45], "texture": "#layer0"},
				"south": {"uv": [11.525, 4.025, 12.475, 4.475], "texture": "#layer0"},
				"up": {"uv": [12.475, 4.025, 11.525, 4.475], "rotation": 180, "texture": "#layer0"}
			}
		},
		{
			"name": "axe_51",
			"from": [7, 11, 7.75],
			"to": [7.5, 11.5, 8.25],
			"faces": {
				"north": {"uv": [7.025, 4.525, 7.475, 4.975], "texture": "#layer0"},
				"south": {"uv": [7.025, 4.525, 7.475, 4.975], "texture": "#layer0"},
				"west": {"uv": [7.025, 4.525, 7.475, 4.975], "texture": "#layer0"}
			}
		},
		{
			"name": "axe_52",
			"from": [7.5, 11, 7.55],
			"to": [8, 11.5, 8.45],
			"faces": {
				"north": {"uv": [7.525, 4.525, 7.975, 4.975], "texture": "#layer0"},
				"south": {"uv": [7.525, 4.525, 7.975, 4.975], "texture": "#layer0"},
				"west": {"uv": [7.525, 4.525, 7.975, 4.975], "texture": "#layer0"}
			}
		},
		{
			"name": "axe_53",
			"from": [8, 11, 7.55],
			"to": [8.5, 11.5, 8.45],
			"faces": {
				"north": {"uv": [8.025, 4.975, 8.475, 4.525], "rotation": 180, "texture": "#layer0"},
				"south": {"uv": [8.025, 4.525, 8.475, 4.975], "texture": "#layer0"}
			}
		},
		{
			"name": "axe_54",
			"from": [8.5, 11, 7.55],
			"to": [9, 11.5, 8.45],
			"faces": {
				"north": {"uv": [8.525, 4.975, 8.975, 4.525], "rotation": 180, "texture": "#layer0"},
				"south": {"uv": [8.525, 4.525, 8.975, 4.975], "texture": "#layer0"}
			}
		},
		{
			"name": "axe_55",
			"from": [9, 11, 7.55],
			"to": [9.5, 11.5, 8.45],
			"faces": {
				"north": {"uv": [9.025, 4.975, 9.475, 4.525], "rotation": 180, "texture": "#layer0"},
				"south": {"uv": [9.025, 4.525, 9.475, 4.975], "texture": "#layer0"}
			}
		},
		{
			"name": "axe_56",
			"from": [9.5, 11, 7.55],
			"to": [10, 11.5, 8.45],
			"faces": {
				"north": {"uv": [9.525, 4.975, 9.975, 4.525], "rotation": 180, "texture": "#layer0"},
				"south": {"uv": [9.525, 4.525, 9.975, 4.975], "texture": "#layer0"}
			}
		},
		{
			"name": "axe_57",
			"from": [10, 11, 7.55],
			"to": [10.5, 11.5, 8.45],
			"faces": {
				"north": {"uv": [10.025, 4.975, 10.475, 4.525], "rotation": 180, "texture": "#layer0"},
				"south": {"uv": [10.025, 4.525, 10.475, 4.975], "texture": "#layer0"}
			}
		},
		{
			"name": "axe_58",
			"from": [10.5, 11, 7.55],
			"to": [11, 11.5, 8.45],
			"faces": {
				"north": {"uv": [10.525, 4.975, 10.975, 4.525], "rotation": 180, "texture": "#layer0"},
				"south": {"uv": [10.525, 4.525, 10.975, 4.975], "texture": "#layer0"}
			}
		},
		{
			"name": "axe_59",
			"from": [11, 11, 7.35],
			"to": [11.5, 11.5, 8.65],
			"faces": {
				"north": {"uv": [11.025, 4.975, 11.475, 4.525], "rotation": 180, "texture": "#layer0"},
				"east": {"uv": [11.025, 4.525, 11.475, 4.975], "texture": "#layer0"},
				"south": {"uv": [11.025, 4.525, 11.475, 4.975], "texture": "#layer0"},
				"west": {"uv": [11.025, 4.525, 11.475, 4.975], "texture": "#layer0"},
				"up": {"uv": [11.475, 4.525, 11.025, 4.975], "rotation": 180, "texture": "#layer0"}
			}
		},
		{
			"name": "axe_60",
			"from": [11.5, 11, 7.55],
			"to": [12, 11.5, 8.45],
			"faces": {
				"north": {"uv": [11.525, 4.975, 11.975, 4.525], "rotation": 180, "texture": "#layer0"},
				"south": {"uv": [11.525, 4.525, 11.975, 4.975], "texture": "#layer0"},
				"up": {"uv": [11.975, 4.525, 11.525, 4.975], "rotation": 180, "texture": "#layer0"}
			}
		},
		{
			"name": "axe_61",
			"from": [12, 11, 7.55],
			"to": [12.5, 11.5, 8.45],
			"faces": {
				"north": {"uv": [12.025, 4.975, 12.475, 4.525], "rotation": 180, "texture": "#layer0"},
				"east": {"uv": [12.025, 4.525, 12.475, 4.975], "texture": "#layer0"},
				"south": {"uv": [12.025, 4.525, 12.475, 4.975], "texture": "#layer0"},
				"up": {"uv": [12.475, 4.525, 12.025, 4.975], "rotation": 180, "texture": "#layer0"}
			}
		},
		{
			"name": "axe_63",
			"from": [6.5, 10.5, 7.75],
			"to": [7, 11, 8.25],
			"faces": {
				"north": {"uv": [6.525, 5.025, 6.975, 5.475], "texture": "#layer0"},
				"south": {"uv": [6.525, 5.025, 6.975, 5.475], "texture": "#layer0"},
				"west": {"uv": [6.525, 5.025, 6.975, 5.475], "texture": "#layer0"},
				"up": {"uv": [6.525, 5.025, 6.975, 5.475], "texture": "#layer0"}
			}
		},
		{
			"name": "axe_64",
			"from": [7, 10.5, 7.55],
			"to": [7.5, 11, 8.45],
			"faces": {
				"north": {"uv": [7.025, 5.025, 7.475, 5.475], "texture": "#layer0"},
				"south": {"uv": [7.025, 5.025, 7.475, 5.475], "texture": "#layer0"},
				"west": {"uv": [7.025, 5.025, 7.475, 5.475], "texture": "#layer0"},
				"up": {"uv": [7.025, 5.025, 7.475, 5.475], "texture": "#layer0"}
			}
		},
		{
			"name": "axe_65",
			"from": [7.5, 10.5, 7.55],
			"to": [8, 11, 8.45],
			"faces": {
				"north": {"uv": [7.525, 5.475, 7.975, 5.025], "rotation": 180, "texture": "#layer0"},
				"south": {"uv": [7.525, 5.025, 7.975, 5.475], "texture": "#layer0"}
			}
		},
		{
			"name": "axe_66",
			"from": [8, 10.5, 7.55],
			"to": [8.5, 11, 8.45],
			"faces": {
				"north": {"uv": [8.025, 5.475, 8.475, 5.025], "rotation": 180, "texture": "#layer0"},
				"south": {"uv": [8.025, 5.025, 8.475, 5.475], "texture": "#layer0"}
			}
		},
		{
			"name": "axe_67",
			"from": [8.5, 10.5, 7.55],
			"to": [9, 11, 8.45],
			"faces": {
				"north": {"uv": [8.525, 5.475, 8.975, 5.025], "rotation": 180, "texture": "#layer0"},
				"south": {"uv": [8.525, 5.025, 8.975, 5.475], "texture": "#layer0"}
			}
		},
		{
			"name": "axe_68",
			"from": [9, 10.5, 7.55],
			"to": [9.5, 11, 8.45],
			"faces": {
				"north": {"uv": [9.025, 5.475, 9.475, 5.025], "rotation": 180, "texture": "#layer0"},
				"south": {"uv": [9.025, 5.025, 9.475, 5.475], "texture": "#layer0"}
			}
		},
		{
			"name": "axe_69",
			"from": [9.5, 10.5, 7.55],
			"to": [10, 11, 8.45],
			"faces": {
				"north": {"uv": [9.525, 5.475, 9.975, 5.025], "rotation": 180, "texture": "#layer0"},
				"south": {"uv": [9.525, 5.025, 9.975, 5.475], "texture": "#layer0"}
			}
		},
		{
			"name": "axe_70",
			"from": [10, 10.5, 7.55],
			"to": [10.5, 11, 8.45],
			"faces": {
				"north": {"uv": [10.025, 5.475, 10.475, 5.025], "rotation": 180, "texture": "#layer0"},
				"south": {"uv": [10.025, 5.025, 10.475, 5.475], "texture": "#layer0"}
			}
		},
		{
			"name": "axe_71",
			"from": [10.5, 10.5, 7.35],
			"to": [11, 11, 8.65],
			"faces": {
				"north": {"uv": [10.525, 5.475, 10.975, 5.025], "rotation": 180, "texture": "#layer0"},
				"south": {"uv": [10.525, 5.025, 10.975, 5.475], "texture": "#layer0"},
				"west": {"uv": [10.525, 5.025, 10.975, 5.475], "texture": "#layer0"},
				"up": {"uv": [10.975, 5.025, 10.525, 5.475], "rotation": 180, "texture": "#layer0"}
			}
		},
		{
			"name": "axe_72",
			"from": [11, 10.5, 7.35],
			"to": [11.5, 11, 8.65],
			"faces": {
				"north": {"uv": [11.025, 5.025, 11.475, 5.475], "texture": "#layer0"},
				"east": {"uv": [11.025, 5.025, 11.475, 5.475], "texture": "#layer0"},
				"south": {"uv": [11.025, 5.025, 11.475, 5.475], "texture": "#layer0"}
			}
		},
		{
			"name": "axe_73",
			"from": [11.5, 10.5, 7.55],
			"to": [12, 11, 8.45],
			"faces": {
				"north": {"uv": [11.525, 5.475, 11.975, 5.025], "rotation": 180, "texture": "#layer0"},
				"south": {"uv": [11.525, 5.025, 11.975, 5.475], "texture": "#layer0"}
			}
		},
		{
			"name": "axe_74",
			"from": [12, 10.5, 7.55],
			"to": [12.5, 11, 8.45],
			"faces": {
				"north": {"uv": [12.025, 5.475, 12.475, 5.025], "rotation": 180, "texture": "#layer0"},
				"east": {"uv": [12.025, 5.025, 12.475, 5.475], "texture": "#layer0"},
				"south": {"uv": [12.025, 5.025, 12.475, 5.475], "texture": "#layer0"}
			}
		},
		{
			"name": "axe_75",
			"from": [12.5, 10.5, 7.75],
			"to": [13, 11.5, 8.25],
			"faces": {
				"north": {"uv": [12.525, 5.475, 12.975, 4.525], "rotation": 180, "texture": "#layer0"},
				"east": {"uv": [12.525, 4.525, 12.975, 5.475], "texture": "#layer0"},
				"south": {"uv": [12.525, 4.525, 12.975, 5.475], "texture": "#layer0"},
				"up": {"uv": [12.95, 4.525, 12.525, 4.95], "rotation": 180, "texture": "#layer0"},
				"down": {"uv": [12.525, 5.025, 12.975, 5.475], "texture": "#layer0"}
			}
		},
		{
			"name": "axe_77",
			"from": [6.5, 10, 7.75],
			"to": [7, 10.5, 8.25],
			"faces": {
				"north": {"uv": [6.525, 5.975, 6.975, 5.525], "rotation": 180, "texture": "#layer0"},
				"south": {"uv": [6.525, 5.525, 6.975, 5.975], "texture": "#layer0"},
				"west": {"uv": [6.525, 5.525, 6.975, 5.975], "texture": "#layer0"},
				"down": {"uv": [6.525, 5.525, 6.975, 5.975], "texture": "#layer0"}
			}
		},
		{
			"name": "axe_78",
			"from": [7, 10, 7.55],
			"to": [7.5, 10.5, 8.45],
			"faces": {
				"north": {"uv": [7.025, 5.525, 7.475, 5.975], "texture": "#layer0"},
				"south": {"uv": [7.025, 5.525, 7.475, 5.975], "texture": "#layer0"},
				"west": {"uv": [7.025, 5.525, 7.475, 5.975], "texture": "#layer0"},
				"down": {"uv": [7.025, 5.525, 7.475, 5.975], "texture": "#layer0"}
			}
		},
		{
			"name": "axe_79",
			"from": [7.5, 10, 7.55],
			"to": [8, 10.5, 8.45],
			"faces": {
				"north": {"uv": [7.525, 5.975, 7.975, 5.525], "rotation": 180, "texture": "#layer0"},
				"south": {"uv": [7.525, 5.525, 7.975, 5.975], "texture": "#layer0"},
				"down": {"uv": [7.525, 5.525, 7.975, 5.975], "texture": "#layer0"}
			}
		},
		{
			"name": "axe_80",
			"from": [8, 10, 7.55],
			"to": [8.5, 10.5, 8.45],
			"faces": {
				"north": {"uv": [8.025, 5.975, 8.475, 5.525], "rotation": 180, "texture": "#layer0"},
				"south": {"uv": [8.025, 5.525, 8.475, 5.975], "texture": "#layer0"},
				"down": {"uv": [8.025, 5.525, 8.475, 5.975], "texture": "#layer0"}
			}
		},
		{
			"name": "axe_81",
			"from": [8.5, 10, 7.55],
			"to": [9, 10.5, 8.45],
			"faces": {
				"north": {"uv": [8.525, 5.975, 8.975, 5.525], "rotation": 180, "texture": "#layer0"},
				"south": {"uv": [8.525, 5.525, 8.975, 5.975], "texture": "#layer0"},
				"down": {"uv": [8.525, 5.525, 8.975, 5.975], "texture": "#layer0"}
			}
		},
		{
			"name": "axe_82",
			"from": [9, 10, 7.55],
			"to": [9.5, 10.5, 8.45],
			"faces": {
				"north": {"uv": [9.025, 5.975, 9.475, 5.525], "rotation": 180, "texture": "#layer0"},
				"south": {"uv": [9.025, 5.525, 9.475, 5.975], "texture": "#layer0"},
				"down": {"uv": [9.025, 5.525, 9.475, 5.975], "texture": "#layer0"}
			}
		},
		{
			"name": "axe_83",
			"from": [9.5, 10, 7.55],
			"to": [10, 10.5, 8.45],
			"faces": {
				"north": {"uv": [9.525, 5.975, 9.975, 5.525], "rotation": 180, "texture": "#layer0"},
				"south": {"uv": [9.525, 5.525, 9.975, 5.975], "texture": "#layer0"}
			}
		},
		{
			"name": "axe_84",
			"from": [10, 10, 7.35],
			"to": [10.5, 10.5, 8.65],
			"faces": {
				"north": {"uv": [10.025, 5.975, 10.475, 5.525], "rotation": 180, "texture": "#layer0"},
				"south": {"uv": [10.025, 5.525, 10.475, 5.975], "texture": "#layer0"},
				"west": {"uv": [10.025, 5.525, 10.475, 5.975], "texture": "#layer0"},
				"up": {"uv": [10.475, 5.525, 10.025, 5.975], "rotation": 180, "texture": "#layer0"}
			}
		},
		{
			"name": "axe_85",
			"from": [10.5, 10, 7.35],
			"to": [11, 10.5, 8.65],
			"faces": {
				"north": {"uv": [10.525, 5.975, 10.975, 5.525], "rotation": 180, "texture": "#layer0"},
				"south": {"uv": [10.525, 5.525, 10.975, 5.975], "texture": "#layer0"}
			}
		},
		{
			"name": "axe_86",
			"from": [11, 10, 7.35],
			"to": [11.5, 10.5, 8.65],
			"faces": {
				"north": {"uv": [11.025, 5.975, 11.475, 5.525], "rotation": 180, "texture": "#layer0"},
				"south": {"uv": [11.025, 5.525, 11.475, 5.975], "texture": "#layer0"}
			}
		},
		{
			"name": "axe_87",
			"from": [11.5, 10, 7.35],
			"to": [12, 10.5, 8.65],
			"faces": {
				"north": {"uv": [11.525, 5.525, 11.975, 5.975], "texture": "#layer0"},
				"south": {"uv": [11.525, 5.525, 11.975, 5.975], "texture": "#layer0"},
				"up": {"uv": [11.525, 5.525, 11.975, 5.975], "texture": "#layer0"}
			}
		},
		{
			"name": "axe_88",
			"from": [12, 10, 7.35],
			"to": [12.5, 10.5, 8.65],
			"faces": {
				"north": {"uv": [12.025, 5.975, 12.475, 5.525], "rotation": 180, "texture": "#layer0"},
				"east": {"uv": [12.025, 5.525, 12.475, 5.975], "texture": "#layer0"},
				"south": {"uv": [12.025, 5.525, 12.475, 5.975], "texture": "#layer0"},
				"up": {"uv": [12.475, 5.525, 12.025, 5.975], "rotation": 180, "texture": "#layer0"},
				"down": {"uv": [12.025, 5.525, 12.475, 5.975], "texture": "#layer0"}
			}
		},
		{
			"name": "axe_90",
			"from": [7, 9.5, 7.75],
			"to": [7.5, 10, 8.25],
			"faces": {
				"north": {"uv": [7.025, 6.025, 7.475, 6.475], "texture": "#layer0"},
				"south": {"uv": [7.025, 6.025, 7.475, 6.475], "texture": "#layer0"},
				"west": {"uv": [7.025, 6.025, 7.475, 6.475], "texture": "#layer0"},
				"down": {"uv": [7.025, 6.025, 7.475, 6.475], "texture": "#layer0"}
			}
		},
		{
			"name": "axe_91",
			"from": [7.5, 9.5, 7.75],
			"to": [8, 10, 8.25],
			"faces": {
				"north": {"uv": [7.525, 6.475, 7.975, 6.025], "rotation": 180, "texture": "#layer0"},
				"south": {"uv": [7.525, 6.025, 7.975, 6.475], "texture": "#layer0"},
				"down": {"uv": [7.525, 6.025, 7.975, 6.475], "texture": "#layer0"}
			}
		},
		{
			"name": "axe_92",
			"from": [8, 9.5, 7.75],
			"to": [8.5, 10, 8.25],
			"faces": {
				"north": {"uv": [8.025, 6.475, 8.475, 6.025], "rotation": 180, "texture": "#layer0"},
				"south": {"uv": [8.025, 6.025, 8.475, 6.475], "texture": "#layer0"},
				"down": {"uv": [8.025, 6.025, 8.475, 6.475], "texture": "#layer0"}
			}
		},
		{
			"name": "axe_93",
			"from": [8.5, 9.5, 7.75],
			"to": [9, 10, 8.25],
			"faces": {
				"north": {"uv": [8.525, 6.475, 8.975, 6.025], "rotation": 180, "texture": "#layer0"},
				"south": {"uv": [8.525, 6.025, 8.975, 6.475], "texture": "#layer0"},
				"down": {"uv": [8.525, 6.025, 8.975, 6.475], "texture": "#layer0"}
			}
		},
		{
			"name": "axe_94",
			"from": [9, 9.5, 7.75],
			"to": [9.5, 10, 8.25],
			"faces": {
				"north": {"uv": [9.025, 6.475, 9.475, 6.025], "rotation": 180, "texture": "#layer0"},
				"south": {"uv": [9.025, 6.025, 9.475, 6.475], "texture": "#layer0"}
			}
		},
		{
			"name": "axe_95",
			"from": [9.5, 9.5, 7.35],
			"to": [10, 10, 8.65],
			"faces": {
				"north": {"uv": [9.525, 6.475, 9.975, 6.025], "rotation": 180, "texture": "#layer0"},
				"south": {"uv": [9.525, 6.025, 9.975, 6.475], "texture": "#layer0"},
				"west": {"uv": [9.525, 6.025, 9.975, 6.475], "texture": "#layer0"},
				"up": {"uv": [9.975, 6.025, 9.525, 6.475], "rotation": 180, "texture": "#layer0"},
				"down": {"uv": [9.525, 6.025, 9.975, 6.475], "texture": "#layer0"}
			}
		},
		{
			"name": "axe_96",
			"from": [10, 9.5, 7.35],
			"to": [10.5, 10, 8.65],
			"faces": {
				"north": {"uv": [10.025, 6.475, 10.475, 6.025], "rotation": 180, "texture": "#layer0"},
				"south": {"uv": [10.025, 6.025, 10.475, 6.475], "texture": "#layer0"}
			}
		},
		{
			"name": "axe_97",
			"from": [10.5, 9.5, 7.35],
			"to": [11, 10, 8.65],
			"faces": {
				"north": {"uv": [10.525, 6.475, 10.975, 6.025], "rotation": 180, "texture": "#layer0"},
				"south": {"uv": [10.525, 6.025, 10.975, 6.475], "texture": "#layer0"}
			}
		},
		{
			"name": "axe_98",
			"from": [11, 9.5, 7.35],
			"to": [11.5, 10, 8.65],
			"faces": {
				"north": {"uv": [11.025, 6.475, 11.475, 6.025], "rotation": 180, "texture": "#layer0"},
				"south": {"uv": [11.025, 6.025, 11.475, 6.475], "texture": "#layer0"}
			}
		},
		{
			"name": "axe_99",
			"from": [11.5, 9.5, 7.35],
			"to": [12, 10, 8.65],
			"faces": {
				"north": {"uv": [11.525, 6.475, 11.975, 6.025], "rotation": 180, "texture": "#layer0"},
				"east": {"uv": [11.525, 6.025, 11.975, 6.475], "texture": "#layer0"},
				"south": {"uv": [11.525, 6.025, 11.975, 6.475], "texture": "#layer0"},
				"down": {"uv": [11.525, 6.025, 11.975, 6.475], "texture": "#layer0"}
			}
		},
		{
			"name": "axe_100",
			"from": [12, 9.5, 7.55],
			"to": [12.5, 10, 8.45],
			"faces": {
				"north": {"uv": [12.025, 6.475, 12.475, 6.025], "rotation": 180, "texture": "#layer0"},
				"east": {"uv": [12.025, 6.025, 12.475, 6.475], "texture": "#layer0"},
				"south": {"uv": [12.025, 6.025, 12.475, 6.475], "texture": "#layer0"}
			}
		},
		{
			"name": "axe_101",
			"from": [12.5, 9.5, 7.75],
			"to": [13, 10, 8.25],
			"faces": {
				"north": {"uv": [12.525, 6.475, 12.975, 6.025], "rotation": 180, "texture": "#layer0"},
				"east": {"uv": [12.525, 6.025, 12.975, 6.475], "texture": "#layer0"},
				"south": {"uv": [12.525, 6.025, 12.975, 6.475], "texture": "#layer0"},
				"up": {"uv": [12.975, 6.025, 12.525, 6.475], "rotation": 180, "texture": "#layer0"}
			}
		},
		{
			"name": "axe_102",
			"from": [9, 9, 7.75],
			"to": [9.5, 9.5, 8.25],
			"faces": {
				"north": {"uv": [9.025, 6.975, 9.475, 6.525], "rotation": 180, "texture": "#layer0"},
				"south": {"uv": [9.025, 6.525, 9.475, 6.975], "texture": "#layer0"},
				"west": {"uv": [9.025, 6.525, 9.475, 6.975], "texture": "#layer0"}
			}
		},
		{
			"name": "axe_103",
			"from": [9.5, 9, 7.55],
			"to": [10, 9.5, 8.45],
			"faces": {
				"north": {"uv": [9.525, 6.975, 9.975, 6.525], "rotation": 180, "texture": "#layer0"},
				"south": {"uv": [9.525, 6.525, 9.975, 6.975], "texture": "#layer0"},
				"west": {"uv": [9.525, 6.525, 9.975, 6.975], "texture": "#layer0"}
			}
		},
		{
			"name": "axe_104",
			"from": [10, 9, 7.35],
			"to": [10.5, 9.5, 8.65],
			"faces": {
				"north": {"uv": [10.025, 6.975, 10.475, 6.525], "rotation": 180, "texture": "#layer0"},
				"south": {"uv": [10.025, 6.525, 10.475, 6.975], "texture": "#layer0"},
				"west": {"uv": [10.025, 6.525, 10.475, 6.975], "texture": "#layer0"},
				"down": {"uv": [10.025, 6.525, 10.475, 6.975], "texture": "#layer0"}
			}
		},
		{
			"name": "axe_105",
			"from": [10.5, 9, 7.35],
			"to": [11, 9.5, 8.65],
			"faces": {
				"north": {"uv": [10.525, 6.975, 10.975, 6.525], "rotation": 180, "texture": "#layer0"},
				"south": {"uv": [10.525, 6.525, 10.975, 6.975], "texture": "#layer0"}
			}
		},
		{
			"name": "axe_106",
			"from": [11, 9, 7.35],
			"to": [11.5, 9.5, 8.65],
			"faces": {
				"north": {"uv": [11.025, 6.975, 11.475, 6.525], "rotation": 180, "texture": "#layer0"},
				"east": {"uv": [11.025, 6.525, 11.475, 6.975], "texture": "#layer0"},
				"south": {"uv": [11.025, 6.525, 11.475, 6.975], "texture": "#layer0"},
				"down": {"uv": [11.025, 6.525, 11.475, 6.975], "texture": "#layer0"}
			}
		},
		{
			"name": "axe_107",
			"from": [11.5, 9, 7.55],
			"to": [12, 9.5, 8.45],
			"faces": {
				"north": {"uv": [11.525, 6.975, 11.975, 6.525], "rotation": 180, "texture": "#layer0"},
				"south": {"uv": [11.525, 6.525, 11.975, 6.975], "texture": "#layer0"}
			}
		},
		{
			"name": "axe_108",
			"from": [12, 9, 7.55],
			"to": [12.5, 9.5, 8.45],
			"faces": {
				"north": {"uv": [12.025, 6.975, 12.475, 6.525], "rotation": 180, "texture": "#layer0"},
				"south": {"uv": [12.025, 6.525, 12.475, 6.975], "texture": "#layer0"}
			}
		},
		{
			"name": "axe_109",
			"from": [12.5, 9, 7.55],
			"to": [13, 9.5, 8.45],
			"faces": {
				"north": {"uv": [12.525, 6.975, 12.975, 6.525], "rotation": 180, "texture": "#layer0"},
				"east": {"uv": [12.525, 6.525, 12.975, 6.975], "texture": "#layer0"},
				"south": {"uv": [12.525, 6.525, 12.975, 6.975], "texture": "#layer0"},
				"up": {"uv": [12.975, 6.525, 12.525, 6.975], "rotation": 180, "texture": "#layer0"}
			}
		},
		{
			"name": "axe_110",
			"from": [13, 9, 7.75],
			"to": [13.5, 9.5, 8.25],
			"faces": {
				"north": {"uv": [13.025, 6.975, 13.475, 6.525], "rotation": 180, "texture": "#layer0"},
				"east": {"uv": [13.025, 6.525, 13.475, 6.975], "texture": "#layer0"},
				"south": {"uv": [13.025, 6.525, 13.475, 6.975], "texture": "#layer0"},
				"up": {"uv": [13.475, 6.525, 13.025, 6.975], "rotation": 180, "texture": "#layer0"}
			}
		},
		{
			"name": "axe_111",
			"from": [8.5, 8.5, 7.75],
			"to": [9, 9, 8.25],
			"faces": {
				"north": {"uv": [8.525, 7.475, 8.975, 7.025], "rotation": 180, "texture": "#layer0"},
				"south": {"uv": [8.525, 7.025, 8.975, 7.475], "texture": "#layer0"},
				"west": {"uv": [8.525, 7.025, 8.975, 7.475], "texture": "#layer0"},
				"up": {"uv": [8.975, 7.025, 8.525, 7.475], "rotation": 180, "texture": "#layer0"}
			}
		},
		{
			"name": "axe_112",
			"from": [9, 8.5, 7.55],
			"to": [9.5, 9, 8.45],
			"faces": {
				"north": {"uv": [9.025, 7.475, 9.475, 7.025], "rotation": 180, "texture": "#layer0"},
				"south": {"uv": [9.025, 7.025, 9.475, 7.475], "texture": "#layer0"},
				"west": {"uv": [9.025, 7.025, 9.475, 7.475], "texture": "#layer0"},
				"up": {"uv": [9.475, 7.025, 9.025, 7.475], "rotation": 180, "texture": "#layer0"}
			}
		},
		{
			"name": "axe_113",
			"from": [9.5, 8.5, 7.55],
			"to": [10, 9, 8.45],
			"faces": {
				"north": {"uv": [9.525, 7.475, 9.975, 7.025], "rotation": 180, "texture": "#layer0"},
				"south": {"uv": [9.525, 7.025, 9.975, 7.475], "texture": "#layer0"}
			}
		},
		{
			"name": "axe_114",
			"from": [10, 8.5, 7.55],
			"to": [10.5, 9, 8.45],
			"faces": {
				"north": {"uv": [10.025, 7.475, 10.475, 7.025], "rotation": 180, "texture": "#layer0"},
				"south": {"uv": [10.025, 7.025, 10.475, 7.475], "texture": "#layer0"},
				"down": {"uv": [10.025, 7.025, 10.475, 7.475], "texture": "#layer0"}
			}
		},
		{
			"name": "axe_115",
			"from": [10.5, 8.5, 7.35],
			"to": [11, 9, 8.65],
			"faces": {
				"north": {"uv": [10.525, 7.475, 10.975, 7.025], "rotation": 180, "texture": "#layer0"},
				"east": {"uv": [10.525, 7.025, 10.975, 7.475], "texture": "#layer0"},
				"south": {"uv": [10.525, 7.025, 10.975, 7.475], "texture": "#layer0"},
				"west": {"uv": [10.525, 7.025, 10.975, 7.475], "texture": "#layer0"},
				"down": {"uv": [10.525, 7.025, 10.975, 7.475], "texture": "#layer0"}
			}
		},
		{
			"name": "axe_116",
			"from": [11, 8.5, 7.55],
			"to": [11.5, 9, 8.45],
			"faces": {
				"north": {"uv": [11.025, 7.475, 11.475, 7.025], "rotation": 180, "texture": "#layer0"},
				"south": {"uv": [11.025, 7.025, 11.475, 7.475], "texture": "#layer0"},
				"down": {"uv": [11.025, 7.025, 11.475, 7.475], "texture": "#layer0"}
			}
		},
		{
			"name": "axe_117",
			"from": [11.5, 8.5, 7.55],
			"to": [12, 9, 8.45],
			"faces": {
				"north": {"uv": [11.525, 7.475, 11.975, 7.025], "rotation": 180, "texture": "#layer0"},
				"south": {"uv": [11.525, 7.025, 11.975, 7.475], "texture": "#layer0"}
			}
		},
		{
			"name": "axe_118",
			"from": [12, 8.5, 7.55],
			"to": [12.5, 9, 8.45],
			"faces": {
				"north": {"uv": [12.025, 7.475, 12.475, 7.025], "rotation": 180, "texture": "#layer0"},
				"south": {"uv": [12.025, 7.025, 12.475, 7.475], "texture": "#layer0"}
			}
		},
		{
			"name": "axe_119",
			"from": [12.5, 8.5, 7.55],
			"to": [13, 9, 8.45],
			"faces": {
				"north": {"uv": [12.525, 7.475, 12.975, 7.025], "rotation": 180, "texture": "#layer0"},
				"east": {"uv": [12.525, 7.025, 12.975, 7.475], "texture": "#layer0"},
				"south": {"uv": [12.525, 7.025, 12.975, 7.475], "texture": "#layer0"}
			}
		},
		{
			"name": "axe_120",
			"from": [13, 8.5, 7.75],
			"to": [13.5, 9, 8.25],
			"faces": {
				"north": {"uv": [13.025, 7.025, 13.475, 7.475], "texture": "#layer0"},
				"east": {"uv": [13.025, 7.025, 13.475, 7.475], "texture": "#layer0"},
				"south": {"uv": [13.025, 7.025, 13.475, 7.475], "texture": "#layer0"},
				"down": {"uv": [13.025, 7.025, 13.475, 7.475], "texture": "#layer0"}
			}
		},
		{
			"name": "axe_121",
			"from": [8, 8, 7.75],
			"to": [8.5, 8.5, 8.25],
			"faces": {
				"north": {"uv": [8.025, 7.975, 8.475, 7.525], "rotation": 180, "texture": "#layer0"},
				"south": {"uv": [8.025, 7.525, 8.475, 7.975], "texture": "#layer0"},
				"west": {"uv": [8.025, 7.525, 8.475, 7.975], "texture": "#layer0"},
				"up": {"uv": [8.475, 7.525, 8.025, 7.975], "rotation": 180, "texture": "#layer0"}
			}
		},
		{
			"name": "axe_122",
			"from": [8.5, 8, 7.55],
			"to": [9, 8.5, 8.45],
			"faces": {
				"north": {"uv": [8.525, 7.975, 8.975, 7.525], "rotation": 180, "texture": "#layer0"},
				"south": {"uv": [8.525, 7.525, 8.975, 7.975], "texture": "#layer0"},
				"west": {"uv": [8.525, 7.525, 8.975, 7.975], "texture": "#layer0"},
				"up": {"uv": [8.975, 7.525, 8.525, 7.975], "rotation": 180, "texture": "#layer0"}
			}
		},
		{
			"name": "axe_123",
			"from": [9, 8, 7.55],
			"to": [9.5, 8.5, 8.45],
			"faces": {
				"north": {"uv": [9.025, 7.975, 9.475, 7.525], "rotation": 180, "texture": "#layer0"},
				"south": {"uv": [9.025, 7.525, 9.475, 7.975], "texture": "#layer0"}
			}
		},
		{
			"name": "axe_124",
			"from": [9.5, 8, 7.55],
			"to": [10, 8.5, 8.45],
			"faces": {
				"north": {"uv": [9.525, 7.975, 9.975, 7.525], "rotation": 180, "texture": "#layer0"},
				"east": {"uv": [9.525, 7.525, 9.975, 7.975], "texture": "#layer0"},
				"south": {"uv": [9.525, 7.525, 9.975, 7.975], "texture": "#layer0"},
				"down": {"uv": [9.525, 7.525, 9.975, 7.975], "texture": "#layer0"}
			}
		},
		{
			"name": "axe_125",
			"from": [10, 8, 7.75],
			"to": [10.5, 8.5, 8.25],
			"faces": {
				"north": {"uv": [10.025, 7.975, 10.475, 7.525], "rotation": 180, "texture": "#layer0"},
				"east": {"uv": [10.025, 7.525, 10.475, 7.975], "texture": "#layer0"},
				"south": {"uv": [10.025, 7.525, 10.475, 7.975], "texture": "#layer0"},
				"down": {"uv": [10.025, 7.525, 10.475, 7.975], "texture": "#layer0"}
			}
		},
		{
			"name": "axe_126",
			"from": [11, 8, 7.75],
			"to": [11.5, 8.5, 8.25],
			"faces": {
				"north": {"uv": [11.025, 7.975, 11.475, 7.525], "rotation": 180, "texture": "#layer0"},
				"south": {"uv": [11.025, 7.525, 11.475, 7.975], "texture": "#layer0"},
				"west": {"uv": [11.025, 7.525, 11.475, 7.975], "texture": "#layer0"},
				"down": {"uv": [11.025, 7.525, 11.475, 7.975], "texture": "#layer0"}
			}
		},
		{
			"name": "axe_127",
			"from": [11.5, 8, 7.55],
			"to": [12, 8.5, 8.45],
			"faces": {
				"north": {"uv": [11.525, 7.975, 11.975, 7.525], "rotation": 180, "texture": "#layer0"},
				"south": {"uv": [11.525, 7.525, 11.975, 7.975], "texture": "#layer0"},
				"west": {"uv": [11.525, 7.525, 11.975, 7.975], "texture": "#layer0"},
				"down": {"uv": [11.525, 7.525, 11.975, 7.975], "texture": "#layer0"}
			}
		},
		{
			"name": "axe_128",
			"from": [12, 8, 7.55],
			"to": [12.5, 8.5, 8.45],
			"faces": {
				"north": {"uv": [12.025, 7.975, 12.475, 7.525], "rotation": 180, "texture": "#layer0"},
				"south": {"uv": [12.025, 7.525, 12.475, 7.975], "texture": "#layer0"},
				"down": {"uv": [12.025, 7.525, 12.475, 7.975], "texture": "#layer0"}
			}
		},
		{
			"name": "axe_129",
			"from": [12.5, 8, 7.55],
			"to": [13, 8.5, 8.45],
			"faces": {
				"north": {"uv": [12.525, 7.975, 12.975, 7.525], "rotation": 180, "texture": "#layer0"},
				"east": {"uv": [12.525, 7.525, 12.975, 7.975], "texture": "#layer0"},
				"south": {"uv": [12.525, 7.525, 12.975, 7.975], "texture": "#layer0"},
				"down": {"uv": [12.525, 7.525, 12.975, 7.975], "texture": "#layer0"}
			}
		},
		{
			"name": "axe_131",
			"from": [7.5, 7.5, 7.75],
			"to": [8, 8, 8.25],
			"faces": {
				"north": {"uv": [7.525, 8.475, 7.975, 8.025], "rotation": 180, "texture": "#layer0"},
				"south": {"uv": [7.525, 8.025, 7.975, 8.475], "texture": "#layer0"},
				"west": {"uv": [7.525, 8.025, 7.975, 8.475], "texture": "#layer0"},
				"up": {"uv": [7.975, 8.025, 7.525, 8.475], "rotation": 180, "texture": "#layer0"}
			}
		},
		{
			"name": "axe_132",
			"from": [8, 7.5, 7.55],
			"to": [8.5, 8, 8.45],
			"faces": {
				"north": {"uv": [8.025, 8.475, 8.475, 8.025], "rotation": 180, "texture": "#layer0"},
				"south": {"uv": [8.025, 8.025, 8.475, 8.475], "texture": "#layer0"},
				"west": {"uv": [8.025, 8.025, 8.475, 8.475], "texture": "#layer0"},
				"up": {"uv": [8.475, 8.025, 8.025, 8.475], "rotation": 180, "texture": "#layer0"}
			}
		},
		{
			"name": "axe_133",
			"from": [8.5, 7.5, 7.55],
			"to": [9, 8, 8.45],
			"faces": {
				"north": {"uv": [8.525, 8.475, 8.975, 8.025], "rotation": 180, "texture": "#layer0"},
				"south": {"uv": [8.525, 8.025, 8.975, 8.475], "texture": "#layer0"}
			}
		},
		{
			"name": "axe_134",
			"from": [9, 7.5, 7.55],
			"to": [9.5, 8, 8.45],
			"faces": {
				"north": {"uv": [9.025, 8.475, 9.475, 8.025], "rotation": 180, "texture": "#layer0"},
				"east": {"uv": [9.025, 8.025, 9.475, 8.475], "texture": "#layer0"},
				"south": {"uv": [9.025, 8.025, 9.475, 8.475], "texture": "#layer0"},
				"down": {"uv": [9.025, 8.025, 9.475, 8.475], "texture": "#layer0"}
			}
		},
		{
			"name": "axe_135",
			"from": [9.5, 7.5, 7.75],
			"to": [10, 8, 8.25],
			"faces": {
				"north": {"uv": [9.525, 8.475, 9.975, 8.025], "rotation": 180, "texture": "#layer0"},
				"east": {"uv": [9.525, 8.025, 9.975, 8.475], "texture": "#layer0"},
				"south": {"uv": [9.525, 8.025, 9.975, 8.475], "texture": "#layer0"},
				"down": {"uv": [9.525, 8.025, 9.975, 8.475], "texture": "#layer0"}
			}
		},
		{
			"name": "axe_136",
			"from": [11.5, 7.5, 7.75],
			"to": [12, 8, 8.25],
			"faces": {
				"north": {"uv": [11.525, 8.475, 11.975, 8.025], "rotation": 180, "texture": "#layer0"},
				"south": {"uv": [11.525, 8.025, 11.975, 8.475], "texture": "#layer0"},
				"west": {"uv": [11.525, 8.025, 11.975, 8.475], "texture": "#layer0"},
				"down": {"uv": [11.525, 8.025, 11.975, 8.475], "texture": "#layer0"}
			}
		},
		{
			"name": "axe_137",
			"from": [12, 7.5, 7.75],
			"to": [12.5, 8, 8.25],
			"faces": {
				"north": {"uv": [12.025, 8.025, 12.475, 8.475], "texture": "#layer0"},
				"east": {"uv": [12.025, 8.025, 12.475, 8.475], "texture": "#layer0"},
				"south": {"uv": [12.025, 8.025, 12.475, 8.475], "texture": "#layer0"},
				"down": {"uv": [12.025, 8.025, 12.475, 8.475], "texture": "#layer0"}
			}
		},
		{
			"name": "axe_139",
			"from": [7, 7, 7.75],
			"to": [7.5, 7.5, 8.25],
			"faces": {
				"north": {"uv": [7.025, 8.975, 7.475, 8.525], "rotation": 180, "texture": "#layer0"},
				"south": {"uv": [7.025, 8.525, 7.475, 8.975], "texture": "#layer0"},
				"west": {"uv": [7.025, 8.525, 7.475, 8.975], "texture": "#layer0"},
				"up": {"uv": [7.475, 8.525, 7.025, 8.975], "rotation": 180, "texture": "#layer0"}
			}
		},
		{
			"name": "axe_140",
			"from": [7.5, 7, 7.55],
			"to": [8, 7.5, 8.45],
			"faces": {
				"north": {"uv": [7.525, 8.975, 7.975, 8.525], "rotation": 180, "texture": "#layer0"},
				"south": {"uv": [7.525, 8.525, 7.975, 8.975], "texture": "#layer0"},
				"west": {"uv": [7.525, 8.525, 7.975, 8.975], "texture": "#layer0"},
				"up": {"uv": [7.975, 8.525, 7.525, 8.975], "rotation": 180, "texture": "#layer0"}
			}
		},
		{
			"name": "axe_141",
			"from": [8, 7, 7.55],
			"to": [8.5, 7.5, 8.45],
			"faces": {
				"north": {"uv": [8.025, 8.975, 8.475, 8.525], "rotation": 180, "texture": "#layer0"},
				"south": {"uv": [8.025, 8.525, 8.475, 8.975], "texture": "#layer0"}
			}
		},
		{
			"name": "axe_142",
			"from": [8.5, 7, 7.55],
			"to": [9, 7.5, 8.45],
			"faces": {
				"north": {"uv": [8.525, 8.975, 8.975, 8.525], "rotation": 180, "texture": "#layer0"},
				"east": {"uv": [8.525, 8.525, 8.975, 8.975], "texture": "#layer0"},
				"south": {"uv": [8.525, 8.525, 8.975, 8.975], "texture": "#layer0"},
				"down": {"uv": [8.525, 8.525, 8.975, 8.975], "texture": "#layer0"}
			}
		},
		{
			"name": "axe_143",
			"from": [9, 7, 7.75],
			"to": [9.5, 7.5, 8.25],
			"faces": {
				"north": {"uv": [9.025, 8.975, 9.475, 8.525], "rotation": 180, "texture": "#layer0"},
				"east": {"uv": [9.025, 8.525, 9.475, 8.975], "texture": "#layer0"},
				"south": {"uv": [9.025, 8.525, 9.475, 8.975], "texture": "#layer0"},
				"down": {"uv": [9.025, 8.525, 9.475, 8.975], "texture": "#layer0"}
			}
		},
		{
			"name": "axe_144",
			"from": [6.5, 6.5, 7.75],
			"to": [7, 7, 8.25],
			"faces": {
				"north": {"uv": [6.525, 9.475, 6.975, 9.025], "rotation": 180, "texture": "#layer0"},
				"south": {"uv": [6.525, 9.025, 6.975, 9.475], "texture": "#layer0"},
				"west": {"uv": [6.525, 9.025, 6.975, 9.475], "texture": "#layer0"},
				"up": {"uv": [6.975, 9.025, 6.525, 9.475], "rotation": 180, "texture": "#layer0"}
			}
		},
		{
			"name": "axe_145",
			"from": [7, 6.5, 7.55],
			"to": [7.5, 7, 8.45],
			"faces": {
				"north": {"uv": [7.025, 9.475, 7.475, 9.025], "rotation": 180, "texture": "#layer0"},
				"south": {"uv": [7.025, 9.025, 7.475, 9.475], "texture": "#layer0"},
				"west": {"uv": [7.025, 9.025, 7.475, 9.475], "texture": "#layer0"},
				"up": {"uv": [7.475, 9.025, 7.025, 9.475], "rotation": 180, "texture": "#layer0"}
			}
		},
		{
			"name": "axe_146",
			"from": [7.5, 6.5, 7.55],
			"to": [8, 7, 8.45],
			"faces": {
				"north": {"uv": [7.525, 9.475, 7.975, 9.025], "rotation": 180, "texture": "#layer0"},
				"south": {"uv": [7.525, 9.025, 7.975, 9.475], "texture": "#layer0"}
			}
		},
		{
			"name": "axe_147",
			"from": [8, 6.5, 7.55],
			"to": [8.5, 7, 8.45],
			"faces": {
				"north": {"uv": [8.025, 9.475, 8.475, 9.025], "rotation": 180, "texture": "#layer0"},
				"east": {"uv": [8.025, 9.025, 8.475, 9.475], "texture": "#layer0"},
				"south": {"uv": [8.025, 9.025, 8.475, 9.475], "texture": "#layer0"},
				"down": {"uv": [8.025, 9.025, 8.475, 9.475], "texture": "#layer0"}
			}
		},
		{
			"name": "axe_148",
			"from": [8.5, 6.5, 7.75],
			"to": [9, 7, 8.25],
			"faces": {
				"north": {"uv": [8.525, 9.475, 8.975, 9.025], "rotation": 180, "texture": "#layer0"},
				"east": {"uv": [8.525, 9.025, 8.975, 9.475], "texture": "#layer0"},
				"south": {"uv": [8.525, 9.025, 8.975, 9.475], "texture": "#layer0"},
				"down": {"uv": [8.525, 9.025, 8.975, 9.475], "texture": "#layer0"}
			}
		},
		{
			"name": "axe_149",
			"from": [6, 6, 7.75],
			"to": [6.5, 6.5, 8.25],
			"faces": {
				"north": {"uv": [6.025, 9.975, 6.475, 9.525], "rotation": 180, "texture": "#layer0"},
				"south": {"uv": [6.025, 9.525, 6.475, 9.975], "texture": "#layer0"},
				"west": {"uv": [6.025, 9.525, 6.475, 9.975], "texture": "#layer0"},
				"up": {"uv": [6.475, 9.525, 6.025, 9.975], "rotation": 180, "texture": "#layer0"}
			}
		},
		{
			"name": "axe_150",
			"from": [6.5, 6, 7.55],
			"to": [7, 6.5, 8.45],
			"faces": {
				"north": {"uv": [6.525, 9.975, 6.975, 9.525], "rotation": 180, "texture": "#layer0"},
				"south": {"uv": [6.525, 9.525, 6.975, 9.975], "texture": "#layer0"},
				"west": {"uv": [6.525, 9.525, 6.975, 9.975], "texture": "#layer0"},
				"up": {"uv": [6.975, 9.525, 6.525, 9.975], "rotation": 180, "texture": "#layer0"}
			}
		},
		{
			"name": "axe_151",
			"from": [7, 6, 7.55],
			"to": [7.5, 6.5, 8.45],
			"faces": {
				"north": {"uv": [7.025, 9.975, 7.475, 9.525], "rotation": 180, "texture": "#layer0"},
				"south": {"uv": [7.025, 9.525, 7.475, 9.975], "texture": "#layer0"}
			}
		},
		{
			"name": "axe_152",
			"from": [7.5, 6, 7.55],
			"to": [8, 6.5, 8.45],
			"faces": {
				"north": {"uv": [7.525, 9.975, 7.975, 9.525], "rotation": 180, "texture": "#layer0"},
				"east": {"uv": [7.525, 9.525, 7.975, 9.975], "texture": "#layer0"},
				"south": {"uv": [7.525, 9.525, 7.975, 9.975], "texture": "#layer0"},
				"down": {"uv": [7.525, 9.525, 7.975, 9.975], "texture": "#layer0"}
			}
		},
		{
			"name": "axe_153",
			"from": [8, 6, 7.75],
			"to": [8.5, 6.5, 8.25],
			"faces": {
				"north": {"uv": [8.025, 9.975, 8.475, 9.525], "rotation": 180, "texture": "#layer0"},
				"east": {"uv": [8.025, 9.525, 8.475, 9.975], "texture": "#layer0"},
				"south": {"uv": [8.025, 9.525, 8.475, 9.975], "texture": "#layer0"},
				"down": {"uv": [8.025, 9.525, 8.475, 9.975], "texture": "#layer0"}
			}
		},
		{
			"name": "axe_154",
			"from": [5.5, 5.5, 7.75],
			"to": [6, 6, 8.25],
			"faces": {
				"north": {"uv": [5.525, 10.475, 5.975, 10.025], "rotation": 180, "texture": "#layer0"},
				"south": {"uv": [5.525, 10.025, 5.975, 10.475], "texture": "#layer0"},
				"west": {"uv": [5.525, 10.025, 5.975, 10.475], "texture": "#layer0"},
				"up": {"uv": [5.975, 10.025, 5.525, 10.475], "rotation": 180, "texture": "#layer0"}
			}
		},
		{
			"name": "axe_155",
			"from": [6, 5.5, 7.55],
			"to": [6.5, 6, 8.45],
			"faces": {
				"north": {"uv": [6.025, 10.475, 6.475, 10.025], "rotation": 180, "texture": "#layer0"},
				"south": {"uv": [6.025, 10.025, 6.475, 10.475], "texture": "#layer0"},
				"west": {"uv": [6.025, 10.025, 6.475, 10.475], "texture": "#layer0"},
				"up": {"uv": [6.475, 10.025, 6.025, 10.475], "rotation": 180, "texture": "#layer0"}
			}
		},
		{
			"name": "axe_156",
			"from": [6.5, 5.5, 7.55],
			"to": [7, 6, 8.45],
			"faces": {
				"north": {"uv": [6.525, 10.475, 6.975, 10.025], "rotation": 180, "texture": "#layer0"},
				"south": {"uv": [6.525, 10.025, 6.975, 10.475], "texture": "#layer0"}
			}
		},
		{
			"name": "axe_157",
			"from": [7, 5.5, 7.55],
			"to": [7.5, 6, 8.45],
			"faces": {
				"north": {"uv": [7.025, 10.475, 7.475, 10.025], "rotation": 180, "texture": "#layer0"},
				"east": {"uv": [7.025, 10.025, 7.475, 10.475], "texture": "#layer0"},
				"south": {"uv": [7.025, 10.025, 7.475, 10.475], "texture": "#layer0"},
				"down": {"uv": [7.025, 10.025, 7.475, 10.475], "texture": "#layer0"}
			}
		},
		{
			"name": "axe_158",
			"from": [7.5, 5.5, 7.75],
			"to": [8, 6, 8.25],
			"faces": {
				"north": {"uv": [7.525, 10.475, 7.975, 10.025], "rotation": 180, "texture": "#layer0"},
				"east": {"uv": [7.525, 10.025, 7.975, 10.475], "texture": "#layer0"},
				"south": {"uv": [7.525, 10.025, 7.975, 10.475], "texture": "#layer0"},
				"down": {"uv": [7.525, 10.025, 7.975, 10.475], "texture": "#layer0"}
			}
		},
		{
			"name": "axe_159",
			"from": [5, 5, 7.75],
			"to": [5.5, 5.5, 8.25],
			"faces": {
				"north": {"uv": [5.025, 10.975, 5.475, 10.525], "rotation": 180, "texture": "#layer0"},
				"south": {"uv": [5.025, 10.525, 5.475, 10.975], "texture": "#layer0"},
				"west": {"uv": [5.025, 10.525, 5.475, 10.975], "texture": "#layer0"},
				"up": {"uv": [5.475, 10.525, 5.025, 10.975], "rotation": 180, "texture": "#layer0"}
			}
		},
		{
			"name": "axe_160",
			"from": [5.5, 5, 7.55],
			"to": [6, 5.5, 8.45],
			"faces": {
				"north": {"uv": [5.525, 10.975, 5.975, 10.525], "rotation": 180, "texture": "#layer0"},
				"south": {"uv": [5.525, 10.525, 5.975, 10.975], "texture": "#layer0"},
				"west": {"uv": [5.525, 10.525, 5.975, 10.975], "texture": "#layer0"},
				"up": {"uv": [5.975, 10.525, 5.525, 10.975], "rotation": 180, "texture": "#layer0"}
			}
		},
		{
			"name": "axe_161",
			"from": [6, 5, 7.55],
			"to": [6.5, 5.5, 8.45],
			"faces": {
				"north": {"uv": [6.025, 10.975, 6.475, 10.525], "rotation": 180, "texture": "#layer0"},
				"south": {"uv": [6.025, 10.525, 6.475, 10.975], "texture": "#layer0"}
			}
		},
		{
			"name": "axe_162",
			"from": [6.5, 5, 7.55],
			"to": [7, 5.5, 8.45],
			"faces": {
				"north": {"uv": [6.525, 10.975, 6.975, 10.525], "rotation": 180, "texture": "#layer0"},
				"east": {"uv": [6.525, 10.525, 6.975, 10.975], "texture": "#layer0"},
				"south": {"uv": [6.525, 10.525, 6.975, 10.975], "texture": "#layer0"},
				"down": {"uv": [6.525, 10.525, 6.975, 10.975], "texture": "#layer0"}
			}
		},
		{
			"name": "axe_163",
			"from": [7, 5, 7.75],
			"to": [7.5, 5.5, 8.25],
			"faces": {
				"north": {"uv": [7.025, 10.975, 7.475, 10.525], "rotation": 180, "texture": "#layer0"},
				"east": {"uv": [7.025, 10.525, 7.475, 10.975], "texture": "#layer0"},
				"south": {"uv": [7.025, 10.525, 7.475, 10.975], "texture": "#layer0"},
				"down": {"uv": [7.025, 10.525, 7.475, 10.975], "texture": "#layer0"}
			}
		},
		{
			"name": "axe_164",
			"from": [4.5, 4.5, 7.75],
			"to": [5, 5, 8.25],
			"faces": {
				"north": {"uv": [4.525, 11.475, 4.975, 11.025], "rotation": 180, "texture": "#layer0"},
				"south": {"uv": [4.525, 11.025, 4.975, 11.475], "texture": "#layer0"},
				"west": {"uv": [4.525, 11.025, 4.975, 11.475], "texture": "#layer0"},
				"up": {"uv": [4.975, 11.025, 4.525, 11.475], "rotation": 180, "texture": "#layer0"}
			}
		},
		{
			"name": "axe_165",
			"from": [5, 4.5, 7.55],
			"to": [5.5, 5, 8.45],
			"faces": {
				"north": {"uv": [5.025, 11.475, 5.475, 11.025], "rotation": 180, "texture": "#layer0"},
				"south": {"uv": [5.025, 11.025, 5.475, 11.475], "texture": "#layer0"},
				"west": {"uv": [5.025, 11.025, 5.475, 11.475], "texture": "#layer0"},
				"up": {"uv": [5.475, 11.025, 5.025, 11.475], "rotation": 180, "texture": "#layer0"}
			}
		},
		{
			"name": "axe_166",
			"from": [5.5, 4.5, 7.55],
			"to": [6, 5, 8.45],
			"faces": {
				"north": {"uv": [5.525, 11.475, 5.975, 11.025], "rotation": 180, "texture": "#layer0"},
				"south": {"uv": [5.525, 11.025, 5.975, 11.475], "texture": "#layer0"}
			}
		},
		{
			"name": "axe_167",
			"from": [6, 4.5, 7.55],
			"to": [6.5, 5, 8.45],
			"faces": {
				"north": {"uv": [6.025, 11.475, 6.475, 11.025], "rotation": 180, "texture": "#layer0"},
				"east": {"uv": [6.025, 11.025, 6.475, 11.475], "texture": "#layer0"},
				"south": {"uv": [6.025, 11.025, 6.475, 11.475], "texture": "#layer0"},
				"down": {"uv": [6.025, 11.025, 6.475, 11.475], "texture": "#layer0"}
			}
		},
		{
			"name": "axe_168",
			"from": [6.5, 4.5, 7.75],
			"to": [7, 5, 8.25],
			"faces": {
				"north": {"uv": [6.525, 11.475, 6.975, 11.025], "rotation": 180, "texture": "#layer0"},
				"east": {"uv": [6.525, 11.025, 6.975, 11.475], "texture": "#layer0"},
				"south": {"uv": [6.525, 11.025, 6.975, 11.475], "texture": "#layer0"},
				"down": {"uv": [6.525, 11.025, 6.975, 11.475], "texture": "#layer0"}
			}
		},
		{
			"name": "axe_169",
			"from": [4, 4, 7.75],
			"to": [4.5, 4.5, 8.25],
			"faces": {
				"north": {"uv": [4.025, 11.975, 4.475, 11.525], "rotation": 180, "texture": "#layer0"},
				"south": {"uv": [4.025, 11.525, 4.475, 11.975], "texture": "#layer0"},
				"west": {"uv": [4.025, 11.525, 4.475, 11.975], "texture": "#layer0"},
				"up": {"uv": [4.475, 11.525, 4.025, 11.975], "rotation": 180, "texture": "#layer0"}
			}
		},
		{
			"name": "axe_170",
			"from": [4.5, 4, 7.55],
			"to": [5, 4.5, 8.45],
			"faces": {
				"north": {"uv": [4.525, 11.975, 4.975, 11.525], "rotation": 180, "texture": "#layer0"},
				"south": {"uv": [4.525, 11.525, 4.975, 11.975], "texture": "#layer0"},
				"west": {"uv": [4.525, 11.525, 4.975, 11.975], "texture": "#layer0"},
				"up": {"uv": [4.975, 11.525, 4.525, 11.975], "rotation": 180, "texture": "#layer0"}
			}
		},
		{
			"name": "axe_171",
			"from": [5, 4, 7.55],
			"to": [5.5, 4.5, 8.45],
			"faces": {
				"north": {"uv": [5.025, 11.975, 5.475, 11.525], "rotation": 180, "texture": "#layer0"},
				"south": {"uv": [5.025, 11.525, 5.475, 11.975], "texture": "#layer0"}
			}
		},
		{
			"name": "axe_172",
			"from": [5.5, 4, 7.55],
			"to": [6, 4.5, 8.45],
			"faces": {
				"north": {"uv": [5.525, 11.975, 5.975, 11.525], "rotation": 180, "texture": "#layer0"},
				"east": {"uv": [5.525, 11.525, 5.975, 11.975], "texture": "#layer0"},
				"south": {"uv": [5.525, 11.525, 5.975, 11.975], "texture": "#layer0"},
				"down": {"uv": [5.525, 11.525, 5.975, 11.975], "texture": "#layer0"}
			}
		},
		{
			"name": "axe_173",
			"from": [6, 4, 7.75],
			"to": [6.5, 4.5, 8.25],
			"faces": {
				"north": {"uv": [6.025, 11.975, 6.475, 11.525], "rotation": 180, "texture": "#layer0"},
				"east": {"uv": [6.025, 11.525, 6.475, 11.975], "texture": "#layer0"},
				"south": {"uv": [6.025, 11.525, 6.475, 11.975], "texture": "#layer0"},
				"down": {"uv": [6.025, 11.525, 6.475, 11.975], "texture": "#layer0"}
			}
		},
		{
			"name": "axe_174",
			"from": [3.5, 3.5, 7.75],
			"to": [4, 4, 8.25],
			"faces": {
				"north": {"uv": [3.525, 12.475, 3.975, 12.025], "rotation": 180, "texture": "#layer0"},
				"south": {"uv": [3.525, 12.025, 3.975, 12.475], "texture": "#layer0"},
				"west": {"uv": [3.525, 12.025, 3.975, 12.475], "texture": "#layer0"},
				"up": {"uv": [3.975, 12.025, 3.525, 12.475], "rotation": 180, "texture": "#layer0"}
			}
		},
		{
			"name": "axe_175",
			"from": [4, 3.5, 7.55],
			"to": [4.5, 4, 8.45],
			"faces": {
				"north": {"uv": [4.025, 12.475, 4.475, 12.025], "rotation": 180, "texture": "#layer0"},
				"south": {"uv": [4.025, 12.025, 4.475, 12.475], "texture": "#layer0"},
				"west": {"uv": [4.025, 12.025, 4.475, 12.475], "texture": "#layer0"},
				"up": {"uv": [4.475, 12.025, 4.025, 12.475], "rotation": 180, "texture": "#layer0"}
			}
		},
		{
			"name": "axe_176",
			"from": [4.5, 3.5, 7.55],
			"to": [5, 4, 8.45],
			"faces": {
				"north": {"uv": [4.525, 12.475, 4.975, 12.025], "rotation": 180, "texture": "#layer0"},
				"south": {"uv": [4.525, 12.025, 4.975, 12.475], "texture": "#layer0"}
			}
		},
		{
			"name": "axe_177",
			"from": [5, 3.5, 7.55],
			"to": [5.5, 4, 8.45],
			"faces": {
				"north": {"uv": [5.025, 12.475, 5.475, 12.025], "rotation": 180, "texture": "#layer0"},
				"east": {"uv": [5.025, 12.025, 5.475, 12.475], "texture": "#layer0"},
				"south": {"uv": [5.025, 12.025, 5.475, 12.475], "texture": "#layer0"},
				"down": {"uv": [5.025, 12.025, 5.475, 12.475], "texture": "#layer0"}
			}
		},
		{
			"name": "axe_178",
			"from": [5.5, 3.5, 7.75],
			"to": [6, 4, 8.25],
			"faces": {
				"north": {"uv": [5.525, 12.475, 5.975, 12.025], "rotation": 180, "texture": "#layer0"},
				"east": {"uv": [5.525, 12.025, 5.975, 12.475], "texture": "#layer0"},
				"south": {"uv": [5.525, 12.025, 5.975, 12.475], "texture": "#layer0"},
				"down": {"uv": [5.525, 12.025, 5.975, 12.475], "texture": "#layer0"}
			}
		},
		{
			"name": "axe_179",
			"from": [3, 3, 7.75],
			"to": [3.5, 3.5, 8.25],
			"faces": {
				"north": {"uv": [3.025, 12.975, 3.475, 12.525], "rotation": 180, "texture": "#layer0"},
				"south": {"uv": [3.025, 12.525, 3.475, 12.975], "texture": "#layer0"},
				"west": {"uv": [3.025, 12.525, 3.475, 12.975], "texture": "#layer0"},
				"up": {"uv": [3.475, 12.525, 3.025, 12.975], "rotation": 180, "texture": "#layer0"}
			}
		},
		{
			"name": "axe_180",
			"from": [3.5, 3, 7.55],
			"to": [4, 3.5, 8.45],
			"faces": {
				"north": {"uv": [3.525, 12.975, 3.975, 12.525], "rotation": 180, "texture": "#layer0"},
				"south": {"uv": [3.525, 12.525, 3.975, 12.975], "texture": "#layer0"},
				"west": {"uv": [3.525, 12.525, 3.975, 12.975], "texture": "#layer0"},
				"up": {"uv": [3.975, 12.525, 3.525, 12.975], "rotation": 180, "texture": "#layer0"}
			}
		},
		{
			"name": "axe_181",
			"from": [4, 3, 7.55],
			"to": [4.5, 3.5, 8.45],
			"faces": {
				"north": {"uv": [4.025, 12.975, 4.475, 12.525], "rotation": 180, "texture": "#layer0"},
				"south": {"uv": [4.025, 12.525, 4.475, 12.975], "texture": "#layer0"}
			}
		},
		{
			"name": "axe_182",
			"from": [4.5, 3, 7.55],
			"to": [5, 3.5, 8.45],
			"faces": {
				"north": {"uv": [4.525, 12.975, 4.975, 12.525], "rotation": 180, "texture": "#layer0"},
				"east": {"uv": [4.525, 12.525, 4.975, 12.975], "texture": "#layer0"},
				"south": {"uv": [4.525, 12.525, 4.975, 12.975], "texture": "#layer0"},
				"down": {"uv": [4.525, 12.525, 4.975, 12.975], "texture": "#layer0"}
			}
		},
		{
			"name": "axe_183",
			"from": [5, 3, 7.75],
			"to": [5.5, 3.5, 8.25],
			"faces": {
				"north": {"uv": [5.025, 12.975, 5.475, 12.525], "rotation": 180, "texture": "#layer0"},
				"east": {"uv": [5.025, 12.525, 5.475, 12.975], "texture": "#layer0"},
				"south": {"uv": [5.025, 12.525, 5.475, 12.975], "texture": "#layer0"},
				"down": {"uv": [5.025, 12.525, 5.475, 12.975], "texture": "#layer0"}
			}
		},
		{
			"name": "axe_184",
			"from": [2.5, 2.5, 7.75],
			"to": [3, 3, 8.25],
			"faces": {
				"north": {"uv": [2.525, 13.475, 2.975, 13.025], "rotation": 180, "texture": "#layer0"},
				"south": {"uv": [2.525, 13.025, 2.975, 13.475], "texture": "#layer0"},
				"west": {"uv": [2.525, 13.025, 2.975, 13.475], "texture": "#layer0"},
				"up": {"uv": [2.975, 13.025, 2.525, 13.475], "rotation": 180, "texture": "#layer0"}
			}
		},
		{
			"name": "axe_185",
			"from": [3, 2.5, 7.55],
			"to": [3.5, 3, 8.45],
			"faces": {
				"north": {"uv": [3.025, 13.475, 3.475, 13.025], "rotation": 180, "texture": "#layer0"},
				"south": {"uv": [3.025, 13.025, 3.475, 13.475], "texture": "#layer0"},
				"west": {"uv": [3.025, 13.025, 3.475, 13.475], "texture": "#layer0"},
				"up": {"uv": [3.475, 13.025, 3.025, 13.475], "rotation": 180, "texture": "#layer0"}
			}
		},
		{
			"name": "axe_186",
			"from": [3.5, 2.5, 7.55],
			"to": [4, 3, 8.45],
			"faces": {
				"north": {"uv": [3.525, 13.475, 3.975, 13.025], "rotation": 180, "texture": "#layer0"},
				"south": {"uv": [3.525, 13.025, 3.975, 13.475], "texture": "#layer0"}
			}
		},
		{
			"name": "axe_187",
			"from": [4, 2.5, 7.55],
			"to": [4.5, 3, 8.45],
			"faces": {
				"north": {"uv": [4.025, 13.475, 4.475, 13.025], "rotation": 180, "texture": "#layer0"},
				"east": {"uv": [4.025, 13.025, 4.475, 13.475], "texture": "#layer0"},
				"south": {"uv": [4.025, 13.025, 4.475, 13.475], "texture": "#layer0"},
				"down": {"uv": [4.025, 13.025, 4.475, 13.475], "texture": "#layer0"}
			}
		},
		{
			"name": "axe_188",
			"from": [4.5, 2.5, 7.75],
			"to": [5, 3, 8.25],
			"faces": {
				"north": {"uv": [4.525, 13.475, 4.975, 13.025], "rotation": 180, "texture": "#layer0"},
				"east": {"uv": [4.525, 13.025, 4.975, 13.475], "texture": "#layer0"},
				"south": {"uv": [4.525, 13.025, 4.975, 13.475], "texture": "#layer0"},
				"down": {"uv": [4.525, 13.025, 4.975, 13.475], "texture": "#layer0"}
			}
		},
		{
			"name": "axe_189",
			"from": [2, 2, 7.75],
			"to": [2.5, 2.5, 8.25],
			"faces": {
				"north": {"uv": [2.025, 13.975, 2.475, 13.525], "rotation": 180, "texture": "#layer0"},
				"south": {"uv": [2.025, 13.525, 2.475, 13.975], "texture": "#layer0"},
				"west": {"uv": [2.025, 13.525, 2.475, 13.975], "texture": "#layer0"},
				"up": {"uv": [2.475, 13.525, 2.025, 13.975], "rotation": 180, "texture": "#layer0"}
			}
		},
		{
			"name": "axe_190",
			"from": [2.5, 2, 7.55],
			"to": [3, 2.5, 8.45],
			"faces": {
				"north": {"uv": [2.525, 13.975, 2.975, 13.525], "rotation": 180, "texture": "#layer0"},
				"south": {"uv": [2.525, 13.525, 2.975, 13.975], "texture": "#layer0"},
				"west": {"uv": [2.525, 13.525, 2.975, 13.975], "texture": "#layer0"},
				"up": {"uv": [2.975, 13.525, 2.525, 13.975], "rotation": 180, "texture": "#layer0"}
			}
		},
		{
			"name": "axe_191",
			"from": [3, 2, 7.55],
			"to": [3.5, 2.5, 8.45],
			"faces": {
				"north": {"uv": [3.025, 13.975, 3.475, 13.525], "rotation": 180, "texture": "#layer0"},
				"south": {"uv": [3.025, 13.525, 3.475, 13.975], "texture": "#layer0"}
			}
		},
		{
			"name": "axe_192",
			"from": [3.5, 2, 7.55],
			"to": [4, 2.5, 8.45],
			"faces": {
				"north": {"uv": [3.525, 13.975, 3.975, 13.525], "rotation": 180, "texture": "#layer0"},
				"east": {"uv": [3.525, 13.525, 3.975, 13.975], "texture": "#layer0"},
				"south": {"uv": [3.525, 13.525, 3.975, 13.975], "texture": "#layer0"},
				"down": {"uv": [3.525, 13.525, 3.975, 13.975], "texture": "#layer0"}
			}
		},
		{
			"name": "axe_193",
			"from": [4, 2, 7.75],
			"to": [4.5, 2.5, 8.25],
			"faces": {
				"north": {"uv": [4.025, 13.975, 4.475, 13.525], "rotation": 180, "texture": "#layer0"},
				"east": {"uv": [4.025, 13.525, 4.475, 13.975], "texture": "#layer0"},
				"south": {"uv": [4.025, 13.525, 4.475, 13.975], "texture": "#layer0"},
				"down": {"uv": [4.025, 13.525, 4.475, 13.975], "texture": "#layer0"}
			}
		},
		{
			"name": "axe_194",
			"from": [2, 1.5, 7.75],
			"to": [2.5, 2, 8.25],
			"faces": {
				"north": {"uv": [2.025, 14.475, 2.475, 14.025], "rotation": 180, "texture": "#layer0"},
				"south": {"uv": [2.025, 14.025, 2.475, 14.475], "texture": "#layer0"},
				"west": {"uv": [2.025, 14.025, 2.475, 14.475], "texture": "#layer0"},
				"down": {"uv": [2.025, 14.025, 2.475, 14.475], "texture": "#layer0"}
			}
		},
		{
			"name": "axe_195",
			"from": [2.5, 1.5, 7.55],
			"to": [3, 2, 8.45],
			"faces": {
				"north": {"uv": [2.525, 14.475, 2.975, 14.025], "rotation": 180, "texture": "#layer0"},
				"south": {"uv": [2.525, 14.025, 2.975, 14.475], "texture": "#layer0"},
				"west": {"uv": [2.525, 14.025, 2.975, 14.475], "texture": "#layer0"},
				"down": {"uv": [2.525, 14.025, 2.975, 14.475], "texture": "#layer0"}
			}
		},
		{
			"name": "axe_196",
			"from": [3, 1.5, 7.55],
			"to": [3.5, 2, 8.45],
			"faces": {
				"north": {"uv": [3.025, 14.475, 3.475, 14.025], "rotation": 180, "texture": "#layer0"},
				"east": {"uv": [3.025, 14.025, 3.475, 14.475], "texture": "#layer0"},
				"south": {"uv": [3.025, 14.025, 3.475, 14.475], "texture": "#layer0"},
				"down": {"uv": [3.025, 14.025, 3.475, 14.475], "texture": "#layer0"}
			}
		},
		{
			"name": "axe_197",
			"from": [3.5, 1.5, 7.75],
			"to": [4, 2, 8.25],
			"faces": {
				"north": {"uv": [3.525, 14.475, 3.975, 14.025], "rotation": 180, "texture": "#layer0"},
				"east": {"uv": [3.525, 14.025, 3.975, 14.475], "texture": "#layer0"},
				"south": {"uv": [3.525, 14.025, 3.975, 14.475], "texture": "#layer0"},
				"down": {"uv": [3.525, 14.025, 3.975, 14.475], "texture": "#layer0"}
			}
		},
		{
			"name": "axe_198",
			"from": [2.5, 1, 7.75],
			"to": [3, 1.5, 8.25],
			"faces": {
				"north": {"uv": [2.525, 14.975, 2.975, 14.525], "rotation": 180, "texture": "#layer0"},
				"south": {"uv": [2.525, 14.525, 2.975, 14.975], "texture": "#layer0"},
				"west": {"uv": [2.525, 14.525, 2.975, 14.975], "texture": "#layer0"},
				"down": {"uv": [2.525, 14.525, 2.975, 14.975], "texture": "#layer0"}
			}
		},
		{
			"name": "axe_199",
			"from": [3, 1, 7.75],
			"to": [3.5, 1.5, 8.25],
			"faces": {
				"north": {"uv": [3.025, 14.975, 3.475, 14.525], "rotation": 180, "texture": "#layer0"},
				"east": {"uv": [3.025, 14.525, 3.475, 14.975], "texture": "#layer0"},
				"south": {"uv": [3.025, 14.525, 3.475, 14.975], "texture": "#layer0"},
				"down": {"uv": [3.025, 14.525, 3.475, 14.975], "texture": "#layer0"}
			}
		}
	],
	"groups": [
		{
			"name": "axe",
			"origin": [8, 8, 8],
			"children": [0, 1, 2, 3, 4, 5, 6, 7, 8, 9, 10, 11, 12, 13, 14, 15, 16, 17, 18, 19, 20, 21, 22, 23, 24, 25, 26, 27, 28, 29, 30, 31, 32, 33, 34, 35, 36, 37, 38, 39, 40, 41, 42, 43, 44, 45, 46, 47, 48, 49, 50, 51, 52, 53, 54, 55, 56, 57, 58, 59, 60, 61, 62, 63, 64, 65, 66, 67, 68, 69, 70, 71, 72, 73, 74, 75, 76, 77, 78, 79, 80, 81, 82, 83, 84, 85, 86, 87, 88, 89, 90, 91, 92, 93, 94, 95, 96, 97, 98, 99, 100, 101, 102, 103, 104, 105, 106, 107, 108, 109, 110, 111, 112, 113, 114, 115, 116, 117, 118, 119, 120, 121, 122, 123, 124, 125, 126, 127, 128, 129, 130, 131, 132, 133, 134, 135, 136, 137, 138, 139, 140, 141, 142, 143, 144, 145, 146, 147, 148, 149, 150, 151, 152, 153, 154, 155, 156, 157, 158, 159, 160, 161, 162, 163, 164, 165, 166, 167, 168, 169, 170, 171, 172, 173, 174, 175, 176, 177, 178, 179, 180, 181]
		}
	]
}