{
	"credit": "Made with Blockbench by Howler",
	"ambientocclusion": false,
	"textures": {
		"particle": "blocks/door_oak_lower",
		"texture": "blocks/door_oak_lower",
		"texture1": "blocks/oak_door_special"
	},
	"elements": [
		{
			"from": [0, 0, 0],
			"to": [3, 16, 3],
			"faces": {
				"north": {"uv": [0, 6.5, 8, 8], "rotation": 270, "texture": "#texture1", "cullface": "north"},
				"east": {"uv": [3, 0, 0, 16], "texture": "#texture"},
				"south": {"uv": [2.5, 0, 3, 16], "texture": "#texture"},
				"west": {"uv": [0, 0, 3, 16], "texture": "#texture", "cullface": "west"},
				"up": {"uv": [0, 0, 1.5, 1.5], "rotation": 90, "texture": "#texture1", "cullface": "up"},
				"down": {"uv": [0, 13.25, 1.5, 14.75], "rotation": 270, "texture": "#texture1", "cullface": "down"}
			}
		},
		{
			"from": [0, 0, 3],
			"to": [3, 3, 13],
			"faces": {
				"east": {"uv": [13, 13, 3, 16], "texture": "#texture"},
				"west": {"uv": [3, 13, 13, 16], "texture": "#texture", "cullface": "west"},
				"up": {"uv": [3, 13, 13, 13.5], "rotation": 90, "texture": "#texture"},
				"down": {"uv": [1.5, 13.25, 6.5, 14.75], "rotation": 270, "texture": "#texture1", "cullface": "down"}
			}
		},
		{
			"from": [0, 3, 7],
			"to": [3, 16, 9],
			"faces": {
				"north": {"uv": [7, 0, 7.5, 13], "texture": "#texture"},
				"east": {"uv": [9, 0, 7, 13], "texture": "#texture"},
				"south": {"uv": [8.5, 0, 9, 13], "texture": "#texture"},
				"west": {"uv": [7, 0, 9, 13], "texture": "#texture", "cullface": "west"},
				"up": {"uv": [3.5, 0, 4.5, 1.5], "rotation": 270, "texture": "#texture1", "cullface": "up"}
			}
		},
		{
			"from": [0, 6, 3],
			"to": [3, 9, 7],
			"faces": {
				"east": {"uv": [7, 7, 3, 10], "texture": "#texture"},
				"west": {"uv": [3, 7, 7, 10], "texture": "#texture", "cullface": "west"},
				"up": {"uv": [3, 7, 7, 7.5], "rotation": 90, "texture": "#texture"},
				"down": {"uv": [3, 9.5, 7, 10], "rotation": 270, "texture": "#texture"}
			}
		},
		{
			"from": [0, 6, 9],
			"to": [3, 9, 13],
			"faces": {
				"east": {"uv": [13, 7, 9, 10], "texture": "#texture"},
				"west": {"uv": [9, 7, 13, 10], "texture": "#texture", "cullface": "west"},
				"up": {"uv": [9, 7, 13, 7.5], "rotation": 90, "texture": "#texture"},
				"down": {"uv": [9, 9.5, 13, 10], "rotation": 270, "texture": "#texture"}
			}
		},
		{
			"from": [0, 12, 9],
			"to": [3, 15, 13],
			"faces": {
				"east": {"uv": [13, 1, 9, 4], "texture": "#texture"},
				"west": {"uv": [9, 1, 13, 4], "texture": "#texture", "cullface": "west"},
				"up": {"uv": [9, 1, 13, 1.5], "rotation": 90, "texture": "#texture"},
				"down": {"uv": [9, 3.5, 13, 4], "rotation": 270, "texture": "#texture"}
			}
		},
		{
			"from": [0, 12, 3],
			"to": [3, 15, 7],
			"faces": {
				"east": {"uv": [7, 1, 3, 4], "texture": "#texture"},
				"west": {"uv": [3, 1, 7, 4], "texture": "#texture", "cullface": "west"},
				"up": {"uv": [3, 1, 7, 1.5], "rotation": 90, "texture": "#texture"},
				"down": {"uv": [3, 3.5, 7, 4], "rotation": 270, "texture": "#texture"}
			}
		},
		{
			"from": [0.5, 3, 3],
			"to": [2.5, 16, 13],
			"faces": {
				"east": {"uv": [13, 0, 3, 13], "texture": "#texture"},
				"west": {"uv": [3, 0, 13, 13], "texture": "#texture", "cullface": "west"},
				"up": {"uv": [1.5, 0.25, 6.5, 1.25], "rotation": 270, "texture": "#texture1", "cullface": "up"}
			}
		},
		{
			"from": [0, 0, 13],
			"to": [3, 16, 16],
			"faces": {
				"north": {"uv": [13, 0, 13.5, 16], "texture": "#texture"},
				"east": {"uv": [16, 0, 13, 16], "texture": "#texture"},
				"south": {"uv": [0, 3.25, 8, 4.75], "rotation": 270, "texture": "#texture1", "cullface": "south"},
				"west": {"uv": [13, 0, 16, 16], "texture": "#texture", "cullface": "west"},
				"up": {"uv": [0, 0, 1.5, 1.5], "rotation": 270, "texture": "#texture1", "cullface": "up"},
				"down": {"uv": [6.5, 13.25, 8, 14.75], "rotation": 270, "texture": "#texture1", "cullface": "down"}
			}
		},
		{
			"from": [-0.25, 4.5, -0.25],
			"to": [0.5, 5.5, 0.5],
			"faces": {
				"north": {"uv": [0, 10.5, 0.5, 11.5], "texture": "#texture"},
				"east": {"uv": [0, 10.5, 0.5, 11.5], "texture": "#texture"},
				"south": {"uv": [0.5, 10.5, 0, 11.5], "texture": "#texture"},
				"west": {"uv": [0, 10.5, 0.5, 11.5], "texture": "#texture"},
				"up": {"uv": [0, 10.5, 0.5, 11], "texture": "#texture"},
				"down": {"uv": [0, 11, 0.5, 11.5], "texture": "#texture"}
			}
		},
		{
			"from": [2.5, 4.5, -0.25],
			"to": [3.25, 5.5, 0.5],
			"faces": {
				"north": {"uv": [0, 10.5, 0.5, 11.5], "texture": "#texture"},
				"east": {"uv": [0, 10.5, 0.5, 11.5], "texture": "#texture"},
				"south": {"uv": [0.5, 10.5, 0, 11.5], "texture": "#texture"},
				"west": {"uv": [0, 10.5, 0.5, 11.5], "texture": "#texture"},
				"up": {"uv": [0, 10.5, 0.5, 11], "texture": "#texture"},
				"down": {"uv": [0, 11, 0.5, 11.5], "texture": "#texture"}
			}
		},
		{
			"from": [2.5, 15.5, -0.25],
			"to": [3.25, 16.5, 0.5],
			"faces": {
				"north": {"uv": [0, 10.5, 0.5, 11.5], "texture": "#texture"},
				"east": {"uv": [0, 10.5, 0.5, 11.5], "texture": "#texture"},
				"south": {"uv": [0.5, 10.5, 0, 11.5], "texture": "#texture"},
				"west": {"uv": [0, 10.5, 0.5, 11.5], "texture": "#texture"},
				"up": {"uv": [0, 10.5, 0.5, 11], "texture": "#texture"},
				"down": {"uv": [0, 11, 0.5, 11.5], "texture": "#texture"}
			}
		},
		{
			"from": [-0.25, 15.5, -0.25],
			"to": [0.5, 16.5, 0.5],
			"faces": {
				"north": {"uv": [0, 10.5, 0.5, 11.5], "texture": "#texture"},
				"east": {"uv": [0, 10.5, 0.5, 11.5], "texture": "#texture"},
				"south": {"uv": [0.5, 10.5, 0, 11.5], "texture": "#texture"},
				"west": {"uv": [0, 10.5, 0.5, 11.5], "texture": "#texture"},
				"up": {"uv": [0, 10.5, 0.5, 11], "texture": "#texture"},
				"down": {"uv": [0, 11, 0.5, 11.5], "texture": "#texture"}
			}
		}
	]
}