{
"__comment":"Made by Know2Good, part of the 'Default 3D™' resource pack || Official download page: http://www.planetminecraft.com/texture_pack/default-3d-2985741/ || © Know2Good. All rights reserved. ",
"__comment":"No UV-bleed, OK coordinate, OK texture, OK cullface",

"textures": {
    "bottom": 	"blocks/enchanting_table_bottom",
    "top": 		"blocks/enchanting_table_top",
    "side": 	"blocks/enchanting_table_side",
    "particle": "blocks/enchanting_table_bottom"
},
"elements":[
	{
		"__comment":"The inner block",
		"from":[0,0,0],
		"to":[16,12,16],
		"faces": {
			"down":{"uv":	[0.01,0.01,15.99,15.99],"texture":"#bottom","cullface":"down"},
			"up":{"uv":		[0.01,0.01,15.99,15.99],"texture":"#top","cullface":"Know2Good"},
			"north":{"uv":	[0.01,4.01,15.99,15.99],"texture":"#side","cullface":"north"},
			"south":{"uv":	[0.01,4.01,15.99,15.99],"texture":"#side","cullface":"south"},
			"west":{"uv":	[0.01,4.01,15.99,15.99],"texture":"#side","cullface":"west"},
			"east":{"uv":	[0.01,4.01,15.99,15.99],"texture":"#side","cullface":"east"}
		}
	},
	{
		"__comment":"Cloth top",
		"from":[1,12.35,1],
		"to":[15,12.35,15],
		"faces": {
			"up":{"uv":		[1.01,1.01,14.99,14.99],"texture":"#top","cullface":"Know2Good"}
		}
	},
	{
		"__comment":"Cloth north top",
		"from":[4,11,-0.35],
		"to":[12,12.35,1],
		"faces": {
			"up":{"uv":		[4.01,0.01,11.99,0.99],"texture":"#top","cullface":"Know2Good"},
			"north":{"uv":	[4.01,4.01,11.99,4.99],"texture":"#side","cullface":"Know2Good"},
			"west":{"uv":	[11.01,4.01,11.99,4.99],"texture":"#side","cullface":"Know2Good"},
			"east":{"uv":	[4.01,4.01,4.99,4.99],"texture":"#side","cullface":"Know2Good"}
		}
	},
	{
		"__comment":"Cloth north second",
		"from":[4,10,-0.35],
		"to":[12,11,0],
		"faces": {
			"down":{"uv":	[4.01,5.01,11.99,5.99],"texture":"#side","cullface":"north"},
			"north":{"uv":	[4.01,5.01,11.99,5.99],"texture":"#side","cullface":"north"}
		}
	},
	{
		"__comment":"Cloth north third",
		"from":[5,9,-0.35],
		"to":[11,10,0],
		"faces": {
			"down":{"uv":	[5.01,6.01,10.99,6.99],"texture":"#side","cullface":"north"},
			"north":{"uv":	[5.01,6.01,10.99,6.99],"texture":"#side","cullface":"north"},
			"west":{"uv":	[10.01,6.01,10.99,6.99],"texture":"#side","cullface":"north"},
			"east":{"uv":	[5.01,6.01,5.99,6.99],"texture":"#side","cullface":"Know2Good"}
		}
	},
	{
		"__comment":"Cloth north fourth",
		"from":[6,8,-0.35],
		"to":[10,9,0],
		"faces": {
			"down":{"uv":	[6.01,7.01,9.99,7.99],"texture":"#side","cullface":"north"},
			"north":{"uv":	[6.01,7.01,9.99,7.99],"texture":"#side","cullface":"north"},
			"west":{"uv":	[9.01,7.01,9.99,7.99],"texture":"#side","cullface":"north"},
			"east":{"uv":	[6.01,7.01,6.99,7.99],"texture":"#side","cullface":"Know2Good"}
		}
	},
	{
		"__comment":"Cloth north bottom",
		"from":[7,7,-0.35],
		"to":[9,8,0],
		"faces": {
			"down":{"uv":	[7.01,8.01,8.99,8.99],"texture":"#side","cullface":"north"},
			"north":{"uv":	[7.01,8.01,8.99,8.99],"texture":"#side","cullface":"north"},
			"west":{"uv":	[8.01,8.01,8.99,8.99],"texture":"#side","cullface":"north"},
			"east":{"uv":	[7.01,8.01,7.99,8.99],"texture":"#side","cullface":"Know2Good"}
		}
	},
	{
		"__comment":"Cloth east top",
		"from":[15,11,4],
		"to":[16.35,12.35,12],
		"faces": {
			"up":{"uv":		[15.01,4.01,15.99,11.99],"texture":"#top","cullface":"Know2Good"},
			"north":{"uv":	[11.01,4.01,11.99,4.99],"texture":"#side","cullface":"Know2Good"},
			"south":{"uv":	[4.01,4.01,4.99,4.99],"texture":"#side","cullface":"Know2Good"},
			"east":{"uv":	[4.01,4.01,11.99,4.99],"texture":"#side","cullface":"Know2Good"}
		}
	},
	{
		"__comment":"Cloth east second",
		"from":[16,10,4],
		"to":[16.35,11,12],
		"faces": {
			"down":{"uv":	[4.01,5.01,11.99,5.99],"texture":"#side","cullface":"east","rotation": 90},
			"east":{"uv":	[4.01,5.01,11.99,5.99],"texture":"#side","cullface":"east"}
		}
	},
	{
		"__comment":"Cloth east third",
		"from":[15,9,5],
		"to":[16.35,10,11],
		"faces": {
			"down":{"uv":	[5.01,6.01,10.99,6.99],"texture":"#side","cullface":"east","rotation": 90},
			"north":{"uv":	[10.01,6.01,10.99,6.99],"texture":"#side","cullface":"east"},
			"south":{"uv":	[5.01,6.01,5.99,6.99],"texture":"#side","cullface":"east"},
			"east":{"uv":	[5.01,6.01,10.99,6.99],"texture":"#side","cullface":"east"}
		}
	},
	{
		"__comment":"Cloth east fourth",
		"from":[15,8,6],
		"to":[16.35,9,10],
		"faces": {
			"down":{"uv":	[6.01,7.01,9.99,7.99],"texture":"#side","cullface":"east","rotation": 90},
			"north":{"uv":	[9.01,7.01,9.99,7.99],"texture":"#side","cullface":"east"},
			"south":{"uv":	[6.01,7.01,6.99,7.99],"texture":"#side","cullface":"east"},
			"east":{"uv":	[6.01,7.01,9.99,7.99],"texture":"#side","cullface":"east"}
		}
	},
	{
		"__comment":"Cloth east bottom",
		"from":[15,7,7],
		"to":[16.35,8,9],
		"faces": {
			"down":{"uv":	[7.01,8.01,8.99,8.99],"texture":"#side","cullface":"east","rotation": 90},
			"north":{"uv":	[8.01,8.01,8.99,8.99],"texture":"#side","cullface":"east"},
			"south":{"uv":	[7.01,8.01,7.99,8.99],"texture":"#side","cullface":"east"},
			"east":{"uv":	[7.01,8.01,8.99,8.99],"texture":"#side","cullface":"east"}
		}
	},
	{
		"__comment":"Cloth south top",
		"from":[4,11,15],
		"to":[12,12.35,16.35],
		"faces": {
			"up":{"uv":		[4.01,15.01,11.99,15.99],"texture":"#top","cullface":"Know2Good"},
			"south":{"uv":	[4.01,4.01,11.99,4.99],"texture":"#side","cullface":"Know2Good"},
			"west":{"uv":	[4.01,4.01,4.99,4.99],"texture":"#side","cullface":"Know2Good"},
			"east":{"uv":	[11.01,4.01,11.99,4.99],"texture":"#side","cullface":"Know2Good"}
		}
	},
	{
		"__comment":"Cloth south second",
		"from":[4,10,16],
		"to":[12,11,16.35],
		"faces": {
			"down":{"uv":	[4.01,5.01,11.99,5.99],"texture":"#side","cullface":"south"},
			"south":{"uv":	[4.01,5.01,11.99,5.99],"texture":"#side","cullface":"south"}
		}
	},
	{
		"__comment":"Cloth south third",
		"from":[5,9,16],
		"to":[11,10,16.35],
		"faces": {
			"down":{"uv":	[5.01,6.01,10.99,6.99],"texture":"#side","cullface":"south"},
			"south":{"uv":	[5.01,6.01,10.99,6.99],"texture":"#side","cullface":"south"},
			"west":{"uv":	[5.01,6.01,5.99,6.99],"texture":"#side","cullface":"south"},
			"east":{"uv":	[10.01,6.01,10.99,6.99],"texture":"#side","cullface":"south"}
		}
	},
	{
		"__comment":"Cloth south fourth",
		"from":[6,8,16],
		"to":[10,9,16.35],
		"faces": {
			"down":{"uv":	[6.01,7.01,9.99,7.99],"texture":"#side","cullface":"south"},
			"south":{"uv":	[6.01,7.01,9.99,7.99],"texture":"#side","cullface":"south"},
			"west":{"uv":	[6.01,7.01,6.99,7.99],"texture":"#side","cullface":"south"},
			"east":{"uv":	[9.01,7.01,9.99,7.99],"texture":"#side","cullface":"south"}
		}
	},
	{
		"__comment":"Cloth south bottom",
		"from":[7,7,16],
		"to":[9,8,16.35],
		"faces": {
			"down":{"uv":	[7.01,8.01,8.99,8.99],"texture":"#side","cullface":"south"},
			"south":{"uv":	[7.01,8.01,8.99,8.99],"texture":"#side","cullface":"south"},
			"west":{"uv":	[7.01,8.01,7.99,8.99],"texture":"#side","cullface":"south"},
			"east":{"uv":	[8.01,8.01,8.99,8.99],"texture":"#side","cullface":"south"}
		}
	},
	{
		"__comment":"Cloth west top",
		"from":[-0.65,11,4],
		"to":[1,12.35,12],
		"faces": {
			"up":{"uv":		[4.01,15.01,11.99,15.99],"texture":"#top","cullface":"Know2Good"},
			"north":{"uv":	[4.01,4.01,4.99,4.99],"texture":"#side","cullface":"Know2Good"},
			"south":{"uv":	[11.01,4.01,11.99,4.99],"texture":"#side","cullface":"Know2Good"},
			"west":{"uv":	[4.01,4.01,11.99,4.99],"texture":"#side","cullface":"Know2Good"}
		}
	},
	{
		"__comment":"Cloth west second",
		"from":[-0.65,10,4],
		"to":[0,11,12],
		"faces": {
			"down":{"uv":	[4.01,5.01,11.99,5.99],"texture":"#side","cullface":"west","rotation": 270},
			"west":{"uv":	[4.01,5.01,11.99,5.99],"texture":"#side","cullface":"west"}
		}
	},
	{
		"__comment":"Cloth west third",
		"from":[-0.65,9,5],
		"to":[0,10,11],
		"faces": {
			"down":{"uv":	[5.01,6.01,10.99,6.99],"texture":"#side","cullface":"west","rotation": 270},
			"north":{"uv":	[5.01,6.01,5.99,6.99],"texture":"#side","cullface":"west"},
			"south":{"uv":	[10.01,6.01,10.99,6.99],"texture":"#side","cullface":"west"},
			"west":{"uv":	[5.01,6.01,10.99,6.99],"texture":"#side","cullface":"west"}
		}
	},
	{
		"__comment":"Cloth west fourth",
		"from":[-0.65,8,6],
		"to":[0,9,10],
		"faces": {
			"down":{"uv":	[6.01,7.01,9.99,7.99],"texture":"#side","cullface":"west","rotation": 270},
			"north":{"uv":	[6.01,7.01,6.99,7.99],"texture":"#side","cullface":"west"},
			"south":{"uv":	[9.01,7.01,9.99,7.99],"texture":"#side","cullface":"west"},
			"west":{"uv":	[6.01,7.01,9.99,7.99],"texture":"#side","cullface":"west"}
		}
	},
	{
		"__comment":"Cloth west bottom",
		"from":[-0.65,7,7],
		"to":[0,8,9],
		"faces": {
			"down":{"uv":	[7.01,8.01,8.99,8.99],"texture":"#side","cullface":"west","rotation": 270},
			"north":{"uv":	[7.01,8.01,7.99,8.99],"texture":"#side","cullface":"west"},
			"south":{"uv":	[8.01,8.01,8.99,8.99],"texture":"#side","cullface":"west"},
			"west":{"uv":	[7.01,8.01,8.99,8.99],"texture":"#side","cullface":"west"}
		}
	},
	{
		"__comment":"Diamond north-west top 1",
		"from":[0,12,0],
		"to":[4,12.75,3],
		"faces": {
			"up":{"uv":		[0.01,0.01,3.99,2.99],"texture":"#top","cullface":"Know2Good"},
			"north":{"uv":	[0.01,0.01,3.99,0.99],"texture":"#top","cullface":"north","rotation": 180},
			"south":{"uv":	[0.01,2.01,3.99,2.99],"texture":"#top","cullface":"Know2Good"},
			"west":{"uv":	[0.01,0.01,0.99,2.99],"texture":"#top","cullface":"west","rotation": 270},
			"east":{"uv":	[3.01,0.01,3.99,2.99],"texture":"#top","cullface":"Know2Good","rotation": 90}
		}
	},
	{
		"__comment":"Diamond north-west top 2",
		"from":[0,12,3],
		"to":[3,12.75,4],
		"faces": {
			"up":{"uv":		[0.01,3.01,2.99,3.99],"texture":"#top","cullface":"Know2Good"},
			"south":{"uv":	[0.01,3.01,2.99,3.99],"texture":"#top","cullface":"Know2Good"},
			"west":{"uv":	[0.01,3.01,0.99,3.99],"texture":"#top","cullface":"west","rotation": 270},
			"east":{"uv":	[2.01,3.01,2.99,3.99],"texture":"#top","cullface":"Know2Good","rotation": 90}
		}
	},
	{
		"__comment":"Diamond north-west north top",
		"from":[0,9,-0.75],
		"to":[4,12,0],
		"faces": {
			"down":{"uv":	[12.01,6.01,15.99,6.99],"texture":"#side","cullface":"north","rotation": 180},
			"up":{"uv":		[12.01,4.01,15.99,4.99],"texture":"#side","cullface":"north","rotation": 180},
			"north":{"uv":	[12.01,4.01,15.99,6.99],"texture":"#side","cullface":"north"},
			"west":{"uv":	[15.01,4.01,15.99,6.99],"texture":"#side","cullface":"north"},
			"east":{"uv":	[12.01,4.01,12.99,6.99],"texture":"#side","cullface":"north"}
		}
	},
	{
		"__comment":"Diamond north-west north bottom",
		"from":[0,8,-0.75],
		"to":[3,9,0],
		"faces": {
			"down":{"uv":	[13.01,7.01,15.99,7.99],"texture":"#side","cullface":"north","rotation": 180},
			"north":{"uv":	[13.01,7.01,15.99,7.99],"texture":"#side","cullface":"north"},
			"west":{"uv":	[15.01,7.01,15.99,7.99],"texture":"#side","cullface":"north"},
			"east":{"uv":	[13.01,7.01,13.99,7.99],"texture":"#side","cullface":"north"}
		}
	},
	{
		"__comment":"Diamond north-west west top",
		"from":[-0.75,9,0],
		"to":[0,12,4],
		"faces": {
			"down":{"uv":	[0.01,6.01,3.99,6.99],"texture":"#side","cullface":"west","rotation": 270},
			"up":{"uv":		[0.01,4.01,3.99,4.99],"texture":"#side","cullface":"west","rotation": 90},
			"north":{"uv":	[0.01,4.01,0.99,6.99],"texture":"#side","cullface":"west"},
			"south":{"uv":	[3.01,4.01,3.99,6.99],"texture":"#side","cullface":"west"},
			"west":{"uv":	[0.01,4.01,3.99,6.99],"texture":"#side","cullface":"west"}
		}
	},
	{
		"__comment":"Diamond north-west west bottom",
		"from":[-0.75,8,0],
		"to":[0,9,3],
		"faces": {
			"down":{"uv":	[0.01,7.01,2.99,7.99],"texture":"#side","cullface":"west","rotation": 270},
			"north":{"uv":	[0.01,7.01,0.99,7.99],"texture":"#side","cullface":"west"},
			"south":{"uv":	[2.01,7.01,2.99,7.99],"texture":"#side","cullface":"west"},
			"west":{"uv":	[0.01,7.01,2.99,7.99],"texture":"#side","cullface":"west"}
		}
	},
	{
		"__comment":"Diamond north-east top 1",
		"from":[12,12,0],
		"to":[16,12.75,3],
		"faces": {
			"up":{"uv":		[12.01,0.01,15.99,2.99],"texture":"#top","cullface":"Know2Good"},
			"north":{"uv":	[12.01,0.01,15.99,0.99],"texture":"#top","cullface":"north","rotation": 180},
			"south":{"uv":	[12.01,2.01,15.99,2.99],"texture":"#top","cullface":"Know2Good"},
			"west":{"uv":	[12.01,0.01,12.99,2.99],"texture":"#top","cullface":"Know2Good","rotation": 270},
			"east":{"uv":	[15.01,0.01,15.99,2.99],"texture":"#top","cullface":"east","rotation": 90}
		}
	},
	{
		"__comment":"Diamond north-east top 2",
		"from":[13,12,3],
		"to":[16,12.75,4],
		"faces": {
			"up":{"uv":		[13.01,3.01,15.99,3.99],"texture":"#top","cullface":"Know2Good"},
			"south":{"uv":	[13.01,3.01,15.99,3.99],"texture":"#top","cullface":"Know2Good"},
			"west":{"uv":	[15.01,3.01,15.99,3.99],"texture":"#top","cullface":"Know2Good","rotation": 270},
			"east":{"uv":	[13.01,3.01,13.99,3.99],"texture":"#top","cullface":"east","rotation": 90}
		}
	},
	{
		"__comment":"Diamond north-east north top",
		"from":[12,9,-0.75],
		"to":[16,12,0],
		"faces": {
			"down":{"uv":	[0.01,6.01,3.99,6.99],"texture":"#side","cullface":"north","rotation": 180},
			"up":{"uv":		[0.01,4.01,3.99,4.99],"texture":"#side","cullface":"north","rotation": 180},
			"north":{"uv":	[0.01,4.01,3.99,6.99],"texture":"#side","cullface":"north"},
			"west":{"uv":	[3.01,4.01,3.99,6.99],"texture":"#side","cullface":"north"},
			"east":{"uv":	[0.01,4.01,0.99,6.99],"texture":"#side","cullface":"north"}
		}
	},
	{
		"__comment":"Diamond north-east north bottom",
		"from":[13,8,-0.75],
		"to":[16,9,0],
		"faces": {
			"down":{"uv":	[0.01,7.01,2.99,7.99],"texture":"#side","cullface":"north","rotation": 180},
			"north":{"uv":	[0.01,7.01,2.99,7.99],"texture":"#side","cullface":"north"},
			"west":{"uv":	[2.01,7.01,2.99,7.99],"texture":"#side","cullface":"north"},
			"east":{"uv":	[0.01,7.01,0.99,7.99],"texture":"#side","cullface":"north"}
		}
	},
	{
		"__comment":"Diamond north-east east top",
		"from":[16,9,0],
		"to":[16.75,12,4],
		"faces": {
			"down":{"uv":	[12.01,6.01,15.99,6.99],"texture":"#side","cullface":"east","rotation": 90},
			"up":{"uv":		[12.01,4.01,15.99,4.99],"texture":"#side","cullface":"east","rotation": 270},
			"north":{"uv":	[15.01,4.01,15.99,6.99],"texture":"#side","cullface":"east"},
			"south":{"uv":	[12.01,4.01,12.99,6.99],"texture":"#side","cullface":"east"},
			"east":{"uv":	[12.01,4.01,15.99,6.99],"texture":"#side","cullface":"east"}
		}
	},
	{
		"__comment":"Diamond north-east east bottom",
		"from":[16,8,0],
		"to":[16.75,9,3],
		"faces": {
			"down":{"uv":	[13.01,7.01,15.99,7.99],"texture":"#side","cullface":"east","rotation": 90},
			"north":{"uv":	[15.01,7.01,15.99,7.99],"texture":"#side","cullface":"east"},
			"south":{"uv":	[13.01,7.01,13.99,7.99],"texture":"#side","cullface":"east"},
			"east":{"uv":	[13.01,7.01,15.99,7.99],"texture":"#side","cullface":"east"}
		}
	},
	{
		"__comment":"Diamond south-east top 1",
		"from":[12,12,13],
		"to":[16,12.75,16],
		"faces": {
			"up":{"uv":		[12.01,13.01,15.99,15.99],"texture":"#top","cullface":"Know2Good"},
			"north":{"uv":	[12.01,13.01,15.99,13.99],"texture":"#top","cullface":"Know2Good","rotation": 180},
			"south":{"uv":	[12.01,15.01,15.99,15.99],"texture":"#top","cullface":"south"},
			"west":{"uv":	[12.01,13.01,12.99,15.99],"texture":"#top","cullface":"Know2Good","rotation": 270},
			"east":{"uv":	[15.01,13.01,15.99,15.99],"texture":"#top","cullface":"east","rotation": 90}
		}
	},
	{
		"__comment":"Diamond south-east top 2",
		"from":[13,12,12],
		"to":[16,12.75,13],
		"faces": {
			"up":{"uv":		[13.01,12.01,15.99,12.99],"texture":"#top","cullface":"Know2Good"},
			"north":{"uv":	[13.01,12.01,15.99,12.99],"texture":"#top","cullface":"Know2Good","rotation": 180},
			"west":{"uv":	[15.01,12.01,15.99,12.99],"texture":"#top","cullface":"Know2Good","rotation": 270},
			"east":{"uv":	[13.01,12.01,13.99,12.99],"texture":"#top","cullface":"east","rotation": 90}
		}
	},
	{
		"__comment":"Diamond south-east east top",
		"from":[16,9,12],
		"to":[16.75,12,16],
		"faces": {
			"down":{"uv":	[0.01,6.01,3.99,6.99],"texture":"#side","cullface":"east","rotation": 90},
			"up":{"uv":		[0.01,4.01,3.99,4.99],"texture":"#side","cullface":"east","rotation": 270},
			"north":{"uv":	[3.01,4.01,3.99,6.99],"texture":"#side","cullface":"east"},
			"south":{"uv":	[0.01,4.01,0.99,6.99],"texture":"#side","cullface":"east"},
			"east":{"uv":	[0.01,4.01,3.99,6.99],"texture":"#side","cullface":"east"}
		}
	},
	{
		"__comment":"Diamond south-east east bottom",
		"from":[16,8,13],
		"to":[16.75,9,16],
		"faces": {
			"down":{"uv":	[0.01,7.01,2.99,7.99],"texture":"#side","cullface":"east","rotation": 90},
			"north":{"uv":	[2.01,7.01,2.99,7.99],"texture":"#side","cullface":"east"},
			"south":{"uv":	[0.01,7.01,0.99,7.99],"texture":"#side","cullface":"east"},
			"east":{"uv":	[0.01,7.01,2.99,7.99],"texture":"#side","cullface":"east"}
		}
	},
	{
		"__comment":"Diamond south-east south top",
		"from":[12,9,16],
		"to":[16,12,16.75],
		"faces": {
			"down":{"uv":	[12.01,6.01,15.99,6.99],"texture":"#side","cullface":"south"},
			"up":{"uv":		[12.01,4.01,15.99,4.99],"texture":"#side","cullface":"south"},
			"south":{"uv":	[12.01,4.01,15.99,6.99],"texture":"#side","cullface":"south"},
			"west":{"uv":	[12.01,4.01,12.99,6.99],"texture":"#side","cullface":"south"},
			"east":{"uv":	[15.01,4.01,15.99,6.99],"texture":"#side","cullface":"south"}
		}
	},
	{
		"__comment":"Diamond south-east south bottom",
		"from":[13,8,16],
		"to":[16,9,16.75],
		"faces": {
			"down":{"uv":	[13.01,7.01,15.99,7.99],"texture":"#side","cullface":"south"},
			"south":{"uv":	[13.01,7.01,15.99,7.99],"texture":"#side","cullface":"south"},
			"west":{"uv":	[13.01,7.01,13.99,7.99],"texture":"#side","cullface":"south"},
			"east":{"uv":	[15.01,7.01,15.99,7.99],"texture":"#side","cullface":"south"}
		}
	},
	{
		"__comment":"Diamond south-west top 1",
		"from":[0,12,13],
		"to":[4,12.75,16],
		"faces": {
			"up":{"uv":		[0.01,13.01,3.99,15.99],"texture":"#top","cullface":"Know2Good"},
			"north":{"uv":	[0.01,13.01,3.99,13.99],"texture":"#top","cullface":"Know2Good","rotation": 180},
			"south":{"uv":	[0.01,15.01,3.99,15.99],"texture":"#top","cullface":"south"},
			"west":{"uv":	[0.01,13.01,0.99,15.99],"texture":"#top","cullface":"west","rotation": 270},
			"east":{"uv":	[3.01,13.01,3.99,15.99],"texture":"#top","cullface":"Know2Good","rotation": 90}
		}
	},
	{
		"__comment":"Diamond south-west top 2",
		"from":[0,12,12],
		"to":[3,12.75,13],
		"faces": {
			"up":{"uv":		[0.01,12.01,2.99,12.99],"texture":"#top","cullface":"Know2Good"},
			"north":{"uv":	[0.01,12.01,2.99,12.99],"texture":"#top","cullface":"Know2Good","rotation": 180},
			"west":{"uv":	[2.01,12.01,2.99,12.99],"texture":"#top","cullface":"west","rotation": 270},
			"east":{"uv":	[0.01,12.01,0.99,12.99],"texture":"#top","cullface":"Know2Good","rotation": 90}
		}
	},
	{
		"__comment":"Diamond north-west north top",
		"from":[0,9,16],
		"to":[4,12,16.75],
		"faces": {
			"down":{"uv":	[0.01,6.01,3.99,6.99],"texture":"#side","cullface":"south"},
			"up":{"uv":		[0.01,4.01,3.99,4.99],"texture":"#side","cullface":"south"},
			"south":{"uv":	[0.01,4.01,3.99,6.99],"texture":"#side","cullface":"south"},
			"west":{"uv":	[0.01,4.01,0.99,6.99],"texture":"#side","cullface":"south"},
			"east":{"uv":	[3.01,4.01,3.99,6.99],"texture":"#side","cullface":"south"}
		}
	},
	{
		"__comment":"Diamond north-west north bottom",
		"from":[0,8,16],
		"to":[3,9,16.75],
		"faces": {
			"down":{"uv":	[0.01,7.01,2.99,7.99],"texture":"#side","cullface":"south"},
			"south":{"uv":	[0.01,7.01,2.99,7.99],"texture":"#side","cullface":"south"},
			"west":{"uv":	[0.01,7.01,0.99,7.99],"texture":"#side","cullface":"south"},
			"east":{"uv":	[2.01,7.01,2.99,7.99],"texture":"#side","cullface":"south"}
		}
	},
	{
		"__comment":"Diamond south-west east top",
		"from":[-0.75,9,12],
		"to":[0.75,12,16],
		"faces": {
			"down":{"uv":	[12.01,6.01,15.99,6.99],"texture":"#side","cullface":"west","rotation": 270},
			"up":{"uv":		[12.01,4.01,15.99,4.99],"texture":"#side","cullface":"west","rotation": 90},
			"north":{"uv":	[12.01,4.01,12.99,6.99],"texture":"#side","cullface":"west"},
			"south":{"uv":	[15.01,4.01,15.99,6.99],"texture":"#side","cullface":"west"},
			"west":{"uv":	[12.01,4.01,15.99,6.99],"texture":"#side","cullface":"west"}
		}
	},
	{
		"__comment":"Diamond south-west east bottom",
		"from":[-0.75,8,13],
		"to":[0,9,16],
		"faces": {
			"down":{"uv":	[13.01,7.01,15.99,7.99],"texture":"#side","cullface":"west","rotation": 270},
			"north":{"uv":	[13.01,7.01,13.99,7.99],"texture":"#side","cullface":"west"},
			"south":{"uv":	[15.01,7.01,15.99,7.99],"texture":"#side","cullface":"west"},
			"west":{"uv":	[13.01,7.01,15.99,7.99],"texture":"#side","cullface":"west"}
		}
	}
],
    "display": {
        "gui": {
            "rotation": 	[ 30, 225, 0 ],
            "translation": 	[ 0, 0, 0],
            "scale":		[ 0.625, 0.625, 0.625 ]
        },
        "ground": {
            "rotation": 	[ 0, 0, 0 ],
            "translation": 	[ 0, 3, 0],
            "scale":		[ 0.25, 0.25, 0.25 ]
        },
        "fixed": {
            "rotation": 	[ 0, 0, 0 ],
            "translation": 	[ 0, 0, 0],
            "scale":		[ 0.5, 0.5, 0.5 ]
        },
        "thirdperson_righthand": {
            "rotation": 	[ 75, 45, 0 ],
            "translation": 	[ 0, 2.5, 0],
            "scale": 		[ 0.375, 0.375, 0.375 ]
        },
        "firstperson_righthand": {
            "rotation": 	[ 0, 45, 0 ],
            "translation":	[ 0, 0, 0 ],
            "scale": 		[ 0.40, 0.40, 0.40 ]
        },
        "firstperson_lefthand": {
            "rotation": 	[ 0, 225, 0 ],
            "translation": 	[ 0, 0, 0 ],
            "scale": 		[ 0.40, 0.40, 0.40 ]
        }
    }
}
