{
	"credit": "Made with Blockbench by Howler",
	"parent": "block/door_bottom",
	"ambientocclusion": false,
	"textures": {
		"1": "blocks/jungle_door_special",
		"particle": "blocks/door_jungle_upper",
		"texture": "blocks/door_jungle_upper"
	},
	"elements": [
		{
			"from": [0, 0, 0],
			"to": [3, 16, 4.5],
			"faces": {
				"north": {"uv": [0, 5, 8, 6.5], "rotation": 270, "texture": "#1", "cullface": "north"},
				"east": {"uv": [4.5, 0, 0, 16], "texture": "#texture"},
				"south": {"uv": [8.5, 8, 10, 16], "texture": "#1"},
				"west": {"uv": [0, 0, 4.5, 16], "texture": "#texture", "cullface": "west"},
				"up": {"uv": [0, 0, 2.25, 1.5], "rotation": 90, "texture": "#1", "cullface": "up"},
				"down": {"uv": [0, 0, 2.25, 1.5], "rotation": 270, "texture": "#1", "cullface": "down"}
			}
		},
		{
			"from": [0, 0, 11.5],
			"to": [3, 16, 16],
			"faces": {
				"north": {"uv": [8.5, 0, 10, 8], "texture": "#1"},
				"east": {"uv": [16, 0, 11.5, 16], "texture": "#texture"},
				"south": {"uv": [0, 1.75, 8, 3.25], "rotation": 270, "texture": "#1", "cullface": "south"},
				"west": {"uv": [11.5, 0, 16, 16], "texture": "#texture", "cullface": "west"},
				"up": {"uv": [5.75, 0, 8, 1.5], "rotation": 90, "texture": "#1", "cullface": "up"},
				"down": {"uv": [5.75, 0, 8, 1.5], "rotation": 270, "texture": "#1", "cullface": "down"}
			}
		},
		{
			"from": [0, 6.5, 4.5],
			"to": [3, 9, 6.5],
			"faces": {
				"east": {"uv": [6.5, 7, 4.5, 9.5], "texture": "#texture"},
				"south": {"uv": [2.25, 8.5, 3.5, 10], "rotation": 90, "texture": "#1"},
				"west": {"uv": [4.5, 7, 6.5, 9.5], "texture": "#texture", "cullface": "west"},
				"up": {"uv": [2.25, 10.25, 3.25, 11.75], "rotation": 90, "texture": "#1"}
			}
		},
		{
			"from": [0, 6.5, 9.5],
			"to": [3, 9, 11.5],
			"faces": {
				"north": {"uv": [6, 8.5, 4.75, 10], "rotation": 90, "texture": "#1"},
				"east": {"uv": [11.5, 7, 9.5, 9.5], "texture": "#texture"},
				"west": {"uv": [9.5, 7, 11.5, 9.5], "texture": "#texture", "cullface": "west"},
				"up": {"uv": [4.75, 10.25, 5.75, 11.75], "rotation": 90, "texture": "#1"}
			}
		},
		{
			"from": [0, 8, 6.5],
			"to": [3, 9, 9.5],
			"faces": {
				"east": {"uv": [9.5, 7, 6.5, 8], "texture": "#texture"},
				"west": {"uv": [6.5, 7, 9.5, 8], "texture": "#texture", "cullface": "west"},
				"up": {"uv": [3.25, 10.25, 4.75, 11.75], "rotation": 90, "texture": "#1"},
				"down": {"uv": [13.75, 10.25, 11.75, 11.75], "rotation": 90, "texture": "#1", "cullface": "down"}
			}
		},
		{
			"from": [0, 6.5, 6.5],
			"to": [3, 7, 7],
			"faces": {
				"east": {"uv": [9.5, 9, 9, 9.5], "texture": "#texture"},
				"south": {"uv": [3, 8.5, 3.25, 10], "rotation": 90, "texture": "#1"},
				"west": {"uv": [6.5, 9, 7, 9.5], "texture": "#texture", "cullface": "west"},
				"up": {"uv": [3, 8.5, 3.25, 10], "rotation": 90, "texture": "#1"}
			}
		},
		{
			"from": [0, 6.5, 9],
			"to": [3, 7, 9.5],
			"faces": {
				"north": {"uv": [4.25, 8.5, 4.5, 10], "rotation": 270, "texture": "#1"},
				"east": {"uv": [9.5, 9, 9, 9.5], "texture": "#texture"},
				"west": {"uv": [9, 9, 9.5, 9.5], "texture": "#texture", "cullface": "west"},
				"up": {"uv": [4.5, 8.5, 4.75, 10], "rotation": 90, "texture": "#1"}
			}
		},
		{
			"from": [0, 0, 4.5],
			"to": [3, 6.5, 11.5],
			"faces": {
				"east": {"uv": [11.5, 9.5, 4.5, 16], "texture": "#texture"},
				"west": {"uv": [4.5, 9.5, 11.5, 16], "texture": "#texture", "cullface": "west"},
				"up": {"uv": [2.25, 8.5, 5.75, 10], "rotation": 90, "texture": "#1"},
				"down": {"uv": [2.25, 0, 5.75, 1.5], "rotation": 270, "texture": "#1", "cullface": "down"}
			}
		},
		{
			"from": [-0.25, 10.5, -0.25],
			"to": [0.5, 11.5, 0.5],
			"faces": {
				"north": {"uv": [0, 4.5, 0.5, 5.5], "texture": "#texture"},
				"east": {"uv": [0.5, 4.5, 0, 5.5], "texture": "#texture"},
				"south": {"uv": [0.5, 4.5, 0, 5.5], "texture": "#texture"},
				"west": {"uv": [0.5, 4.5, 0, 5.5], "texture": "#texture"},
				"up": {"uv": [0, 5, 0.5, 4.5], "texture": "#texture"},
				"down": {"uv": [0, 5.5, 0.5, 5], "texture": "#texture"}
			}
		},
		{
			"from": [2.5, 10.5, -0.25],
			"to": [3.25, 11.5, 0.5],
			"faces": {
				"north": {"uv": [0, 4.5, 0.5, 5.5], "texture": "#texture"},
				"east": {"uv": [0.5, 4.5, 0, 5.5], "texture": "#texture"},
				"south": {"uv": [0.5, 4.5, 0, 5.5], "texture": "#texture"},
				"west": {"uv": [0.5, 4.5, 0, 5.5], "texture": "#texture"},
				"up": {"uv": [0, 5, 0.5, 4.5], "texture": "#texture"},
				"down": {"uv": [0, 5.5, 0.5, 5], "texture": "#texture"}
			}
		},
		{
			"name": "jungle_door_top_0",
			"from": [0, 13, 4.5],
			"to": [3, 16, 11.5],
			"faces": {
				"east": {"uv": [4.5, 3, 11.5, 0], "rotation": 180, "texture": "#texture"},
				"west": {"uv": [4.5, 0, 11.5, 3], "texture": "#texture", "cullface": "west"},
				"up": {"uv": [5.75, 0, 2.25, 1.5], "rotation": 270, "texture": "#1", "cullface": "up"},
				"down": {"uv": [8.5, 4, 10, 7.5], "texture": "#1"}
			}
		},
		{
			"name": "jungle_door_top_1",
			"from": [0, 12, 4.5],
			"to": [3, 13, 5.5],
			"faces": {
				"east": {"uv": [4.5, 4, 5.5, 3], "rotation": 180, "texture": "#texture"},
				"south": {"uv": [8.5, 7.5, 10, 7.75], "texture": "#1"},
				"west": {"uv": [4.5, 3, 5.5, 4], "texture": "#texture", "cullface": "west"},
				"down": {"uv": [8.5, 7.75, 10, 8], "texture": "#1"}
			}
		},
		{
			"name": "jungle_door_top_2",
			"from": [0, 12.5, 5.5],
			"to": [3, 13, 6.5],
			"faces": {
				"east": {"uv": [5.5, 3.5, 6.5, 3], "rotation": 180, "texture": "#texture"},
				"south": {"uv": [8.5, 6.5, 10, 6.75], "texture": "#1"},
				"west": {"uv": [5.5, 3, 6.5, 3.5], "texture": "#texture", "cullface": "west"},
				"down": {"uv": [8.5, 6.75, 10, 7.25], "texture": "#1"}
			}
		},
		{
			"name": "jungle_door_top_3",
			"from": [0, 12.5, 9.5],
			"to": [3, 13, 11.5],
			"faces": {
				"north": {"uv": [8.5, 5, 10, 5.25], "texture": "#1"},
				"east": {"uv": [9.5, 3.5, 11.5, 3], "rotation": 180, "texture": "#texture"},
				"west": {"uv": [9.5, 3, 11.5, 3.5], "texture": "#texture", "cullface": "west"},
				"down": {"uv": [8.5, 3.5, 10, 4], "texture": "#1"}
			}
		},
		{
			"name": "jungle_door_top_4",
			"from": [1, 9, 6],
			"to": [2, 12.5, 6.5],
			"faces": {
				"north": {"uv": [6, 3.5, 6.5, 7], "texture": "#texture"},
				"east": {"uv": [6, 7, 6.5, 3.5], "rotation": 180, "texture": "#texture"},
				"south": {"uv": [6, 3.5, 6.5, 7], "texture": "#texture"},
				"west": {"uv": [6, 3.5, 6.5, 7], "texture": "#texture"}
			}
		},
		{
			"name": "jungle_door_top_5",
			"from": [1, 9, 9.5],
			"to": [2, 12.5, 10],
			"faces": {
				"north": {"uv": [9.5, 3.5, 10, 7], "texture": "#texture"},
				"east": {"uv": [9.5, 7, 10, 3.5], "rotation": 180, "texture": "#texture"},
				"south": {"uv": [9.5, 3.5, 10, 7], "texture": "#texture"},
				"west": {"uv": [9.5, 3.5, 10, 7], "texture": "#texture"}
			}
		},
		{
			"name": "jungle_door_top_6",
			"from": [0, 12, 10.5],
			"to": [3, 12.5, 11.5],
			"faces": {
				"north": {"uv": [8.5, 3.75, 10, 4], "texture": "#1"},
				"east": {"uv": [10.5, 4, 11.5, 3.5], "rotation": 180, "texture": "#texture"},
				"west": {"uv": [10.5, 3.5, 11.5, 4], "texture": "#texture", "cullface": "west"},
				"down": {"uv": [8.5, 3.75, 10, 4], "texture": "#1"}
			}
		},
		{
			"name": "jungle_door_top_7",
			"from": [0, 11, 4.5],
			"to": [3, 12, 5],
			"faces": {
				"east": {"uv": [4.5, 5, 5, 4], "rotation": 180, "texture": "#texture"},
				"south": {"uv": [8.5, 8, 10, 8.5], "texture": "#1"},
				"west": {"uv": [4.5, 4, 5, 5], "texture": "#texture", "cullface": "west"},
				"down": {"uv": [8.5, 8.5, 10, 8.75], "texture": "#1"}
			}
		},
		{
			"name": "jungle_door_top_8",
			"from": [0, 11, 11],
			"to": [3, 12, 11.5],
			"faces": {
				"north": {"uv": [8.5, 3.25, 10, 3.75], "texture": "#1"},
				"east": {"uv": [11, 5, 11.5, 4], "rotation": 180, "texture": "#texture"},
				"west": {"uv": [11, 4, 11.5, 5], "texture": "#texture", "cullface": "west"},
				"down": {"uv": [8.5, 3.25, 10, 3.5], "texture": "#1"}
			}
		},
		{
			"from": [-0.5, 0, 11.5],
			"to": [0, 1, 12],
			"faces": {
				"north": {"uv": [11.5, 15, 12, 16], "texture": "#texture", "cullface": "west"},
				"south": {"uv": [11.5, 15, 12, 16], "texture": "#texture", "cullface": "west"},
				"west": {"uv": [11.5, 15, 12, 16], "texture": "#texture", "cullface": "west"},
				"up": {"uv": [11.5, 15, 12, 15.5], "texture": "#texture", "cullface": "west"},
				"down": {"uv": [11.5, 15.5, 12, 16], "texture": "#texture", "cullface": "west"}
			}
		},
		{
			"from": [3, 0, 11.5],
			"to": [3.5, 1, 12],
			"faces": {
				"north": {"uv": [11.5, 15, 12, 16], "texture": "#texture"},
				"east": {"uv": [11.5, 15, 12, 16], "texture": "#texture"},
				"south": {"uv": [11.5, 15, 12, 16], "texture": "#texture"},
				"up": {"uv": [11.5, 15, 12, 15.5], "texture": "#texture"},
				"down": {"uv": [11.5, 15.5, 12, 16], "texture": "#texture"}
			}
		},
		{
			"from": [-0.5, 0.5, 12],
			"to": [0, 1.5, 12.5],
			"faces": {
				"north": {"uv": [12, 14.5, 12.5, 15.5], "texture": "#texture", "cullface": "west"},
				"south": {"uv": [12, 14.5, 12.5, 15.5], "texture": "#texture", "cullface": "west"},
				"west": {"uv": [12, 14.5, 12.5, 15.5], "texture": "#texture", "cullface": "west"},
				"up": {"uv": [12, 14.5, 12.5, 15], "texture": "#texture", "cullface": "west"},
				"down": {"uv": [12, 15, 12.5, 15.5], "texture": "#texture", "cullface": "west"}
			}
		},
		{
			"from": [3, 0.5, 12],
			"to": [3.5, 1.5, 12.5],
			"faces": {
				"north": {"uv": [12, 14.5, 12.5, 15.5], "texture": "#texture"},
				"east": {"uv": [12, 14.5, 12.5, 15.5], "texture": "#texture"},
				"south": {"uv": [12, 14.5, 12.5, 15.5], "texture": "#texture"},
				"up": {"uv": [12, 14.5, 12.5, 15], "texture": "#texture"},
				"down": {"uv": [12, 15, 12.5, 15.5], "texture": "#texture"}
			}
		},
		{
			"from": [-0.5, 1, 12.5],
			"to": [0, 1.5, 14],
			"faces": {
				"south": {"uv": [13.5, 14.5, 14, 15], "texture": "#texture", "cullface": "west"},
				"west": {"uv": [12.5, 14.5, 14, 15], "texture": "#texture", "cullface": "west"},
				"up": {"uv": [12.5, 14.5, 14, 15], "rotation": 90, "texture": "#texture", "cullface": "west"},
				"down": {"uv": [12.5, 14.5, 14, 15], "rotation": 270, "texture": "#texture", "cullface": "west"}
			}
		},
		{
			"from": [3, 1, 12.5],
			"to": [3.5, 1.5, 14],
			"faces": {
				"east": {"uv": [12.5, 14.5, 14, 15], "rotation": 180, "texture": "#texture"},
				"south": {"uv": [13.5, 14.5, 14, 15], "texture": "#texture"},
				"up": {"uv": [12.5, 14.5, 14, 15], "rotation": 90, "texture": "#texture"},
				"down": {"uv": [12.5, 14.5, 14, 15], "rotation": 270, "texture": "#texture"}
			}
		}
	],
	"groups": [0, 1, 2, 3, 4, 5, 6, 7, 8, 9,
		{
			"name": "jungle_door_top",
			"origin": [8, 8, 8],
			"children": [10, 11, 12, 13, 14, 15, 16, 17, 18]
		},
		{
			"name": "doorknobs",
			"origin": [8, 8, 8],
			"children": [19, 20, 21, 22, 23, 24]
		}
	]
}