{
"__comment":"Made by CrEaTiVe_ONE. ",
    "variants": {
        "east=false,north=false,south=false,west=false": { "model": "bars_c" },
        "east=false,north=true,south=false,west=false": { "model": "bars_n" },
        "east=true,north=false,south=false,west=false": { "model": "bars_e"},
        "east=false,north=false,south=true,west=false": { "model": "bars_s"},
        "east=false,north=false,south=false,west=true": { "model": "bars_w"},
        "east=true,north=true,south=false,west=false": { "model": "bars_ne" },
        "east=true,north=false,south=true,west=false": { "model": "bars_se"},
        "east=false,north=false,south=true,west=true": { "model": "bars_sw"},
        "east=false,north=true,south=false,west=true": { "model": "bars_nw"},
        "east=false,north=true,south=true,west=false": { "model": "bars_ns"},
        "east=true,north=false,south=false,west=true": { "model": "bars_ew"},
        "east=true,north=true,south=true,west=false": { "model": "bars_nes"},
        "east=true,north=false,south=true,west=true": { "model": "bars_esw"},
        "east=false,north=true,south=true,west=true": { "model": "bars_swn"},
        "east=true,north=true,south=false,west=true": { "model": "bars_wne"},
        "east=true,north=true,south=true,west=true": { "model": "bars_nsew" }
    }
}
