{
	"credit": "Designed by Progical",
	"ambientocclusion": false,
	"textures": {
		"1": "blocks/rail_ties",
		"2": "blocks/rail_special",
		"texture": "blocks/rail_golden",
		"particle": "blocks/rail_golden"
	},
	"elements": [
		{
			"from": [2, 0.5, 0],
			"to": [4, 1, 16],
			"faces": {
				"north": {"uv": [12, 15, 14, 16], "texture": "#texture"},
				"east": {"uv": [3.5, 16, 4, 0], "rotation": 270, "texture": "#texture"},
				"south": {"uv": [2, 15, 4, 16], "texture": "#texture"},
				"west": {"uv": [2, 16, 2.5, 0], "rotation": 90, "texture": "#texture"},
				"up": {"uv": [2, 0, 4, 16], "texture": "#2"},
				"down": {"uv": [4, 0, 2, 16], "rotation": 180, "texture": "#texture"}
			}
		},
		{
			"from": [12, 0.5, 0],
			"to": [14, 1, 16],
			"faces": {
				"north": {"uv": [2, 15, 4, 16], "texture": "#texture"},
				"east": {"uv": [13.5, 16, 14, 0], "rotation": 270, "texture": "#texture"},
				"south": {"uv": [12, 15, 14, 16], "texture": "#texture"},
				"west": {"uv": [12, 16, 12.5, 0], "rotation": 90, "texture": "#texture"},
				"up": {"uv": [12, 0, 14, 16], "texture": "#2"},
				"down": {"uv": [14, 0, 12, 16], "rotation": 180, "texture": "#texture"}
			}
		},
		{
			"from": [1, 0, 1],
			"to": [15, 0.5, 3],
			"faces": {
				"north": {"uv": [1, 1, 15, 1.5], "rotation": 180, "texture": "#1"},
				"east": {"uv": [14.5, 3, 15, 1], "rotation": 270, "texture": "#texture"},
				"south": {"uv": [1, 2.5, 15, 3], "texture": "#1"},
				"west": {"uv": [1, 1, 1.5, 3], "rotation": 270, "texture": "#texture"},
				"up": {"uv": [1, 1, 15, 3], "texture": "#1"},
				"down": {"uv": [15, 1, 1, 3], "rotation": 180, "texture": "#1", "cullface": "down"}
			}
		},
		{
			"from": [1, 0, 13],
			"to": [15, 0.5, 15],
			"faces": {
				"north": {"uv": [1, 13, 15, 13.5], "rotation": 180, "texture": "#1"},
				"east": {"uv": [14.5, 15, 15, 13], "rotation": 270, "texture": "#texture"},
				"south": {"uv": [1, 14.5, 15, 15], "texture": "#1"},
				"west": {"uv": [1, 13, 1.5, 15], "rotation": 270, "texture": "#texture"},
				"up": {"uv": [1, 13, 15, 15], "texture": "#1"},
				"down": {"uv": [15, 13, 1, 15], "rotation": 180, "texture": "#1", "cullface": "down"}
			}
		},
		{
			"from": [1, 0, 9],
			"to": [15, 0.5, 11],
			"faces": {
				"north": {"uv": [1, 9, 15, 9.5], "rotation": 180, "texture": "#1"},
				"east": {"uv": [14.5, 11, 15, 9], "rotation": 270, "texture": "#texture"},
				"south": {"uv": [1, 10.5, 15, 11], "texture": "#1"},
				"west": {"uv": [1, 9, 1.5, 11], "rotation": 270, "texture": "#texture"},
				"up": {"uv": [1, 9, 15, 11], "texture": "#1"},
				"down": {"uv": [15, 9, 1, 11], "rotation": 180, "texture": "#1", "cullface": "down"}
			}
		},
		{
			"from": [1, 0, 5],
			"to": [15, 0.5, 7],
			"faces": {
				"north": {"uv": [1, 5, 15, 5.5], "rotation": 180, "texture": "#1"},
				"east": {"uv": [14.5, 7, 15, 5], "rotation": 270, "texture": "#texture"},
				"south": {"uv": [1, 6.5, 15, 7], "texture": "#1"},
				"west": {"uv": [1, 5, 1.5, 7], "rotation": 270, "texture": "#texture"},
				"up": {"uv": [1, 5, 15, 7], "texture": "#1"},
				"down": {"uv": [15, 5, 1, 7], "rotation": 180, "texture": "#1", "cullface": "down"}
			}
		},
		{
			"from": [12.5, 1, 0],
			"to": [13.5, 1.5, 16],
			"faces": {
				"north": {"uv": [2.5, 15, 3.5, 16], "texture": "#texture"},
				"east": {"uv": [2.5, 16, 3, 0], "rotation": 90, "texture": "#texture"},
				"south": {"uv": [12.5, 15, 13.5, 16], "texture": "#texture"},
				"west": {"uv": [3, 16, 3.5, 0], "rotation": 90, "texture": "#texture"},
				"up": {"uv": [12.5, 0, 13.5, 16], "texture": "#texture"},
				"down": {"uv": [3.5, 0, 2.5, 16], "texture": "#texture"}
			}
		},
		{
			"from": [2.5, 1, 0],
			"to": [3.5, 1.5, 16],
			"faces": {
				"north": {"uv": [12.5, 15, 13.5, 16], "texture": "#texture"},
				"east": {"uv": [3, 16, 3.5, 0], "rotation": 90, "texture": "#texture"},
				"south": {"uv": [2.5, 15, 3.5, 16], "texture": "#texture"},
				"west": {"uv": [2.5, 16, 3, 0], "rotation": 90, "texture": "#texture"},
				"up": {"uv": [2.5, 0, 3.5, 16], "texture": "#texture"},
				"down": {"uv": [13.5, 0, 12.5, 16], "texture": "#texture"}
			}
		},
		{
			"from": [7, 0, 11],
			"to": [9, 0.5, 13],
			"faces": {
				"east": {"uv": [8.5, 11, 9, 13], "rotation": 90, "texture": "#texture"},
				"west": {"uv": [7, 11, 7.5, 13], "rotation": 270, "texture": "#texture"},
				"up": {"uv": [7, 11, 9, 13], "texture": "#texture"},
				"down": {"uv": [9, 11, 7, 13], "rotation": 180, "texture": "#texture", "cullface": "down"}
			}
		},
		{
			"from": [7, 0, 7],
			"to": [9, 0.5, 9],
			"faces": {
				"east": {"uv": [8.5, 7, 9, 9], "rotation": 90, "texture": "#texture"},
				"west": {"uv": [7, 7, 7.5, 9], "rotation": 270, "texture": "#texture"},
				"up": {"uv": [7, 7, 9, 9], "texture": "#texture"},
				"down": {"uv": [9, 7, 7, 9], "rotation": 180, "texture": "#texture", "cullface": "down"}
			}
		},
		{
			"from": [7, 0, 3],
			"to": [9, 0.5, 5],
			"faces": {
				"east": {"uv": [8.5, 3, 9, 5], "rotation": 90, "texture": "#texture"},
				"west": {"uv": [7, 3, 7.5, 5], "rotation": 270, "texture": "#texture"},
				"up": {"uv": [7, 3, 9, 5], "texture": "#texture"},
				"down": {"uv": [9, 3, 7, 5], "rotation": 180, "texture": "#texture", "cullface": "down"}
			}
		},
		{
			"from": [4, 1, 0],
			"to": [4.5, 1.5, 16],
			"faces": {
				"north": {"uv": [4, 0, 4.5, 0.5], "texture": "#texture"},
				"east": {"uv": [4, 0, 4.5, 16], "rotation": 90, "texture": "#texture"},
				"south": {"uv": [4, 15.5, 4.5, 16], "texture": "#texture"},
				"west": {"uv": [4, 0, 4.5, 16], "rotation": 270, "texture": "#texture"},
				"up": {"uv": [4, 0, 4.5, 16], "texture": "#texture"},
				"down": {"uv": [4, 0, 4.5, 16], "rotation": 180, "texture": "#texture"}
			}
		},
		{
			"from": [11.5, 1, 0],
			"to": [12, 1.5, 16],
			"faces": {
				"north": {"uv": [11.5, 0, 12, 0.5], "texture": "#texture"},
				"east": {"uv": [11.5, 0, 12, 16], "rotation": 90, "texture": "#texture"},
				"south": {"uv": [11.5, 15.5, 12, 16], "texture": "#texture"},
				"west": {"uv": [11.5, 0, 12, 16], "rotation": 270, "texture": "#texture"},
				"up": {"uv": [11.5, 0, 12, 16], "texture": "#texture"},
				"down": {"uv": [11.5, 0, 12, 16], "rotation": 180, "texture": "#texture"}
			}
		},
		{
			"from": [4, 0.5, 1],
			"to": [5, 1, 3],
			"faces": {
				"north": {"uv": [4.5, 1, 5, 1.5], "texture": "#texture"},
				"east": {"uv": [4.5, 1, 5, 3], "rotation": 90, "texture": "#texture"},
				"south": {"uv": [4.5, 2.5, 5, 3], "texture": "#texture"},
				"up": {"uv": [4.5, 1, 5, 3], "texture": "#texture"}
			}
		},
		{
			"from": [4, 0.5, 5],
			"to": [5, 1, 7],
			"faces": {
				"north": {"uv": [4.5, 1, 5, 1.5], "texture": "#texture"},
				"east": {"uv": [4.5, 1, 5, 3], "rotation": 90, "texture": "#texture"},
				"south": {"uv": [4.5, 2.5, 5, 3], "texture": "#texture"},
				"up": {"uv": [4.5, 1, 5, 3], "texture": "#texture"}
			}
		},
		{
			"from": [4, 0.5, 9],
			"to": [5, 1, 11],
			"faces": {
				"north": {"uv": [4.5, 1, 5, 1.5], "texture": "#texture"},
				"east": {"uv": [4.5, 1, 5, 3], "rotation": 90, "texture": "#texture"},
				"south": {"uv": [4.5, 2.5, 5, 3], "texture": "#texture"},
				"up": {"uv": [4.5, 1, 5, 3], "texture": "#texture"}
			}
		},
		{
			"from": [4, 0.5, 13],
			"to": [5, 1, 15],
			"faces": {
				"north": {"uv": [4.5, 1, 5, 1.5], "texture": "#texture"},
				"east": {"uv": [4.5, 1, 5, 3], "rotation": 90, "texture": "#texture"},
				"south": {"uv": [4.5, 2.5, 5, 3], "texture": "#texture"},
				"up": {"uv": [4.5, 1, 5, 3], "texture": "#texture"}
			}
		},
		{
			"from": [11, 0.5, 1],
			"to": [12, 1, 3],
			"faces": {
				"north": {"uv": [4.5, 1, 5, 1.5], "texture": "#texture"},
				"south": {"uv": [4.5, 2.5, 5, 3], "texture": "#texture"},
				"west": {"uv": [4.5, 1, 5, 3], "rotation": 270, "texture": "#texture"},
				"up": {"uv": [4.5, 1, 5, 3], "texture": "#texture"}
			}
		},
		{
			"from": [11, 0.5, 5],
			"to": [12, 1, 7],
			"faces": {
				"north": {"uv": [4.5, 1, 5, 1.5], "texture": "#texture"},
				"south": {"uv": [4.5, 2.5, 5, 3], "texture": "#texture"},
				"west": {"uv": [4.5, 1, 5, 3], "rotation": 270, "texture": "#texture"},
				"up": {"uv": [4.5, 1, 5, 3], "texture": "#texture"}
			}
		},
		{
			"from": [11, 0.5, 9],
			"to": [12, 1, 11],
			"faces": {
				"north": {"uv": [4.5, 1, 5, 1.5], "texture": "#texture"},
				"south": {"uv": [4.5, 2.5, 5, 3], "texture": "#texture"},
				"west": {"uv": [4.5, 1, 5, 3], "rotation": 270, "texture": "#texture"},
				"up": {"uv": [4.5, 1, 5, 3], "texture": "#texture"}
			}
		},
		{
			"from": [11, 0.5, 13],
			"to": [12, 1, 15],
			"faces": {
				"north": {"uv": [4.5, 1, 5, 1.5], "texture": "#texture"},
				"south": {"uv": [4.5, 2.5, 5, 3], "texture": "#texture"},
				"west": {"uv": [4.5, 1, 5, 3], "rotation": 270, "texture": "#texture"},
				"up": {"uv": [4.5, 1, 5, 3], "texture": "#texture"}
			}
		}
	]
}