{
	"__comment": "Designed by Nekzuris",
	"ambientocclusion": false,
	"textures": {
		"texture": "blocks/brewing_stand",
		"potion": "blocks/potion_0"
	},
	"elements": [
		{
			"from": [3.5, 12.5, 5],
			"to": [4.5, 13.5, 7],
			"rotation": {"angle": 45, "axis": "y", "origin": [4, 9.5, 4]},
			"faces": {
				"east": {"uv": [7, 2.5, 5, 3.5], "texture": "#texture"},
				"west": {"uv": [5, 2.5, 7, 3.5], "texture": "#texture"},
				"up": {"uv": [7, 2.5, 5, 3], "rotation": 270, "texture": "#texture"},
				"down": {"uv": [7, 3, 5, 3.5], "rotation": 90, "texture": "#texture"}
			}
		},
		{
			"from": [3.5, 12.5, 7],
			"to": [4.5, 13.5, 9],
			"rotation": {"angle": 45, "axis": "y", "origin": [4, 9.5, 4]},
			"faces": {
				"east": {"uv": [6, 2.5, 7, 3.5], "texture": "#texture"},
				"west": {"uv": [6, 2.5, 7, 3.5], "texture": "#texture"},
				"up": {"uv": [6, 2.5, 7, 3], "rotation": 270, "texture": "#texture"},
				"down": {"uv": [6, 3, 7, 3.5], "rotation": 270, "texture": "#texture"}
			}
		},
		{
			"from": [3.5, 13.5, 5],
			"to": [4.5, 14, 5.5],
			"rotation": {"angle": 45, "axis": "y", "origin": [4, 9.5, 4]},
			"faces": {
				"east": {"uv": [5.5, 2, 5, 2.5], "texture": "#texture"},
				"south": {"uv": [5.5, 2, 5, 2.5], "texture": "#texture"},
				"west": {"uv": [5.5, 2, 5, 2.5], "texture": "#texture"},
				"up": {"uv": [5.5, 2, 5, 2.5], "rotation": 270, "texture": "#texture"}
			}
		},
		{
			"from": [3.5, 12, 8],
			"to": [4.5, 12.5, 9],
			"rotation": {"angle": 45, "axis": "y", "origin": [4, 9.5, 4]},
			"faces": {
				"north": {"uv": [7, 3.5, 6.5, 4], "texture": "#texture"},
				"east": {"uv": [7, 3.5, 6.5, 4], "texture": "#texture"},
				"west": {"uv": [7, 3.5, 6.5, 4], "texture": "#texture"},
				"down": {"uv": [7, 3.5, 6.5, 4], "rotation": 90, "texture": "#texture"}
			}
		},
		{
			"from": [3.5, 14.5, 4],
			"to": [4.5, 16, 4.5],
			"rotation": {"angle": 45, "axis": "y", "origin": [4, 9.5, 4]},
			"faces": {
				"north": {"uv": [4.5, 0, 4, 1.5], "texture": "#texture"},
				"east": {"uv": [4.5, 0, 4, 1.5], "texture": "#texture"},
				"south": {"uv": [4.5, 0, 4, 1.5], "texture": "#texture"},
				"west": {"uv": [4.5, 0, 4, 1.5], "texture": "#texture"},
				"up": {"uv": [4.5, 0, 4, 1.5], "rotation": 270, "texture": "#texture"}
			}
		},
		{
			"from": [3.5, 11, 3.5],
			"to": [4.5, 12.5, 4],
			"rotation": {"angle": 45, "axis": "y", "origin": [4, 9.5, 4]},
			"faces": {
				"north": {"uv": [4, 3.5, 3.5, 5], "texture": "#texture"},
				"east": {"uv": [4, 3.5, 3.5, 5], "texture": "#texture"},
				"west": {"uv": [4, 3.5, 3.5, 5], "texture": "#texture"},
				"up": {"uv": [4, 3.5, 3.5, 5], "rotation": 270, "texture": "#texture"},
				"down": {"uv": [4, 3.5, 3.5, 5], "rotation": 90, "texture": "#texture"}
			}
		},
		{
			"from": [3.5, 10, 3.5],
			"to": [4.5, 10.5, 4],
			"rotation": {"angle": 45, "axis": "y", "origin": [4, 9.5, 4]},
			"faces": {
				"north": {"uv": [4, 5.5, 3.5, 6], "texture": "#texture"},
				"east": {"uv": [4, 5.5, 3.5, 6], "texture": "#texture"},
				"west": {"uv": [4, 5.5, 3.5, 6], "texture": "#texture"},
				"up": {"uv": [4, 5.5, 3.5, 6], "rotation": 270, "texture": "#texture"}
			}
		},
		{
			"from": [3.5, 10, 4],
			"to": [4.5, 14.5, 5],
			"rotation": {"angle": 45, "axis": "y", "origin": [4, 9.5, 4]},
			"faces": {
				"north": {"uv": [4.5, 1.5, 4, 6], "texture": "#texture"},
				"east": {"uv": [5, 1.5, 4, 6], "texture": "#texture"},
				"south": {"uv": [5, 1.5, 4.5, 6], "texture": "#texture"},
				"west": {"uv": [4, 1.5, 5, 6], "texture": "#texture"},
				"up": {"uv": [5, 1.5, 4, 2.5], "rotation": 270, "texture": "#texture"},
				"down": {"uv": [5, 5.5, 4, 6], "rotation": 90, "texture": "#texture"}
			}
		},
		{
			"from": [3.5, 9, 3.5],
			"to": [4.5, 10, 4.5],
			"rotation": {"angle": 45, "axis": "y", "origin": [4, 9.5, 4]},
			"faces": {
				"north": {"uv": [3.5, 6, 4.5, 7], "texture": "#texture"},
				"east": {"uv": [3.5, 6, 4.5, 7], "texture": "#texture"},
				"south": {"uv": [3.5, 6, 4.5, 7], "texture": "#texture"},
				"west": {"uv": [3.5, 6, 4.5, 7], "texture": "#texture"}
			}
		},
		{
			"from": [2.5, 2, 2.5],
			"to": [5.5, 6, 5.5],
			"rotation": {"angle": 0, "axis": "y", "origin": [10.5, 10, 10.5]},
			"faces": {
				"north": {"uv": [1, 12, 4, 16], "texture": "#potion"},
				"east": {"uv": [1, 12, 4, 16], "texture": "#potion"},
				"south": {"uv": [1, 12, 4, 16], "texture": "#potion"},
				"west": {"uv": [1, 12, 4, 16], "texture": "#potion"},
				"up": {"uv": [1, 5.5, 4, 8.5], "texture": "#potion"}
			}
		},
		{
			"from": [3, 6, 3],
			"to": [5, 6.5, 5],
			"rotation": {"angle": 0, "axis": "y", "origin": [11, 14, 11]},
			"faces": {
				"north": {"uv": [1.5, 6, 3.5, 6.5], "texture": "#potion"},
				"east": {"uv": [3, 6, 3.5, 8], "texture": "#potion"},
				"south": {"uv": [1.5, 7.5, 3.5, 8], "texture": "#potion"},
				"west": {"uv": [1.5, 6, 2, 8], "texture": "#potion"},
				"up": {"uv": [1.5, 6, 3.5, 8], "texture": "#potion"}
			}
		},
		{
			"from": [3.5, 6.5, 3.5],
			"to": [4.5, 8, 4.5],
			"rotation": {"angle": 0, "axis": "y", "origin": [11.5, 14.5, 11.5]},
			"faces": {
				"north": {"uv": [2, 10, 3, 11.5], "texture": "#potion"},
				"east": {"uv": [2, 10, 3, 11.5], "texture": "#potion"},
				"south": {"uv": [2, 10, 3, 11.5], "texture": "#potion"},
				"west": {"uv": [2, 10, 3, 11.5], "texture": "#potion"}
			}
		},
		{
			"from": [2, 3, 2],
			"to": [6, 5.5, 6],
			"rotation": {"angle": 0, "axis": "y", "origin": [10, 11, 10]},
			"faces": {
				"north": {"uv": [0.5, 12.5, 4.5, 15], "texture": "#potion"},
				"east": {"uv": [0.5, 12.5, 4.5, 15], "texture": "#potion"},
				"south": {"uv": [0.5, 12.5, 4.5, 15], "texture": "#potion"},
				"west": {"uv": [0.5, 12.5, 4.5, 15], "texture": "#potion"},
				"up": {"uv": [0.5, 5, 4.5, 9], "texture": "#potion"},
				"down": {"uv": [0.5, 8.5, 1, 9], "texture": "#potion"}
			}
		},
		{
			"from": [3, 8.5, 3],
			"to": [5, 9, 5],
			"rotation": {"angle": 0, "axis": "y", "origin": [11, 15.9, 11]},
			"faces": {
				"north": {"uv": [1.5, 9, 3.5, 9.5], "texture": "#potion"},
				"east": {"uv": [1.5, 9, 3.5, 9.5], "texture": "#potion"},
				"south": {"uv": [1.5, 9, 3.5, 9.5], "texture": "#potion"},
				"west": {"uv": [1.5, 9, 3.5, 9.5], "texture": "#potion"},
				"up": {"uv": [1.5, 3, 3.5, 5], "texture": "#potion"}
			}
		},
		{
			"from": [2, 2.5, 5.5],
			"to": [2.5, 3, 6],
			"rotation": {"angle": 0, "axis": "y", "origin": [10, 10.5, 13.5]},
			"faces": {
				"north": {"uv": [4, 15, 4.5, 15.5], "texture": "#potion"},
				"east": {"uv": [4, 15, 4.5, 15.5], "texture": "#potion"},
				"south": {"uv": [4, 15, 4.5, 15.5], "texture": "#potion"},
				"west": {"uv": [4, 15, 4.5, 15.5], "texture": "#potion"},
				"down": {"uv": [4, 15, 4.5, 15.5], "texture": "#potion"}
			}
		},
		{
			"from": [5.5, 2.5, 5.5],
			"to": [6, 3, 6],
			"rotation": {"angle": 0, "axis": "y", "origin": [13.5, 10.5, 13.5]},
			"faces": {
				"north": {"uv": [0.5, 15, 1, 15.5], "texture": "#potion"},
				"east": {"uv": [0.5, 15, 1, 15.5], "texture": "#potion"},
				"south": {"uv": [0.5, 15, 1, 15.5], "texture": "#potion"},
				"west": {"uv": [0.5, 15, 1, 15.5], "texture": "#potion"},
				"down": {"uv": [0.5, 15, 1, 15.5], "texture": "#potion"}
			}
		},
		{
			"from": [5.5, 2.5, 2],
			"to": [6, 3, 2.5],
			"rotation": {"angle": 0, "axis": "y", "origin": [13.5, 10.5, 10]},
			"faces": {
				"north": {"uv": [0.5, 15, 1, 15.5], "texture": "#potion"},
				"east": {"uv": [0.5, 15, 1, 15.5], "texture": "#potion"},
				"south": {"uv": [0.5, 15, 1, 15.5], "texture": "#potion"},
				"west": {"uv": [0.5, 15, 1, 15.5], "texture": "#potion"},
				"down": {"uv": [0.5, 15, 1, 15.5], "texture": "#potion"}
			}
		},
		{
			"from": [5.5, 5.5, 2],
			"to": [6, 6, 2.5],
			"rotation": {"angle": 0, "axis": "y", "origin": [13.5, 13.5, 10]},
			"faces": {
				"north": {"uv": [0.5, 12, 1, 12.5], "texture": "#potion"},
				"east": {"uv": [0.5, 12, 1, 12.5], "texture": "#potion"},
				"south": {"uv": [0.5, 12, 1, 12.5], "texture": "#potion"},
				"west": {"uv": [0.5, 12, 1, 12.5], "texture": "#potion"},
				"up": {"uv": [0.5, 12, 1, 12.5], "texture": "#potion"}
			}
		},
		{
			"from": [5.5, 5.5, 5.5],
			"to": [6, 6, 6],
			"rotation": {"angle": 0, "axis": "y", "origin": [13.5, 13.5, 13.5]},
			"faces": {
				"north": {"uv": [0.5, 12, 1, 12.5], "texture": "#potion"},
				"east": {"uv": [0.5, 12, 1, 12.5], "texture": "#potion"},
				"south": {"uv": [0.5, 12, 1, 12.5], "texture": "#potion"},
				"west": {"uv": [0.5, 12, 1, 12.5], "texture": "#potion"},
				"up": {"uv": [0.5, 12, 1, 12.5], "texture": "#potion"}
			}
		},
		{
			"from": [2, 2.5, 2],
			"to": [2.5, 3, 2.5],
			"rotation": {"angle": 0, "axis": "y", "origin": [10, 10.5, 10]},
			"faces": {
				"north": {"uv": [4, 15, 4.5, 15.5], "texture": "#potion"},
				"east": {"uv": [4, 15, 4.5, 15.5], "texture": "#potion"},
				"south": {"uv": [4, 15, 4.5, 15.5], "texture": "#potion"},
				"west": {"uv": [4, 15, 4.5, 15.5], "texture": "#potion"},
				"down": {"uv": [4, 15, 4.5, 15.5], "texture": "#potion"}
			}
		},
		{
			"from": [6, 5, 4],
			"to": [6.5, 5.5, 4.5],
			"rotation": {"angle": 0, "axis": "y", "origin": [14, 13, 12]},
			"faces": {
				"north": {"uv": [2, 12.5, 2.5, 13], "texture": "#potion"},
				"east": {"uv": [2, 12.5, 2.5, 13], "texture": "#potion"},
				"south": {"uv": [2, 12.5, 2.5, 13], "texture": "#potion"},
				"up": {"uv": [2, 12.5, 2.5, 13], "texture": "#potion"},
				"down": {"uv": [2, 12.5, 2.5, 13], "texture": "#potion"}
			}
		},
		{
			"from": [6, 4.5, 3.5],
			"to": [6.5, 5, 4],
			"rotation": {"angle": 0, "axis": "y", "origin": [14, 12.5, 11.5]},
			"faces": {
				"north": {"uv": [2.5, 13, 3, 13.5], "texture": "#potion"},
				"east": {"uv": [2.5, 13, 3, 13.5], "texture": "#potion"},
				"south": {"uv": [2.5, 13, 3, 13.5], "texture": "#potion"},
				"up": {"uv": [2.5, 13, 3, 13.5], "texture": "#potion"},
				"down": {"uv": [2.5, 13, 3, 13.5], "texture": "#potion"}
			}
		},
		{
			"from": [6, 4, 3],
			"to": [6.5, 4.5, 3.5],
			"rotation": {"angle": 0, "axis": "y", "origin": [14, 12, 11]},
			"faces": {
				"north": {"uv": [3, 13.5, 3.5, 14], "texture": "#potion"},
				"east": {"uv": [3, 13.5, 3.5, 14], "texture": "#potion"},
				"south": {"uv": [3, 13.5, 3.5, 14], "texture": "#potion"},
				"up": {"uv": [3, 13.5, 3.5, 14], "texture": "#potion"},
				"down": {"uv": [3, 13.5, 3.5, 14], "texture": "#potion"}
			}
		},
		{
			"from": [3.5, 5, 6],
			"to": [4, 5.5, 6.5],
			"rotation": {"angle": 0, "axis": "y", "origin": [11.5, 13, 14]},
			"faces": {
				"east": {"uv": [2, 12.5, 2.5, 13], "texture": "#potion"},
				"south": {"uv": [2, 12.5, 2.5, 13], "texture": "#potion"},
				"west": {"uv": [2, 12.5, 2.5, 13], "texture": "#potion"},
				"up": {"uv": [2, 12.5, 2.5, 13], "texture": "#potion"},
				"down": {"uv": [2, 12.5, 2.5, 13], "texture": "#potion"}
			}
		},
		{
			"from": [4, 4.5, 6],
			"to": [4.5, 5, 6.5],
			"rotation": {"angle": 0, "axis": "y", "origin": [12, 12.5, 14]},
			"faces": {
				"east": {"uv": [2.5, 13, 3, 13.5], "texture": "#potion"},
				"south": {"uv": [2.5, 13, 3, 13.5], "texture": "#potion"},
				"west": {"uv": [2.5, 13, 3, 13.5], "texture": "#potion"},
				"up": {"uv": [2.5, 13, 3, 13.5], "texture": "#potion"},
				"down": {"uv": [2.5, 13, 3, 13.5], "texture": "#potion"}
			}
		},
		{
			"from": [4.5, 4, 6],
			"to": [5, 4.5, 6.5],
			"rotation": {"angle": 0, "axis": "y", "origin": [12.5, 12, 14]},
			"faces": {
				"east": {"uv": [3, 13.5, 3.5, 14], "texture": "#potion"},
				"south": {"uv": [3, 13.5, 3.5, 14], "texture": "#potion"},
				"west": {"uv": [3, 13.5, 3.5, 14], "texture": "#potion"},
				"up": {"uv": [3, 13.5, 3.5, 14], "texture": "#potion"},
				"down": {"uv": [3, 13.5, 3.5, 14], "texture": "#potion"}
			}
		},
		{
			"from": [1.5, 5, 3.5],
			"to": [2, 5.5, 4],
			"rotation": {"angle": 0, "axis": "y", "origin": [9.5, 13, 11.5]},
			"faces": {
				"north": {"uv": [2, 12.5, 2.5, 13], "texture": "#potion"},
				"south": {"uv": [2, 12.5, 2.5, 13], "texture": "#potion"},
				"west": {"uv": [2, 12.5, 2.5, 13], "texture": "#potion"},
				"up": {"uv": [2, 12.5, 2.5, 13], "texture": "#potion"},
				"down": {"uv": [2, 12.5, 2.5, 13], "texture": "#potion"}
			}
		},
		{
			"from": [1.5, 4.5, 4],
			"to": [2, 5, 4.5],
			"rotation": {"angle": 0, "axis": "y", "origin": [9.5, 12.5, 12]},
			"faces": {
				"north": {"uv": [2.5, 13, 3, 13.5], "texture": "#potion"},
				"south": {"uv": [2.5, 13, 3, 13.5], "texture": "#potion"},
				"west": {"uv": [2.5, 13, 3, 13.5], "texture": "#potion"},
				"up": {"uv": [2.5, 13, 3, 13.5], "texture": "#potion"},
				"down": {"uv": [2.5, 13, 3, 13.5], "texture": "#potion"}
			}
		},
		{
			"from": [1.5, 4, 4.5],
			"to": [2, 4.5, 5],
			"rotation": {"angle": 0, "axis": "y", "origin": [9.5, 12, 12.5]},
			"faces": {
				"north": {"uv": [3, 13.5, 3.5, 14], "texture": "#potion"},
				"south": {"uv": [3, 13.5, 3.5, 14], "texture": "#potion"},
				"west": {"uv": [3, 13.5, 3.5, 14], "texture": "#potion"},
				"up": {"uv": [3, 13.5, 3.5, 14], "texture": "#potion"},
				"down": {"uv": [3, 13.5, 3.5, 14], "texture": "#potion"}
			}
		},
		{
			"from": [4, 5, 1.5],
			"to": [4.5, 5.5, 2],
			"rotation": {"angle": 0, "axis": "y", "origin": [12, 13, 9.5]},
			"faces": {
				"north": {"uv": [2, 12.5, 2.5, 13], "texture": "#potion"},
				"east": {"uv": [2, 12.5, 2.5, 13], "texture": "#potion"},
				"west": {"uv": [2, 12.5, 2.5, 13], "texture": "#potion"},
				"up": {"uv": [2, 12.5, 2.5, 13], "texture": "#potion"},
				"down": {"uv": [2, 12.5, 2.5, 13], "texture": "#potion"}
			}
		},
		{
			"from": [3.5, 4.5, 1.5],
			"to": [4, 5, 2],
			"rotation": {"angle": 0, "axis": "y", "origin": [11.5, 12.5, 9.5]},
			"faces": {
				"north": {"uv": [2.5, 13, 3, 13.5], "texture": "#potion"},
				"east": {"uv": [2.5, 13, 3, 13.5], "texture": "#potion"},
				"west": {"uv": [2.5, 13, 3, 13.5], "texture": "#potion"},
				"up": {"uv": [2.5, 13, 3, 13.5], "texture": "#potion"},
				"down": {"uv": [2.5, 13, 3, 13.5], "texture": "#potion"}
			}
		},
		{
			"from": [3, 4, 1.5],
			"to": [3.5, 4.5, 2],
			"rotation": {"angle": 0, "axis": "y", "origin": [11, 12, 9.5]},
			"faces": {
				"north": {"uv": [3, 13.5, 3.5, 14], "texture": "#potion"},
				"east": {"uv": [3, 13.5, 3.5, 14], "texture": "#potion"},
				"west": {"uv": [3, 13.5, 3.5, 14], "texture": "#potion"},
				"up": {"uv": [3, 13.5, 3.5, 14], "texture": "#potion"},
				"down": {"uv": [3, 13.5, 3.5, 14], "texture": "#potion"}
			}
		},
		{
			"from": [2, 5.5, 2],
			"to": [2.5, 6, 2.5],
			"rotation": {"angle": 0, "axis": "y", "origin": [10, 13.5, 10]},
			"faces": {
				"north": {"uv": [4, 12, 4.5, 12.5], "texture": "#potion"},
				"east": {"uv": [4, 12, 4.5, 12.5], "texture": "#potion"},
				"south": {"uv": [4, 12, 4.5, 12.5], "texture": "#potion"},
				"west": {"uv": [4, 12, 4.5, 12.5], "texture": "#potion"},
				"up": {"uv": [4, 12, 4.5, 12.5], "texture": "#potion"}
			}
		},
		{
			"from": [2, 5.5, 5.5],
			"to": [2.5, 6, 6],
			"rotation": {"angle": 0, "axis": "y", "origin": [10, 13.5, 13.5]},
			"faces": {
				"north": {"uv": [4, 12, 4.5, 12.5], "texture": "#potion"},
				"east": {"uv": [4, 12, 4.5, 12.5], "texture": "#potion"},
				"south": {"uv": [4, 12, 4.5, 12.5], "texture": "#potion"},
				"west": {"uv": [4, 12, 4.5, 12.5], "texture": "#potion"},
				"up": {"uv": [4, 12, 4.5, 12.5], "texture": "#potion"}
			}
		},
		{
			"from": [2.5, 6, 2.5],
			"to": [3, 6.5, 3],
			"rotation": {"angle": 0, "axis": "y", "origin": [10.5, 14, 10.5]},
			"faces": {
				"north": {"uv": [3.5, 11.5, 4, 12], "texture": "#potion"},
				"east": {"uv": [3.5, 11.5, 4, 12], "texture": "#potion"},
				"south": {"uv": [3.5, 11.5, 4, 12], "texture": "#potion"},
				"west": {"uv": [3.5, 11.5, 4, 12], "texture": "#potion"},
				"up": {"uv": [3.5, 11.5, 4, 12], "texture": "#potion"}
			}
		},
		{
			"from": [2.5, 6, 5],
			"to": [3, 6.5, 5.5],
			"rotation": {"angle": 0, "axis": "y", "origin": [10.5, 14, 13]},
			"faces": {
				"north": {"uv": [3.5, 11.5, 4, 12], "texture": "#potion"},
				"east": {"uv": [3.5, 11.5, 4, 12], "texture": "#potion"},
				"south": {"uv": [3.5, 11.5, 4, 12], "texture": "#potion"},
				"west": {"uv": [3.5, 11.5, 4, 12], "texture": "#potion"},
				"up": {"uv": [3.5, 11.5, 4, 12], "texture": "#potion"}
			}
		},
		{
			"from": [3, 6.5, 3],
			"to": [3.5, 8, 3.5],
			"rotation": {"angle": 0, "axis": "y", "origin": [11, 14.5, 11]},
			"faces": {
				"north": {"uv": [3, 10, 3.5, 11.5], "texture": "#potion"},
				"east": {"uv": [3, 10, 3.5, 11.5], "texture": "#potion"},
				"south": {"uv": [3, 10, 3.5, 11.5], "texture": "#potion"},
				"west": {"uv": [3, 10, 3.5, 11.5], "texture": "#potion"}
			}
		},
		{
			"from": [3, 6.5, 4.5],
			"to": [3.5, 8, 5],
			"rotation": {"angle": 0, "axis": "y", "origin": [11, 14.5, 12.5]},
			"faces": {
				"north": {"uv": [3, 10, 3.5, 11.5], "texture": "#potion"},
				"east": {"uv": [3, 10, 3.5, 11.5], "texture": "#potion"},
				"south": {"uv": [3, 10, 3.5, 11.5], "texture": "#potion"},
				"west": {"uv": [3, 10, 3.5, 11.5], "texture": "#potion"}
			}
		},
		{
			"from": [4.5, 6.5, 3],
			"to": [5, 8, 3.5],
			"rotation": {"angle": 0, "axis": "y", "origin": [12.5, 14.5, 11]},
			"faces": {
				"north": {"uv": [1.5, 10, 2, 11.5], "texture": "#potion"},
				"east": {"uv": [1.5, 10, 2, 11.5], "texture": "#potion"},
				"south": {"uv": [1.5, 10, 2, 11.5], "texture": "#potion"},
				"west": {"uv": [1.5, 10, 2, 11.5], "texture": "#potion"}
			}
		},
		{
			"from": [4.5, 6.5, 4.5],
			"to": [5, 8, 5],
			"rotation": {"angle": 0, "axis": "y", "origin": [12.5, 14.5, 12.5]},
			"faces": {
				"north": {"uv": [1.5, 10, 2, 11.5], "texture": "#potion"},
				"east": {"uv": [1.5, 10, 2, 11.5], "texture": "#potion"},
				"south": {"uv": [1.5, 10, 2, 11.5], "texture": "#potion"},
				"west": {"uv": [1.5, 10, 2, 11.5], "texture": "#potion"}
			}
		},
		{
			"from": [2.5, 8, 2.5],
			"to": [5.5, 8.5, 5.5],
			"rotation": {"angle": 0, "axis": "y", "origin": [13, 16, 10.5]},
			"faces": {
				"north": {"uv": [1, 9.5, 4, 10], "texture": "#potion"},
				"east": {"uv": [1, 9.5, 4, 10], "texture": "#potion"},
				"south": {"uv": [1, 9.5, 4, 10], "texture": "#potion"},
				"west": {"uv": [1, 9.5, 4, 10], "texture": "#potion"},
				"up": {"uv": [1, 9.5, 4, 10], "texture": "#potion"},
				"down": {"uv": [1, 9.5, 4, 10], "texture": "#potion"}
			}
		},
		{
			"from": [5, 6, 2.5],
			"to": [5.5, 6.5, 3],
			"rotation": {"angle": 0, "axis": "y", "origin": [13, 14, 10.5]},
			"faces": {
				"north": {"uv": [1, 11.5, 1.5, 12], "texture": "#potion"},
				"east": {"uv": [1, 11.5, 1.5, 12], "texture": "#potion"},
				"south": {"uv": [1, 11.5, 1.5, 12], "texture": "#potion"},
				"west": {"uv": [1, 11.5, 1.5, 12], "texture": "#potion"},
				"up": {"uv": [1, 11.5, 1.5, 12], "texture": "#potion"}
			}
		},
		{
			"from": [5, 6, 5],
			"to": [5.5, 6.5, 5.5],
			"rotation": {"angle": 0, "axis": "y", "origin": [13, 14, 13]},
			"faces": {
				"north": {"uv": [1, 11.5, 1.5, 12], "texture": "#potion"},
				"east": {"uv": [1, 11.5, 1.5, 12], "texture": "#potion"},
				"south": {"uv": [1, 11.5, 1.5, 12], "texture": "#potion"},
				"west": {"uv": [1, 11.5, 1.5, 12], "texture": "#potion"},
				"up": {"uv": [1, 11.5, 1.5, 12], "texture": "#potion"}
			}
		},
		{
			"from": [1.5, 3, 1.5],
			"to": [2, 5.5, 2],
			"rotation": {"angle": 0, "axis": "y", "origin": [9.5, 11, 9.5]},
			"faces": {
				"north": {"uv": [4.5, 12.5, 5, 15], "texture": "#potion"},
				"east": {"uv": [4.5, 12.5, 5, 15], "texture": "#potion"},
				"south": {"uv": [4.5, 12.5, 5, 15], "texture": "#potion"},
				"west": {"uv": [4.5, 12.5, 5, 15], "texture": "#potion"},
				"up": {"uv": [4.5, 12.5, 5, 13], "texture": "#potion"},
				"down": {"uv": [4.5, 14.5, 5, 15], "texture": "#potion"}
			}
		},
		{
			"from": [1.5, 3, 6],
			"to": [2, 5.5, 6.5],
			"rotation": {"angle": 0, "axis": "y", "origin": [9.5, 11, 14]},
			"faces": {
				"north": {"uv": [4.5, 12.5, 5, 15], "texture": "#potion"},
				"east": {"uv": [4.5, 12.5, 5, 15], "texture": "#potion"},
				"south": {"uv": [4.5, 12.5, 5, 15], "texture": "#potion"},
				"west": {"uv": [4.5, 12.5, 5, 15], "texture": "#potion"},
				"up": {"uv": [4.5, 12.5, 5, 13], "texture": "#potion"},
				"down": {"uv": [4.5, 14.5, 5, 15], "texture": "#potion"}
			}
		},
		{
			"from": [6, 3, 1.5],
			"to": [6.5, 5.5, 2],
			"rotation": {"angle": 0, "axis": "y", "origin": [14, 11, 9.5]},
			"faces": {
				"north": {"uv": [0, 12.5, 0.5, 15], "texture": "#potion"},
				"east": {"uv": [0, 12.5, 0.5, 15], "texture": "#potion"},
				"south": {"uv": [0, 12.5, 0.5, 15], "texture": "#potion"},
				"west": {"uv": [0, 12.5, 0.5, 15], "texture": "#potion"},
				"up": {"uv": [0, 12.5, 0.5, 13], "texture": "#potion"},
				"down": {"uv": [0, 14.5, 0.5, 15], "texture": "#potion"}
			}
		},
		{
			"from": [6, 3, 6],
			"to": [6.5, 5.5, 6.5],
			"rotation": {"angle": 0, "axis": "y", "origin": [14, 11, 14]},
			"faces": {
				"north": {"uv": [0, 12.5, 0.5, 15], "texture": "#potion"},
				"east": {"uv": [0, 12.5, 0.5, 15], "texture": "#potion"},
				"south": {"uv": [0, 12.5, 0.5, 15], "texture": "#potion"},
				"west": {"uv": [0, 12.5, 0.5, 15], "texture": "#potion"},
				"up": {"uv": [0, 12.5, 0.5, 13], "texture": "#potion"},
				"down": {"uv": [0, 14.5, 0.5, 15], "texture": "#potion"}
			}
		}
	]
}