{
	"__comment": "Designed by Nekzuris",
	"ambientocclusion": false,
	"textures": {
		"texture": "blocks/brewing_stand"
	},
	"elements": [
		{
			"from": [9, 12.5, 7.5],
			"to": [11, 13.5, 8.5],
			"rotation": {"angle": 0, "axis": "y", "origin": [7.5, 9.5, 8]},
			"faces": {
				"north": {"uv": [11, 2.5, 9, 3.5], "texture": "#texture"},
				"south": {"uv": [7, 2.5, 5, 3.5], "texture": "#texture"},
				"up": {"uv": [11, 2.5, 9, 3], "texture": "#texture"},
				"down": {"uv": [9, 3, 11, 3.5], "texture": "#texture"}
			}
		},
		{
			"from": [10.5, 13.5, 7.5],
			"to": [11, 14, 8.5],
			"rotation": {"angle": 0, "axis": "y", "origin": [7.5, 10.5, 8]},
			"faces": {
				"north": {"uv": [11, 2, 10.5, 2.5], "texture": "#texture"},
				"south": {"uv": [11, 2, 10.5, 2.5], "texture": "#texture"},
				"west": {"uv": [11, 2, 10.5, 2.5], "texture": "#texture"},
				"up": {"uv": [11, 2, 10.5, 2.5], "texture": "#texture"}
			}
		},
		{
			"from": [9, 12, 7.5],
			"to": [9.5, 12.5, 8.5],
			"rotation": {"angle": 0, "axis": "y", "origin": [6, 9, 8]},
			"faces": {
				"north": {"uv": [9.5, 3.5, 9, 4], "texture": "#texture"},
				"east": {"uv": [9.5, 3.5, 9, 4], "texture": "#texture"},
				"south": {"uv": [9.5, 3.5, 9, 4], "texture": "#texture"},
				"up": {"uv": [9.5, 3.5, 9, 4], "texture": "#texture"}
			}
		},
		{
			"from": [11.5, 14.5, 7.5],
			"to": [12, 16, 8.5],
			"rotation": {"angle": 0, "axis": "y", "origin": [8.5, 11.5, 8]},
			"faces": {
				"north": {"uv": [12, 0, 11.5, 1.5], "texture": "#texture"},
				"east": {"uv": [12, 0, 11.5, 1.5], "texture": "#texture"},
				"south": {"uv": [12, 0, 11.5, 1.5], "texture": "#texture"},
				"west": {"uv": [12, 0, 11.5, 1.5], "texture": "#texture"},
				"up": {"uv": [12, 0, 11.5, 1.5], "texture": "#texture"}
			}
		},
		{
			"from": [12, 11, 7.5],
			"to": [12.5, 12.5, 8.5],
			"rotation": {"angle": 0, "axis": "y", "origin": [9, 8, 8]},
			"faces": {
				"north": {"uv": [12.5, 3.5, 12, 5], "texture": "#texture"},
				"east": {"uv": [12.5, 3.5, 12, 5], "texture": "#texture"},
				"south": {"uv": [12.5, 3.5, 12, 5], "texture": "#texture"},
				"up": {"uv": [12.5, 3.5, 12, 5], "texture": "#texture"},
				"down": {"uv": [12.5, 3.5, 12, 5], "texture": "#texture"}
			}
		},
		{
			"from": [11.5, 7.5, 7.5],
			"to": [12, 8, 8.5],
			"rotation": {"angle": 0, "axis": "y", "origin": [8.5, 4.5, 8]},
			"faces": {
				"north": {"uv": [12, 8, 11.5, 8.5], "texture": "#texture"},
				"east": {"uv": [12, 8, 11.5, 8.5], "texture": "#texture"},
				"south": {"uv": [12, 8, 11.5, 8.5], "texture": "#texture"},
				"west": {"uv": [12, 8, 11.5, 8.5], "texture": "#texture"},
				"down": {"uv": [12, 8, 11.5, 8.5], "texture": "#texture"}
			}
		},
		{
			"from": [11, 8, 7.5],
			"to": [12, 14.5, 8.5],
			"rotation": {"angle": 0, "axis": "y", "origin": [9.5, 9.5, 8]},
			"faces": {
				"north": {"uv": [12, 1.5, 11, 8], "texture": "#texture"},
				"east": {"uv": [12, 1.5, 11.5, 8], "texture": "#texture"},
				"south": {"uv": [11, 1.5, 12, 8], "texture": "#texture"},
				"west": {"uv": [11.5, 1.5, 11, 8], "texture": "#texture"},
				"up": {"uv": [11, 1.5, 12, 2.5], "texture": "#texture"},
				"down": {"uv": [12, 7.5, 11, 8], "texture": "#texture"}
			}
		}
	]
}