{
"__comment": "3D Mesh designed with BDcraft Cubik - Version PRO 0.65 Beta",
"textures": {
    "particle": "blocks/mushroom_red",
    "texture": "blocks/mushroom_red"
},
"elements": [ 
{
    "from": [ 6, 5.5, 6 ],
    "to": [ 10, 6, 10 ],
    "faces": {
        "up":    { "uv": [ 6, 10, 10, 14 ], "texture": "#texture", "cullface": "" },
        "north": { "uv": [ 10, 10, 6, 10.5 ], "texture": "#texture", "cullface": "" },
        "south": { "uv": [ 6, 10, 10, 10.5 ], "texture": "#texture", "cullface": "" },
        "west":  { "uv": [ 6, 10, 10, 10.5 ], "texture": "#texture", "cullface": "" },
        "east":  { "uv": [ 10, 10, 6, 10.5 ], "texture": "#texture", "cullface": "" }
    }
},
{
    "from": [ 5.5, 5, 5.5 ],
    "to": [ 10.5, 5.5, 10.5 ],
    "faces": {
        "up":    { "uv": [ 5.5, 10.5, 10.5, 14.5 ], "texture": "#texture", "cullface": "" },
        "north": { "uv": [ 10.5, 10.5, 5.5, 11 ], "texture": "#texture", "cullface": "" },
        "south": { "uv": [ 5.5, 10.5, 10.5, 11 ], "texture": "#texture", "cullface": "" },
        "west":  { "uv": [ 5.5, 10.5, 10.5, 11 ], "texture": "#texture", "cullface": "" },
        "east":  { "uv": [ 10.5, 10.5, 5.5, 11 ], "texture": "#texture", "cullface": "" }
    }
},
{
    "from": [ 5, 4.5, 5 ],
    "to": [ 11, 5, 11 ],
    "faces": {
        "up":    { "uv": [ 6, 10, 10, 15 ], "texture": "#texture", "cullface": "" },
        "north": { "uv": [ 11, 11, 5, 11.5 ], "texture": "#texture", "cullface": "" },
        "south": { "uv": [ 5, 11, 11, 11.5 ], "texture": "#texture", "cullface": "" },
        "west":  { "uv": [ 5, 11, 11, 11.5 ], "texture": "#texture", "cullface": "" },
        "east":  { "uv": [ 11, 11, 5, 11.5 ], "texture": "#texture", "cullface": "" }
    }
},
{
    "from": [ 4.5, 4, 4.5 ],
    "to": [ 11.5, 4.5, 11.5 ],
    "faces": {
        "up":    { "uv": [ 5.5, 10.5, 10.5, 14.5 ], "texture": "#texture", "cullface": "" },
        "north": { "uv": [ 11.5, 11.5, 4.5, 12 ], "texture": "#texture", "cullface": "" },
        "south": { "uv": [ 4.5, 11.5, 11.5, 12 ], "texture": "#texture", "cullface": "" },
        "west":  { "uv": [ 4.5, 11.5, 11.5, 12 ], "texture": "#texture", "cullface": "" },
        "east":  { "uv": [ 11.5, 11.5, 4.5, 12 ], "texture": "#texture", "cullface": "" }
    }
},
{
    "from": [ 4, 3, 4 ],
    "to": [ 12, 4, 12 ],
    "faces": {
        "up":    { "uv": [ 5, 11, 10, 15 ], "texture": "#texture", "cullface": "" },
        "north": { "uv": [ 12, 12, 4, 13 ], "texture": "#texture", "cullface": "" },
        "south": { "uv": [ 4, 12, 12, 13 ], "texture": "#texture", "cullface": "" },
        "west":  { "uv": [ 4, 12, 12, 13 ], "texture": "#texture", "cullface": "" },
        "east":  { "uv": [ 12, 12, 4, 13 ], "texture": "#texture", "cullface": "" }
    }
},
{
    "from": [ 4, 2.5, 4 ],
    "to": [ 12, 3, 12 ],
    "faces": {
        "down":  { "uv": [ 6, 11, 11, 15 ], "texture": "#texture", "cullface": "" },
        "north": { "uv": [ 12, 13, 4, 13.5 ], "texture": "#texture", "cullface": "" },
        "south": { "uv": [ 4, 13, 12, 13.5 ], "texture": "#texture", "cullface": "" },
        "west":  { "uv": [ 4, 13, 12, 13.5 ], "texture": "#texture", "cullface": "" },
        "east":  { "uv": [ 12, 13, 4, 13.5 ], "texture": "#texture", "cullface": "" }
    }
},
{
    "from": [ 4.5, 2, 4.5 ],
    "to": [ 11.5, 2.5, 11.5 ],
    "faces": {
        "down":  { "uv": [ 5.5, 10.5, 10.5, 14.5 ], "texture": "#texture", "cullface": "" },
        "north": { "uv": [ 11.5, 13.5, 4.5, 14 ], "texture": "#texture", "cullface": "" },
        "south": { "uv": [ 4.5, 13.5, 11.5, 14 ], "texture": "#texture", "cullface": "" },
        "west":  { "uv": [ 4.5, 13.5, 11.5, 14 ], "texture": "#texture", "cullface": "" },
        "east":  { "uv": [ 11.5, 13.5, 4.5, 14 ], "texture": "#texture", "cullface": "" }
    }
},
{
    "from": [ 5, 1.5, 5 ],
    "to": [ 11, 2, 11 ],
    "faces": {
        "down":  { "uv": [ 5, 5, 11, 11 ], "texture": "#texture", "cullface": "" },
        "north": { "uv": [ 11, 14, 5, 14.5 ], "texture": "#texture", "cullface": "" },
        "south": { "uv": [ 5, 14, 11, 14.5 ], "texture": "#texture", "cullface": "" },
        "west":  { "uv": [ 5, 14, 11, 14.5 ], "texture": "#texture", "cullface": "" },
        "east":  { "uv": [ 11, 14, 5, 14.5 ], "texture": "#texture", "cullface": "" }
    }
},
{
    "from": [ 5.5, 1, 5.5 ],
    "to": [ 10.5, 1.5, 10.5 ],
    "faces": {
        "down":  { "uv": [ 5.5, 10.5, 10.5, 14.5 ], "texture": "#texture", "cullface": "" },
        "north": { "uv": [ 10.5, 14, 5.5, 15 ], "texture": "#texture", "cullface": "" },
        "south": { "uv": [ 5.5, 14, 10.5, 15 ], "texture": "#texture", "cullface": "" },
        "west":  { "uv": [ 5.5, 14, 10.5, 15 ], "texture": "#texture", "cullface": "" },
        "east":  { "uv": [ 10.5, 14, 5.5, 15 ], "texture": "#texture", "cullface": "" }
    }
},
{
    "from": [ 7, 0, 7 ],
    "to": [ 9, 1, 9 ],
    "faces": {
        "down":  { "uv": [ 7, 15, 9, 16 ], "texture": "#texture", "cullface": "" },
        "north": { "uv": [ 9, 15, 7, 16 ], "texture": "#texture", "cullface": "" },
        "south": { "uv": [ 7, 15, 9, 16 ], "texture": "#texture", "cullface": "" },
        "west":  { "uv": [ 7, 15, 9, 16 ], "texture": "#texture", "cullface": "" },
        "east":  { "uv": [ 9, 15, 7, 16 ], "texture": "#texture", "cullface": "" }
    }
}
]
}