{
    "__createdwith": "opl's Model Creator",
    "ambientocclusion": false,
    "textures": {
        "side": "blocks/crafting_table_side",
        "top": "blocks/crafting_table_top",
        "bottom": "blocks/planks_oak",
        "particle": "blocks/crafting_table_front",
        "front": "blocks/crafting_table_front"
    },
    "display": {
        "gui": {
            "rotation": [ 30, 225, 0 ],
            "translation": [ 0, 0, 0 ],
            "scale": [ 0.625, 0.625, 0.625 ]
        },
        "ground": {
            "rotation": [ 0, 0, 0 ],
            "translation": [ 0, 3, 0 ],
            "scale": [ 0.25, 0.25, 0.25 ]
        },
        "fixed": {
            "rotation": [ 0, 0, 0 ],
            "translation": [ 0, 0, 0 ],
            "scale": [ 0.5, 0.5, 0.5 ]
        },
        "thirdperson_righthand": {
            "rotation": [ 75, 45, 0 ],
            "translation": [ 0, 2.5, 0 ],
            "scale": [ 0.375, 0.375, 0.375 ]
        },
        "thirdperson_lefthand": {
            "rotation": [ 75, 45, 0 ],
            "translation": [ 0, 2.5, 0 ],
            "scale": [ 0.375, 0.375, 0.375 ]
        },
        "firstperson_righthand": {
            "rotation": [ 0, 45, 0 ],
            "translation": [ 0, 0, 0 ],
            "scale": [ 0.4, 0.4, 0.4 ]
        },
        "firstperson_lefthand": {
            "rotation": [ 0, 45, 0 ],
            "translation": [ 0, 0, 0 ],
            "scale": [ 0.4, 0.4, 0.4 ]
        }
    },
    "elements": [
        {
            "from": [3.25,14,3.25],
            "to": [12.75,15,12.75],
            "faces": {
                "up": {
                    "texture": "#top"
                }
            }
        },
        {
            "from": [0,0,0],
            "to": [3.25,16,16],
            "faces": {
                "up": {
                    "texture": "#top"
                },
                "down": {
                    "texture": "#bottom"
                },
                "west": {
                    "texture": "#side"
                },
                "east": {
                    "uv": [3,3.25,3.25,12.75],
                    "texture": "#top"
                },
                "north": {
                    "uv": [13,0,16,16],
                    "texture": "#front"
                },
                "south": {
                    "texture": "#front"
                }
            }
        },
        {
            "from": [12.75,0,0],
            "to": [16,16,16],
            "faces": {
                "up": {
                    "texture": "#top"
                },
                "down": {
                    "texture": "#bottom"
                },
                "west": {
                    "uv": [12.75,3.25,13,12.75],
                    "texture": "#top"
                },
                "east": {
                    "texture": "#side"
                },
                "north": {
                    "uv": [0,0,3.5,16],
                    "texture": "#front"
                },
                "south": {
                    "texture": "#front"
                }
            }
        },
        {
            "from": [3.25,0,12.75],
            "to": [12.75,16,16],
            "faces": {
                "up": {
                    "texture": "#top"
                },
                "down": {
                    "uv": [3,0,12.5,3.5],
                    "texture": "#bottom"
                },
                "north": {
                    "uv": [3.25,12.75,12.75,13],
                    "texture": "#top"
                },
                "south": {
                    "texture": "#front"
                }
            }
        },
        {
            "from": [3.25,0,0],
            "to": [12.75,16,3.25],
            "faces": {
                "up": {
                    "texture": "#top"
                },
                "down": {
                    "uv": [2.875,13,12.375,16],
                    "texture": "#bottom"
                },
                "north": {
                    "texture": "#front"
                },
                "south": {
                    "uv": [3.25,3,12.75,3.25],
                    "texture": "#top"
                }
            }
        },
        {
            "from": [3.25,0,3.25],
            "to": [12.75,1.5,12.75],
            "faces": {
                "down": {
                    "texture": "#bottom"
                }
            }
        },
        {
            "from": [6.25,15,3.25],
            "to": [6.75,15.5,12.75],
            "faces": {
                "up": {
                    "texture": "#top"
                },
                "west": {
                    "uv": [6.25,3.25,6.75,12.75],
                    "texture": "#top",
                    "rotation": 270
                },
                "east": {
                    "uv": [6.25,3.25,6.75,12.75],
                    "texture": "#top",
                    "rotation": 90
                }
            }
        },
        {
            "from": [9.25,15,3.25],
            "to": [9.75,15.5,12.75],
            "faces": {
                "up": {
                    "texture": "#top"
                },
                "west": {
                    "uv": [9.25,3.25,9.75,12.75],
                    "texture": "#top"
                },
                "east": {
                    "uv": [9.25,3.25,9.75,12.75],
                    "texture": "#top",
                    "rotation": 90
                }
            }
        },
        {
            "from": [3.25,15,6.25],
            "to": [12.75,15.5,6.75],
            "faces": {
                "up": {
                    "texture": "#top"
                },
                "north": {
                    "uv": [3.25,6.25,12.75,6.75],
                    "texture": "#top"
                },
                "south": {
                    "uv": [3.25,6.25,12.75,6.75],
                    "texture": "#top"
                }
            }
        },
        {
            "from": [3.25,15,9.25],
            "to": [12.75,15.5,9.75],
            "faces": {
                "up": {
                    "texture": "#top"
                },
                "north": {
                    "uv": [3.25,9.25,12.75,9.75],
                    "texture": "#top"
                },
                "south": {
                    "uv": [3.25,9.25,12.75,9.75],
                    "texture": "#top"
                }
            }
        },
        {
            "from": [12.25,15,3.25],
            "to": [12.75,15.5,12.75],
            "faces": {
                "up": {
                    "texture": "#top"
                },
                "west": {
                    "uv": [12.25,3.25,12.75,12.75],
                    "texture": "#top",
                    "rotation": 270
                },
                "east": {
                    "uv": [3,6,12.5,6.5],
                    "texture": "#top"
                }
            }
        },
        {
            "from": [3.25,15,3.25],
            "to": [3.75,15.5,12.75],
            "faces": {
                "up": {
                    "texture": "#top"
                },
                "west": {
                    "uv": [3,6,12.5,6.5],
                    "texture": "#top"
                },
                "east": {
                    "uv": [3.25,3.25,3.75,12.75],
                    "texture": "#top",
                    "rotation": 90
                }
            }
        },
        {
            "from": [3.25,15,3.25],
            "to": [12.75,15.5,3.75],
            "faces": {
                "up": {
                    "texture": "#top"
                },
                "north": {
                    "uv": [3,6,12.5,6.5],
                    "texture": "#top"
                },
                "south": {
                    "uv": [3.25,3.25,12.75,3.75],
                    "texture": "#top"
                }
            }
        },
        {
            "from": [3.25,15,12.25],
            "to": [12.75,15.5,12.75],
            "faces": {
                "up": {
                    "texture": "#top"
                },
                "north": {
                    "uv": [3.25,12.25,12.75,12.75],
                    "texture": "#top"
                },
                "south": {
                    "uv": [3,9,12.5,9.5],
                    "texture": "#top"
                }
            }
        }
    ]
}
